week,date,next_date,market_outlook,top_picks,avoid,cash_pct,week_return_pct,week_pnl,spy_return_pct,total_invested,portfolio_value,total_pnl,spy_value,spy_total_pnl,reasoning,AAPL_weight,AAPL_pnl,NVDA_weight,NVDA_pnl,META_weight,META_pnl,JPM_weight,JPM_pnl,TSLA_weight,TSLA_pnl,MSFT_weight,MSFT_pnl,AMZN_weight,AMZN_pnl,GOOGL_weight,GOOGL_pnl,AVGO_weight,AVGO_pnl,LLY_weight,LLY_pnl
1,2018-01-02,2018-01-09,neutral,"GOOGL, MSFT, JPM","TSLA, LLY",20.0,2.87,287.22,2.15,10000.0,10287.22,287.22,10214.68,214.68,"Portfolio leans toward stocks with strong multi-timeframe uptrends, positive EMA alignment, and relatively supportive volume/OBV, while discounting names showing bearish MACD deterioration, overbought extension, or weak trend confirmation. GOOGL, MSFT, JPM, AAPL, and META offer the best balance of trend quality and manageable volatility for a 1-week horizon, while TSLA and LLY are avoided due to weaker technical structure; a meaningful cash buffer is kept because several leaders are extended near upper Bollinger bands.",11.0,13.22,7.0,79.32,10.0,35.55,12.0,18.54,0.0,0.0,12.0,31.69,9.0,48.21,16.0,59.01,3.0,1.67,0.0,0.0
2,2018-01-09,2018-01-17,bullish,"GOOGL, AMZN, AAPL","TSLA, LLY",10.0,1.36,275.1,1.85,20000.0,20562.32,562.32,20587.99,587.99,"The portfolio leans bullish because most names show strong trend structure with 4/4 EMA alignment, positive MACD, golden crosses, and generally supportive ADX readings. I am emphasizing GOOGL, AMZN, AAPL, MSFT, and JPM for the best mix of trend strength and relatively cleaner setups, while trimming exposure to the most extended overbought names and keeping 10% in cash for risk control over a short 1-week horizon. TSLA and LLY receive minimal weights due to weaker confirmation, mixed trend quality, and less attractive volume/OBV support.",12.0,66.61,8.0,20.33,8.0,-88.72,10.0,73.3,3.0,24.57,10.0,44.15,12.0,82.2,14.0,67.15,8.0,-16.26,5.0,1.77
3,2018-01-17,2018-01-24,bullish,"JPM, MSFT, GOOGL","META, AVGO",15.0,1.41,431.36,1.28,30000.0,30993.68,993.68,30978.53,978.53,"The portfolio leans into names with strong trend confirmation, bullish MACD, solid ADX, and supportive volume/OBV, especially JPM, MSFT, GOOGL, AAPL, and AMZN. I am trimming exposure where momentum looks stretched near upper Bollinger bands or overbought readings, and avoiding META and AVGO due to weaker/bearish trend structure and poor confirmation. A 15% cash buffer is appropriate for a 1-week horizon given elevated momentum extremes across many leaders.",12.0,-99.93,8.0,120.55,0.0,0.0,14.0,101.49,6.0,-6.71,13.0,74.05,12.0,177.03,13.0,112.28,0.0,0.0,7.0,-47.4
4,2018-01-24,2018-01-31,bullish,"AMZN, GOOGL, NVDA","AVGO, LLY, AAPL",24.0,1.88,771.18,-0.45,40000.0,41764.87,1764.87,40793.31,793.31,"The strongest 1-week setups are the stocks with 4/4 EMA alignment, bullish MACD, strong ADX, and supportive volume/OBV trends, led by AMZN, GOOGL, NVDA, and META. I am tempering exposure with a sizable cash buffer because several leaders are already overbought near upper Bollinger Bands, which raises short-horizon pullback risk; AVGO and LLY are avoided due to bearish MACD, weak trend structure, and negative volume confirmation, while AAPL gets only a small weight because its trend is mixed and momentum is soft.",3.0,-47.93,12.0,208.62,11.0,8.22,8.0,0.0,9.0,89.81,9.0,128.18,12.0,338.38,12.0,45.9,0.0,0.0,0.0,0.0
5,2018-01-31,2018-02-07,neutral,"JPM, GOOGL, MSFT","AAPL, AVGO, LLY",30.0,-3.57,-1848.09,-5.05,50000.0,49916.77,-83.23,48229.31,-1770.69,"I favor the strongest trend-following names with bullish EMA alignment, positive MACD, strong ADX, and supportive OBV/volume, while trimming positions where momentum looks stretched. AAPL, AVGO, and LLY show the weakest near-term technical setups with bearish MACD and poor trend structure, so I avoid them; elevated overbought readings across several leaders justify a sizable cash buffer for risk control over the 1-week horizon.",0.0,0.0,10.0,-358.02,8.0,-148.68,12.0,-150.37,8.0,-108.82,10.0,-294.21,10.0,-121.7,12.0,-666.3,0.0,0.0,0.0,0.0
6,2018-02-07,2018-02-14,bearish,"AMZN, JPM, NVDA","AAPL, LLY, AVGO",30.0,1.04,620.82,0.72,60000.0,60537.6,537.6,58647.0,-1353.0,"I am positioning defensively with a large cash buffer because many names show bearish MACD readings and strong downside ADX pressure, suggesting weak short-term market breadth. AMZN has the strongest trend structure and relative strength, while JPM, NVDA, TSLA, and MSFT retain enough positive trend and volume support to justify selective exposure; I am avoiding names with broken trend alignment, weak OBV, and strong downside momentum despite oversold conditions.",0.0,0.0,12.0,396.58,0.0,0.0,16.0,183.46,10.0,-394.06,8.0,87.01,24.0,347.83,0.0,0.0,0.0,0.0,0.0,0.0
7,2018-02-14,2018-02-22,neutral,"AMZN, NVDA, MSFT","TSLA, META, LLY",35.0,0.81,572.2,0.3,70000.0,71109.79,1109.79,68853.25,-1146.75,"For a 1-week horizon, I favor names with strong medium-term trend structure, positive breadth, and supportive volume/OBV while avoiding setups with clearly negative MACD, weak EMA alignment, or strong downside ADX pressure. AMZN, NVDA, JPM, and MSFT have the best balance of trend strength and acceptable momentum, while AAPL is a smaller tactical position due to mixed but stabilizing signals; elevated cash reflects broad short-term indicator deterioration across several mega-cap names and helps preserve risk-adjusted returns.",8.0,172.96,14.0,36.02,0.0,0.0,12.0,-3.68,0.0,0.0,12.0,85.75,16.0,266.7,0.0,0.0,3.0,14.44,0.0,0.0
8,2018-02-22,2018-03-01,neutral,"AMZN, GOOGL, JPM","META, LLY",15.0,-1.31,-1061.98,-1.0,80000.0,80047.82,47.82,78065.9,-1934.1,"I favor stocks with strong trend structure, bullish MACD, positive EMA/SMA alignment, and at least some volume/OBV support. AMZN, GOOGL, JPM, NVDA, MSFT, AAPL, and TSLA have the best near-term technical setups, while META and LLY show weaker trend profiles and are avoided; some cash is retained because several leaders are short-term overbought and volume confirmation is mixed.",10.0,117.55,12.0,-399.54,0.0,0.0,12.0,-131.21,10.0,-357.08,10.0,99.03,14.0,62.0,14.0,-393.79,3.0,-58.94,0.0,0.0
9,2018-03-01,2018-03-08,neutral,"MSFT, AMZN, AAPL","META, LLY, AVGO",40.0,1.36,1221.15,2.39,90000.0,91268.97,1268.97,90171.31,171.31,"For a 1-week horizon, I favor the clearest bullish trend setups with strong EMA alignment and positive MACD: MSFT, AMZN, and AAPL. Most other names show mixed-to-bearish trend structure, weak OBV, or negative directional strength, so I keep a large cash buffer to improve risk-adjusted returns and avoid forcing exposure in low-conviction setups.",18.0,179.68,0.0,0.0,0.0,0.0,0.0,0.0,0.0,0.0,22.0,337.1,20.0,704.37,0.0,0.0,0.0,0.0,0.0,0.0
10,2018-03-08,2018-03-15,neutral,"MSFT, GOOGL, AAPL","TSLA, AVGO",30.0,0.73,742.17,0.33,100000.0,102011.14,2011.14,100500.21,500.21,"I favor stocks with strong multi-timeframe uptrends, bullish MACD structure, and supportive OBV trends, while discounting names showing weak volume confirmation, bearish trend strength, or overextended/fragile setups. MSFT, GOOGL, and AAPL offer the best balance of trend quality and manageable momentum, while elevated cash reflects mixed breadth, several low-ADX or conflicting signals, and a short 1-week horizon that argues for selectivity.",12.0,117.44,4.0,137.05,8.0,67.54,5.0,22.07,0.0,0.0,16.0,-42.89,8.0,159.02,15.0,285.55,0.0,0.0,2.0,-3.59
11,2018-03-15,2018-03-22,neutral,"AMZN, GOOGL, AAPL","TSLA, LLY",20.0,-4.35,-4877.66,-3.74,110000.0,107133.48,-2866.52,106371.95,-3628.05,"I favor stocks with strong trend structure, bullish MACD, solid ADX, and at least some volume/OBV confirmation. AMZN, GOOGL, AAPL, and NVDA have the best combination of trend strength and momentum, while AVGO is attractive but sized smaller due to stretched overbought conditions and unusual EMA alignment. I am underweight or avoiding names with bearish MACD, weak trend confirmation, or deteriorating structure such as TSLA and LLY, and I keep a meaningful cash buffer given mixed volume confirmation and short one-week horizon.",13.0,-798.78,11.0,-370.12,4.0,-462.28,4.0,-205.67,0.0,0.0,8.0,-417.69,16.0,-423.6,15.0,-1423.15,9.0,-776.37,0.0,0.0
12,2018-03-22,2018-03-29,neutral,"AMZN, NVDA, LLY","META, TSLA, AVGO",25.0,-2.47,-2888.94,-0.2,120000.0,114244.54,-5755.46,116142.44,-3857.56,"For a 1-week horizon, I favor relative strength and trend persistence while respecting the broad weakness visible across many names. AMZN stands out as the only clear technical leader with 4/4 EMA alignment and positive medium-term trend, while NVDA offers comparatively balanced momentum and LLY has an early MACD improvement that could support a short-term bounce. I am keeping a large cash buffer because most stocks show bearish MACD, weak OBV, and oversold conditions that can either mean rebound potential or continued downside, so risk-adjusted opportunity is only moderate.",6.0,-44.53,12.0,-596.3,0.0,0.0,5.0,1.07,0.0,0.0,7.0,135.15,32.0,-2367.48,6.0,-106.84,0.0,0.0,7.0,90.0
13,2018-03-29,2018-04-06,bearish,"MSFT, LLY, AAPL","TSLA, META, GOOGL",45.0,-0.93,-1158.0,-1.3,130000.0,123086.54,-6913.46,124498.24,-5501.76,"The technical backdrop is broadly weak across the universe, with most names showing bearish MACD, negative/weak EMA alignment, and prices near lower Bollinger Bands, so a defensive stance is warranted. I favor relatively higher-quality, lower-volatility names with less severe trend damage and some support from long-term structure or OBV, namely MSFT, LLY, AAPL, and JPM, while keeping substantial cash due to poor short-horizon risk/reward. I am avoiding the strongest downtrends with high volatility and weak confirmation, especially TSLA and META, and also skipping GOOGL given strong ADX-backed downside pressure.",8.0,35.54,6.0,-558.16,0.0,0.0,8.0,-29.54,0.0,0.0,14.0,-198.2,6.0,-216.89,0.0,0.0,3.0,-107.24,10.0,-83.51
14,2018-04-06,2018-04-13,neutral,"TSLA, MSFT, LLY","META, AVGO, NVDA",25.0,2.03,2707.89,2.09,140000.0,135794.43,-4205.57,137310.22,-2689.78,"Overall setup is cautious to neutral because most names show bearish MACD and weak short-term trend positioning, so I am keeping a sizable cash buffer. I favor relatively better risk-adjusted rebound candidates and more stable names where momentum is less damaged or showing early improvement, notably TSLA on positive MACD histogram and strong ADX, MSFT for comparatively resilient trend structure, JPM for lower-volatility exposure, and LLY for improving momentum despite weak trend. I am avoiding the weakest technical profiles with strong downtrends and poor confirmation, especially META and AVGO.",8.0,401.52,6.0,642.92,0.0,0.0,10.0,147.62,14.0,64.74,12.0,504.44,8.0,193.66,6.0,206.28,0.0,0.0,11.0,546.72
15,2018-04-13,2018-04-20,neutral,"MSFT, AAPL, AVGO","META, TSLA, AMZN",20.0,-0.71,-1035.29,0.55,150000.0,144759.15,-5240.85,148121.34,-1878.66,"I favor names with the best near-term technical balance of trend support, improving MACD, and constructive OBV, while avoiding those with clearly negative intermediate trend structure or bearish momentum. MSFT and AAPL have the cleanest bullish trend setups, while AVGO and LLY offer selective upside with manageable volatility; elevated cash reflects mixed signals across the broader list and a short 1-week horizon.",18.0,-1353.23,8.0,-140.57,0.0,0.0,6.0,92.79,0.0,0.0,20.0,601.47,0.0,0.0,8.0,464.72,10.0,-579.78,10.0,-120.7
16,2018-04-20,2018-04-27,neutral,"MSFT, AMZN, GOOGL","AAPL, TSLA, AVGO",8.0,0.26,409.91,-0.02,160000.0,155169.06,-4830.94,158091.74,-1908.26,"I favor stocks with the strongest trend and MACD confirmation, especially MSFT and AMZN, with GOOGL and JPM adding diversified exposure backed by solid trend strength. NVDA and META have improving momentum but weaker confirmation, so they receive smaller weights, while AAPL, TSLA, and AVGO are avoided due to weak trend structure and poor volume confirmation; a modest cash buffer is kept because several leaders are near overbought levels.",0.0,0.0,8.0,-128.83,6.0,408.21,14.0,-402.34,0.0,0.0,22.0,293.88,22.0,1005.93,16.0,-1054.29,0.0,0.0,4.0,287.36
17,2018-04-27,2018-05-04,neutral,"AMZN, MSFT, LLY","AAPL, JPM, AVGO",15.0,0.06,96.59,-0.2,170000.0,165265.66,-4734.34,167751.12,-2248.88,"I am emphasizing the strongest short-term technical setups in MSFT and AMZN, which both show clean bullish trend structure, positive MACD, supportive ADX, and volume/OBV confirmation. I add smaller positions in META and LLY for momentum, plus modest exposure to NVDA, GOOGL, and TSLA where signals are mixed but not decisively bearish; I avoid AAPL, JPM, and AVGO due to weak trend alignment and/or bearish momentum, while keeping meaningful cash because several names are extended or mixed for a 1-week horizon.",0.0,0.0,6.0,557.4,8.0,229.88,0.0,0.0,4.0,0.22,24.0,-273.04,26.0,227.47,7.0,219.14,0.0,0.0,10.0,-864.48
18,2018-05-04,2018-05-11,neutral,"AMZN, AAPL, MSFT","JPM, AVGO, LLY",30.0,2.09,3657.23,2.57,180000.0,178922.88,-1077.12,182314.89,2314.89,"I favor the strongest short-term trend setups with bullish MACD/trend confirmation: AMZN and AAPL stand out most, while MSFT offers a steadier large-cap trend profile and NVDA adds selective upside exposure despite overbought conditions. I am avoiding names with clearly bearish trend structures or weak confirmation such as JPM, AVGO, LLY, and TSLA, while holding a sizable cash buffer because several leaders are already extended near upper Bollinger bands, which raises 1-week pullback risk.",18.0,941.7,8.0,907.34,0.0,0.0,0.0,0.0,0.0,0.0,16.0,748.5,22.0,535.59,6.0,524.1,0.0,0.0,0.0,0.0
19,2018-05-11,2018-05-18,bullish,"NVDA, AMZN, MSFT","TSLA, AVGO, META",10.0,-1.83,-3462.72,-0.56,190000.0,185460.16,-4539.84,191243.55,1243.55,"The portfolio leans into stocks with the strongest combination of bullish trend, positive MACD, solid ADX, and supportive OBV, with highest conviction in NVDA, AMZN, MSFT, AAPL, and GOOGL. I am trimming names that look extended near upper Bollinger Bands or have weaker trend structure, and avoiding TSLA due to negative EMA alignment, weak ADX, and declining OBV. A 10% cash buffer helps manage short-horizon pullback risk given several leaders are overbought.",12.0,-274.09,16.0,-1020.14,4.0,-174.18,8.0,-362.38,0.0,0.0,14.0,-249.69,16.0,-538.21,12.0,-693.24,3.0,-172.09,5.0,21.3
20,2018-05-18,2018-05-25,neutral,"AAPL, MSFT, NVDA","TSLA, AVGO",20.0,1.12,2183.45,0.3,200000.0,197643.61,-2356.39,201851.68,1851.68,"I favor stocks with strong trend structure, bullish MACD, and solid ADX while discounting names with weak volume confirmation and overbought or conflicting momentum. AAPL, MSFT, and NVDA have the cleanest bullish technical setups; META and LLY remain investable but at smaller weights due to weaker confirmation or mixed longer-term trend context. I am avoiding TSLA and AVGO because their trend alignment is clearly bearish, and I keep a meaningful cash buffer given broad low-volume participation and several mixed signals across the universe.",18.0,428.67,14.0,388.78,8.0,191.73,4.0,-33.06,0.0,0.0,16.0,649.1,6.0,266.53,6.0,158.32,0.0,0.0,8.0,133.38
21,2018-05-25,2018-06-04,neutral,"MSFT, LLY, AAPL","TSLA, JPM",10.0,3.38,7009.36,1.01,210000.0,214652.97,4652.97,213992.43,3992.43,"I favor stocks with strong multi-timeframe uptrends, supportive EMA/SMA structure, and either bullish or stabilizing momentum, while discounting names showing bearish MACD deterioration, weak volume confirmation, or clear downtrends. MSFT, LLY, AAPL, AMZN, and GOOGL offer the best balance of trend quality and manageable volatility for a 1-week horizon, while TSLA and JPM are avoided due to weaker technical setups and lower near-term risk-adjusted appeal. A modest cash buffer is retained because several leaders are somewhat extended near upper Bollinger ranges, which raises short-term pullback risk.",14.0,500.98,8.0,1037.55,6.0,563.24,0.0,0.0,0.0,0.0,18.0,1257.77,12.0,852.99,12.0,1585.03,5.0,346.31,15.0,865.5
22,2018-06-04,2018-06-11,bullish,"NVDA, AMZN, GOOGL","JPM, META, AVGO",10.0,0.5,1130.04,1.33,220000.0,225783.01,5783.01,226974.64,6974.64,"The portfolio leans bullish but stays selective because many growth names show strong trend alignment, bullish MACD, rising OBV, and solid ADX, while also being short-term overbought near or above upper Bollinger Bands. I overweight NVDA, AMZN, GOOGL, and MSFT for the best combination of trend strength and momentum confirmation, keep moderate exposure to AAPL and LLY, limit META/AVGO/TSLA due to overbought or mixed structure, avoid JPM because its trend is clearly bearish, and retain 10% cash for risk control over the 1-week horizon.",10.0,-70.26,16.0,-574.09,4.0,-80.9,0.0,0.0,6.0,1606.2,12.0,-164.4,14.0,450.45,14.0,-331.14,4.0,85.56,10.0,208.62
23,2018-06-11,2018-06-18,neutral,"NVDA, MSFT, GOOGL","TSLA, META",15.0,0.79,1871.41,-0.27,230000.0,237654.41,7654.41,236329.64,6329.64,"The portfolio leans into stocks with strong trend structure, bullish MACD, and solid ADX readings while avoiding the most extended names. MSFT, NVDA, and GOOGL offer the best mix of trend strength and manageable momentum, while AAPL, AMZN, and AVGO remain constructive but are sized more moderately due to weaker volume confirmation or overbought conditions. Cash is held as a risk buffer because many tech names are near upper Bollinger bands, and TSLA is avoided due to extreme overbought readings and elevated volatility after a sharp run.",10.0,-307.01,14.0,566.17,3.0,250.01,8.0,-451.01,0.0,0.0,14.0,-62.07,10.0,483.96,12.0,1058.45,9.0,298.58,5.0,34.33
24,2018-06-18,2018-06-25,neutral,"AMZN, GOOGL, NVDA","JPM, TSLA, META",10.0,-3.89,-9641.33,-2.01,240000.0,238013.08,-1986.92,241377.42,1377.42,"I favor stocks with strong multi-timeframe uptrends, bullish or near-bullish MACD, and strong ADX readings, while trimming names that look extended or have weak volume confirmation. AMZN, GOOGL, NVDA, and AVGO offer the best combination of trend strength and positive momentum; AAPL and MSFT are smaller positions due to mixed MACD/OBV signals, while JPM is avoided because its trend structure is clearly weaker and bearish. A modest cash buffer helps manage short-horizon mean-reversion risk given several tech names are overbought.",8.0,-689.66,14.0,-3396.66,6.0,-146.86,0.0,0.0,4.0,-1010.31,8.0,-485.19,16.0,-1393.93,16.0,-1483.11,12.0,-976.95,6.0,-58.68
25,2018-06-25,2018-07-02,neutral,"META, LLY, GOOGL","NVDA, JPM, AAPL",25.0,0.04,92.75,0.32,250000.0,248105.83,-1894.17,252175.22,2175.22,"For a 1-week horizon, I favor names with the strongest trend structure and relatively resilient momentum: META, LLY, and GOOGL have the best combination of positive EMA alignment, golden-cross support, and less oversold/broken setups than the rest. TSLA gets a smaller tactical weight due to strong trend strength but elevated volatility, while AVGO is only a modest rebound candidate; I avoid the clearly weak downtrends in AAPL, NVDA, JPM, MSFT, and AMZN and keep a sizable cash buffer because many charts still show bearish MACD/OBV and broad short-term fragility.",0.0,0.0,0.0,0.0,20.0,255.14,0.0,0.0,12.0,184.1,0.0,0.0,0.0,0.0,18.0,110.89,5.0,-509.45,20.0,52.06
26,2018-07-02,2018-07-10,neutral,"GOOGL, MSFT, AMZN","NVDA, JPM, AVGO",20.0,1.37,3532.11,2.59,260000.0,261637.94,1637.94,268964.37,8964.37,"The setup is mixed-to-neutral: many stocks retain strong medium-term uptrends via EMA/SMA alignment and golden crosses, but short-term MACD readings are broadly bearish and volume confirmation is weak, arguing for selective exposure and a meaningful cash buffer. I favor higher-quality uptrends with relatively lower volatility and better trend structure such as GOOGL, MSFT, AMZN, AAPL, and LLY, while avoiding names with stronger downside trend pressure or broken alignment like NVDA, JPM, and AVGO; TSLA is kept smaller due to elevated volatility despite oversold rebound potential.",12.0,524.55,0.0,0.0,8.0,646.57,0.0,0.0,6.0,-582.35,14.0,762.38,14.0,617.58,16.0,905.04,0.0,0.0,10.0,658.34
27,2018-07-10,2018-07-17,neutral,"AAPL, MSFT, NVDA","TSLA, AVGO",20.0,1.54,4171.38,0.56,270000.0,275809.32,5809.32,280534.76,10534.76,"The portfolio leans toward large-cap tech names with strong trend structure, bullish EMA alignment, positive or improving MACD, and supportive ADX/OBV readings, while trimming positions where momentum looks stretched near upper Bollinger Bands. I keep a meaningful cash buffer because several leaders are short-term overbought and this is only a 1-week horizon, so risk-adjusted return favors selective exposure rather than full deployment. TSLA is avoided due to bearish MACD, weak trend alignment, negative OBV trend, and elevated volatility; JPM and AVGO receive only small weights because their signals are mixed.",14.0,219.76,12.0,56.63,8.0,688.64,6.0,593.11,0.0,0.0,14.0,1426.27,8.0,1257.43,10.0,1069.2,3.0,-1374.13,5.0,234.46
28,2018-07-17,2018-07-24,neutral,"MSFT, JPM, AAPL","AVGO, TSLA",15.0,1.12,3189.98,0.41,280000.0,288999.3,8999.3,291715.65,11715.65,"The portfolio tilts toward stocks with strong trend confirmation, bullish MACD, positive OBV, and solid ADX readings, while moderating exposure where momentum is stretched near upper Bollinger Bands or overbought oscillators. MSFT, AAPL, JPM, NVDA, GOOGL, and LLY offer the best balance of trend strength and manageable volatility; META and AMZN remain attractive but get smaller weights due to more extended short-term conditions. A 15% cash buffer helps manage one-week horizon risk given broad overbought readings across many names.",12.0,277.68,11.0,-617.15,6.0,382.18,12.0,1132.91,3.0,-671.19,13.0,599.68,8.0,-182.16,10.0,1061.87,0.0,0.0,10.0,1206.17
29,2018-07-24,2018-07-31,neutral,"MSFT, AAPL, JPM","TSLA, AVGO",15.0,-1.59,-4745.05,-0.1,290000.0,294254.25,4254.25,301415.65,11415.65,"Portfolio tilts toward stocks with strong trend structure, bullish MACD, supportive ADX, and positive volume confirmation while trimming names that look extended on short-term momentum. MSFT, AAPL, and JPM offer the best mix of trend strength and comparatively controlled volatility; cash is kept elevated because several leaders are near overbought extremes, which raises 1-week pullback risk. TSLA and AVGO are avoided due to clearly bearish trend/momentum setups, while META and LLY are kept smaller because their upside is offset by very stretched conditions.",14.0,-587.79,8.0,-370.28,6.0,-3517.46,14.0,293.36,0.0,0.0,16.0,-702.08,10.0,-846.7,8.0,-588.04,0.0,0.0,9.0,1573.94
30,2018-07-31,2018-08-07,neutral,"JPM, GOOGL, MSFT","META, TSLA, NVDA",15.0,2.79,8490.51,1.51,300000.0,312744.76,12744.76,316120.12,16120.12,"I favor stocks with the strongest trend structure and confirmation from MACD/ADX, while penalizing names showing clear short-term technical breakdowns. JPM, GOOGL, MSFT, and LLY have the best combination of trend strength and relative stability, though LLY is sized below its trend strength because it is extremely overbought. I am avoiding META and TSLA due to strong bearish trend signals, keeping a meaningful cash buffer because several mega-cap tech names show mixed momentum and weakening volume confirmation.",8.0,2151.49,3.0,450.68,0.0,0.0,22.0,1513.98,0.0,0.0,12.0,963.7,5.0,727.84,18.0,1277.2,2.0,-40.06,15.0,1445.69
31,2018-08-07,2018-08-14,neutral,"JPM, AAPL, MSFT","META, AVGO",15.0,-0.14,-455.92,-0.59,310000.0,322288.84,12288.84,324201.7,14201.7,"I favor stocks with strong trend structure, positive EMA alignment, bullish or improving MACD, and supportive OBV, while trimming names that look extended on short-term momentum. JPM, AAPL, MSFT, NVDA, AMZN, and GOOGL offer the best mix of trend quality and manageable volatility; TSLA and LLY remain attractive but get smaller weights due to overbought conditions and higher event risk. META and AVGO are avoided because their trend profiles are materially weaker, and I keep a meaningful cash buffer given several leaders are near upper Bollinger bands after strong runs.",13.0,683.83,11.0,618.98,0.0,0.0,14.0,-1114.7,8.0,-2171.98,12.0,241.88,10.0,990.68,10.0,59.11,0.0,0.0,7.0,236.27
32,2018-08-14,2018-08-21,neutral,"NVDA, AMZN, AAPL","META, AVGO",20.0,-1.3,-4307.42,0.86,320000.0,327981.42,7981.42,337074.01,17074.01,"I favor stocks with strong multi-timeframe uptrends, positive EMA alignment, bullish MACD, and supportive ADX/OBV, while trimming positions where momentum is stretched or confirmation is weaker. AMZN, NVDA, and AAPL have the best combination of trend strength and upside participation, while MSFT, TSLA, GOOGL, and LLY are smaller satellite positions due to mixed momentum or elevated volatility. I avoid META and AVGO because their trend structures are clearly weaker, and I keep a meaningful cash buffer given several leaders are near overbought levels for a 1-week horizon.",12.0,1005.66,14.0,-1443.13,0.0,0.0,6.0,116.51,8.0,-1968.27,10.0,-962.1,14.0,-877.99,8.0,-860.58,0.0,0.0,8.0,682.48
33,2018-08-21,2018-08-28,neutral,"AAPL, AMZN, JPM","META, AVGO",25.0,1.43,4816.97,1.25,330000.0,342798.39,12798.39,351413.31,21413.31,"I favor names with strong trend structure and supportive breadth signals, especially AAPL, AMZN, JPM, and LLY, while moderating position sizes where momentum is extended or MACD is rolling over. I am keeping a sizable cash buffer because several large-cap growth names show mixed short-term momentum, and the 1-week horizon argues for caution against chasing overbought or clearly downtrending setups. META and AVGO are avoided due to weak trend alignment and bearish directional indicators, while NVDA, MSFT, GOOGL, and TSLA receive only smaller tactical weights because their signals are mixed.",16.0,1171.85,4.0,1123.93,0.0,0.0,14.0,336.46,3.0,-316.25,6.0,818.96,14.0,1241.08,5.0,394.92,0.0,0.0,13.0,46.01
34,2018-08-28,2018-09-05,neutral,"NVDA, AAPL, MSFT","META, TSLA, AVGO",22.0,0.42,1465.69,-0.31,340000.0,354264.08,14264.08,360303.94,20303.94,"The portfolio tilts toward stocks with strong medium-term trend structure, positive EMA alignment, and supportive ADX/OBV signals, while trimming names that look extended or have conflicting short-term momentum. I am keeping a meaningful cash buffer because several leaders are near overbought Bollinger and stochastic levels, which raises 1-week pullback risk despite broadly constructive trend conditions. Top allocations favor NVDA, AAPL, MSFT, and AMZN for trend quality, with JPM and LLY adding diversification and relatively lower volatility.",12.0,1381.65,14.0,754.66,0.0,0.0,10.0,-470.85,0.0,0.0,12.0,-679.61,12.0,1358.03,8.0,-1059.3,0.0,0.0,10.0,181.12
35,2018-09-05,2018-09-12,neutral,"AMZN, AAPL, NVDA","META, TSLA, GOOGL",25.0,-0.39,-1428.25,0.03,350000.0,362835.83,12835.83,370419.21,20419.21,"I favor stocks with strong trend structure, bullish MACD/ADX confirmation, and supportive volume/OBV, while trimming positions where momentum is stretched or signals are mixed. AMZN, AAPL, and NVDA have the best combination of trend strength and positive momentum, while LLY and AVGO are smaller allocations due to overbought or mixed longer-term setups. I am holding elevated cash because several names show bearish or conflicting signals, suggesting a selective rather than fully risk-on stance over the next week.",14.0,-1303.75,12.0,-1604.53,0.0,0.0,6.0,-288.0,0.0,0.0,8.0,864.91,18.0,-158.43,0.0,0.0,7.0,975.4,10.0,86.14
36,2018-09-12,2018-09-19,neutral,"MSFT, AMZN, LLY","META, TSLA, GOOGL",20.0,0.12,464.5,0.73,360000.0,373300.32,13300.32,383182.2,23182.2,"Portfolio tilts toward stocks with strong medium-term trend structure, positive EMA/SMA alignment, supportive ADX, and relatively controlled volatility, while discounting names with clearly bearish trend/momentum setups. MSFT, AMZN, AAPL, and LLY offer the best balance of trend strength and risk-adjusted upside; JPM and AVGO are smaller tactical positions, while elevated cash reflects mixed short-term MACD signals across many names and helps manage one-week horizon risk.",14.0,-637.49,3.0,157.64,0.0,0.0,8.0,1197.5,0.0,0.0,16.0,-5.34,16.0,-1905.92,0.0,0.0,8.0,1779.49,15.0,-121.39
37,2018-09-19,2018-09-26,neutral,"JPM, MSFT, LLY","META, GOOGL, AMZN",15.0,0.32,1242.07,-0.01,370000.0,384542.4,14542.4,393144.88,23144.88,"For a 1-week horizon, I favor names with the cleanest trend strength, supportive EMA alignment, and either bullish MACD or strong directional ADX confirmation. JPM and MSFT screen best on near-term risk-adjusted momentum, while LLY and AAPL add quality exposure with lower volatility; I keep meaningful cash because several large-cap tech names show bearish MACD, weak volume confirmation, or strong downtrends despite longer-term uptrends.",10.0,359.83,4.0,-285.24,0.0,0.0,22.0,-1864.03,3.0,406.09,20.0,1564.78,3.0,289.08,0.0,0.0,8.0,461.62,15.0,309.93
38,2018-09-26,2018-10-03,neutral,"MSFT, JPM, AAPL","NVDA, META",15.0,0.93,3672.99,0.63,380000.0,398215.38,18215.38,405703.73,25703.73,"I favor names with stronger trend structure, supportive MACD/ADX, and better risk-adjusted volatility profiles, led by MSFT, JPM, AAPL, AVGO, and LLY. I am underweight or avoiding stocks with weaker trend alignment, bearish volume confirmation, or conflicting short-term signals such as NVDA and META, while keeping a meaningful cash buffer given mixed breadth and several overbought readings across growth stocks.",12.0,2502.37,0.0,0.0,0.0,0.0,14.0,9.6,6.0,-1130.18,18.0,741.45,8.0,-353.06,7.0,404.07,10.0,641.43,10.0,857.3
39,2018-10-03,2018-10-10,neutral,"AAPL, NVDA, MSFT","META, TSLA, AMZN",20.0,-6.11,-24947.51,-4.6,390000.0,383267.87,-6732.13,396580.08,6580.08,"I favor stocks with strong trend structure, bullish MACD, and solid ADX support, while discounting names showing clear downtrends or mixed momentum. AAPL, NVDA, MSFT, and GOOGL have the best combination of positive trend alignment and manageable volatility, while META and TSLA remain technically weak and AMZN looks too mixed for a 1-week horizon. I am keeping a meaningful cash buffer because several leaders are near overbought levels, which raises short-term pullback risk despite the generally constructive setup.",18.0,-4974.18,14.0,-8179.96,0.0,0.0,8.0,-791.85,0.0,0.0,14.0,-4470.97,0.0,0.0,12.0,-4826.49,9.0,-2590.99,5.0,886.93
40,2018-10-10,2018-10-17,bearish,"LLY, JPM, AVGO","META, TSLA, GOOGL",45.0,0.42,1643.64,0.77,400000.0,394911.51,-5088.49,409721.27,9721.27,"Most stocks show broad short-term technical damage: bearish MACD, weak OBV, high downside ADX, and prices pinned near or below lower Bollinger Bands, which argues for a defensive stance over a 1-week horizon. LLY is the clear relative-strength outlier with 4/4 EMA alignment, bullish MACD, strong ADX, and rising OBV, while JPM, AAPL, and AVGO offer limited oversold bounce potential with lower volatility; large cash is held to preserve risk-adjusted returns in a likely weak tape.",6.0,526.76,0.0,0.0,0.0,0.0,8.0,-462.87,0.0,0.0,0.0,0.0,4.0,685.42,0.0,0.0,7.0,634.09,30.0,260.24
41,2018-10-17,2018-10-24,neutral,"LLY, AAPL, MSFT","NVDA, META, TSLA",40.0,-3.53,-14305.29,-5.39,410000.0,390606.22,-19393.78,397077.66,-12922.34,"The setup is broadly cautious for a 1-week horizon: many large-cap tech names show bearish MACD, weak EMA alignment, and strong negative ADX trends, so I prefer a defensive stance with elevated cash. LLY stands out with the strongest trend structure and positive EMA alignment, while AAPL and MSFT retain relatively resilient long-term trend support despite short-term mixed momentum; AVGO is a smaller tactical position due to decent trend support but weaker confirmation.",16.0,-1786.68,0.0,0.0,0.0,0.0,0.0,0.0,0.0,0.0,14.0,-4296.0,0.0,0.0,0.0,0.0,8.0,-2521.28,22.0,-5701.33
42,2018-10-24,2018-10-31,bearish,"TSLA, AAPL, GOOGL","NVDA, META, AMZN",25.0,5.36,21483.73,2.0,420000.0,422089.95,2089.95,415224.73,-4775.27,"The overall setup is cautious to bearish, with most stocks in strong downtrends, negative MACD regimes, and elevated ADX readings confirming downside pressure. I am emphasizing names with the best chance of a short-term oversold bounce plus some relative resilience or improving volume behavior, while keeping a large cash buffer because broad market conditions appear weak and many signals remain bearish.",12.0,842.61,0.0,0.0,0.0,0.0,8.0,1777.89,22.0,14913.94,8.0,1406.36,0.0,0.0,10.0,1268.0,10.0,875.54,5.0,399.4
43,2018-10-31,2018-11-07,neutral,"JPM, TSLA, LLY","NVDA, AMZN, META",25.0,0.92,3985.54,3.84,430000.0,436075.49,6075.49,441534.18,11534.18,"For a 1-week horizon, I favor names with the best near-term technical balance of trend strength and momentum while keeping a sizable cash buffer because the broader tape looks mixed-to-weak. JPM has the cleanest setup with bullish MACD histogram, strong ADX, and improving volume; TSLA has the strongest upside momentum but is near overbought so I size it below JPM; AAPL and LLY are smaller, more defensive allocations with mixed but not decisively bearish signals. I avoid the deeply negative trend names where bearish EMA alignment, weak MACD, and strong downside ADX suggest poor risk-adjusted odds over the next week.",12.0,-2110.91,0.0,0.0,0.0,0.0,28.0,2730.03,18.0,2499.39,0.0,0.0,0.0,0.0,0.0,0.0,0.0,0.0,17.0,867.04
44,2018-11-07,2018-11-14,neutral,"MSFT, JPM, TSLA","NVDA, META, AAPL",20.0,-3.04,-13542.77,-3.85,440000.0,432532.72,-7467.28,434164.32,-5835.68,"I favor names with the best combination of positive price structure, bullish MACD histogram, supportive ADX, and improving OBV, while keeping a meaningful cash buffer because several stocks are overbought and many mega-cap tech charts remain mixed. MSFT and JPM offer the strongest risk-adjusted setups, TSLA has powerful trend strength but elevated volatility, and LLY adds diversification with strong longer-term trend support despite short-term MACD softness.",0.0,0.0,0.0,0.0,0.0,0.0,18.0,-2989.07,14.0,-746.19,20.0,-5208.63,10.0,-3976.2,0.0,0.0,6.0,-936.29,12.0,313.61
45,2018-11-14,2018-11-21,bearish,"LLY, TSLA, JPM","AAPL, META, AMZN",25.0,0.25,1089.71,-1.92,450000.0,443622.44,-6377.56,435649.35,-14350.65,"Most names show weak short-term trend structure with prices below key moving averages and negative/fragile momentum, so I am keeping a large cash buffer. I favor LLY and TSLA because they have the clearest bullish technical setups with positive EMA alignment and MACD support, while JPM, MSFT, and AVGO are smaller tactical positions based on improving MACD and relatively lower volatility. I am avoiding the heavily downtrending mega-cap tech names where bearish trend strength and weak volume confirmation raise downside risk over the next week.",0.0,0.0,0.0,0.0,0.0,0.0,14.0,178.96,20.0,-1494.83,8.0,-627.31,0.0,0.0,0.0,0.0,8.0,594.73,25.0,2438.16
46,2018-11-21,2018-11-29,bearish,"LLY, TSLA, AVGO","NVDA, META, AMZN",20.0,2.39,10836.46,3.38,460000.0,464458.9,4458.9,460716.15,716.15,"Most names show weak short-term trend structure with bearish MACD, negative EMA alignment, and poor volume confirmation, so I am keeping a sizable cash buffer. I favor LLY, TSLA, AVGO, and JPM because they have the best relative technical setups among the group: stronger or improving trend alignment, supportive MACD behavior, and lower downside pressure versus the deeply oversold but still strongly bearish mega-cap tech names. Small positions in AAPL, MSFT, and GOOGL reflect rebound potential but limited conviction given persistent downtrends.",3.0,213.24,0.0,0.0,0.0,0.0,12.0,1223.82,18.0,719.49,5.0,1557.39,0.0,0.0,7.0,1556.59,15.0,1709.94,20.0,3855.98
47,2018-11-29,2018-12-07,neutral,"MSFT, JPM, AMZN","NVDA, AAPL, META",15.0,-2.93,-13879.52,-3.8,470000.0,460579.38,-9420.62,452831.14,-17168.86,"For a 1-week horizon, I favor names with the best combination of positive trend structure, bullish MACD confirmation, and moderate volatility: MSFT, JPM, AMZN, AVGO, and LLY. I am avoiding the clearest downtrends with strong bearish ADX/EMA setups such as AAPL, NVDA, and META, while keeping a meaningful cash buffer because several bullish candidates are already somewhat extended and broad market conditions appear mixed rather than strongly risk-on.",0.0,0.0,0.0,0.0,0.0,0.0,18.0,-5253.3,8.0,1869.08,20.0,-4624.47,12.0,-1511.85,8.0,-1664.5,9.0,-1307.59,10.0,-1386.89
48,2018-12-07,2018-12-14,neutral,"TSLA, MSFT, AMZN","NVDA, JPM",10.0,1.15,5409.91,-1.18,480000.0,475989.29,-4010.71,457387.51,-22612.49,"For a 1-week horizon, I favor names showing either clear relative strength or credible bullish reversal setups with manageable volatility. TSLA and LLY have the strongest trend structures, while MSFT, AMZN, META, and GOOGL offer improving MACD/reversal characteristics; I keep some cash because most large-cap tech names still sit below key moving averages and the broader tape appears fragile.",5.0,-420.34,0.0,0.0,8.0,1819.04,0.0,0.0,24.0,2441.95,16.0,869.14,14.0,-1505.16,8.0,184.53,5.0,2704.35,10.0,-683.62
49,2018-12-14,2018-12-21,neutral,"TSLA, AVGO, META","JPM, NVDA, AAPL",30.0,-6.31,-30664.77,-7.05,490000.0,455324.52,-34675.48,434434.35,-55565.65,"For a 1-week horizon, I favor names with the strongest combination of positive trend structure, bullish MACD, and supportive OBV: TSLA and AVGO stand out most, while META offers improving momentum despite a still-mixed longer-term trend. I am keeping a large cash buffer because many large-cap tech and financial names remain below key moving averages with weak trend alignment, suggesting a fragile broader tape and elevated downside risk.",0.0,0.0,0.0,0.0,12.0,-7736.15,0.0,0.0,26.0,-15872.82,8.0,-2860.1,0.0,0.0,6.0,-1676.29,18.0,-2519.41,0.0,0.0
50,2018-12-21,2018-12-31,bearish,"AVGO, LLY, TSLA","AAPL, META, AMZN",25.0,3.18,14793.07,3.83,500000.0,480117.59,-19882.41,461458.38,-38541.62,"The broad setup is defensive: most stocks show deeply bearish trend structure with negative EMA alignment, bearish MACD, weak OBV, and elevated downside volume, which argues for substantial cash. AVGO stands out as the only clear technical leader with 4/4 EMA alignment, bullish MACD, and a golden cross; LLY is a secondary defensive-quality holding with longer-term uptrend support and improving OBV, while TSLA gets a small tactical allocation due to mixed trend signals and a golden cross despite weak short-term momentum.",0.0,0.0,0.0,0.0,0.0,0.0,0.0,0.0,8.0,1516.88,0.0,0.0,0.0,0.0,0.0,0.0,52.0,9257.43,15.0,4018.76
51,2018-12-31,2019-01-08,neutral,"AVGO, LLY, GOOGL","META, NVDA, AMZN",20.0,-1.25,-6142.34,2.74,510000.0,483975.25,-26024.75,484380.52,-25619.48,"The broad setup is cautious: most names show bearish medium-term trend alignment, so I am keeping a meaningful cash buffer and concentrating only in the few stocks with constructive technicals. AVGO and LLY have the strongest trend structure with positive EMA alignment, golden crosses, bullish MACD/OBV support, while TSLA and GOOGL offer smaller tactical exposure due to relatively better near-term stabilization or improving momentum despite mixed signals. I am avoiding the deeply negative-trend mega-cap names where bearish alignment and weak MACD still dominate.",0.0,0.0,0.0,0.0,0.0,0.0,0.0,0.0,12.0,450.65,0.0,0.0,0.0,0.0,18.0,3411.62,30.0,-10529.77,20.0,525.16
52,2019-01-08,2019-01-15,neutral,"AMZN, JPM, LLY","AAPL, AVGO",15.0,1.87,9218.93,1.39,520000.0,503194.18,-16805.82,501273.39,-18726.61,"I favor names with improving momentum and supportive trend structure, especially where MACD is bullish and price is above key short-term averages: AMZN, JPM, LLY, META, and TSLA stand out most on that basis. I am keeping a meaningful cash buffer because several setups are extended or mixed, many large-cap tech names remain below longer-term averages, and this is only a 1-week horizon where overbought conditions can mean-revert quickly.",0.0,0.0,8.0,2837.46,10.0,2225.01,14.0,763.3,10.0,1337.5,8.0,849.56,14.0,750.6,8.0,41.51,0.0,0.0,13.0,414.0
53,2019-01-15,2019-01-23,neutral,"TSLA, JPM, AVGO",AAPL,5.0,-3.0,-15418.64,1.18,530000.0,497775.54,-32224.46,517282.65,-12717.35,"I favor names with the strongest combination of bullish MACD, supportive EMA/SMA structure, and improving OBV, while trimming positions where overbought conditions and weak volume raise short-term pullback risk. TSLA, AVGO, JPM, and LLY stand out on trend quality or relative defensiveness, while AAPL is avoided due to clearly negative longer-term trend alignment and weaker price structure; a small cash buffer is retained given broad overbought readings across many names.",0.0,0.0,8.0,-158.88,8.0,-1281.69,14.0,706.61,18.0,-15244.29,8.0,664.65,10.0,-1058.53,6.0,-59.52,13.0,267.92,10.0,745.09
54,2019-01-23,2019-01-30,neutral,"AVGO, MSFT, JPM",TSLA,5.0,1.12,5685.54,1.58,540000.0,513461.08,-26538.92,535629.86,-4370.14,"I favor names with the strongest combination of bullish MACD, supportive price vs moving averages, improving OBV, and acceptable volatility: AVGO, MSFT, JPM, and LLY stand out most on a 1-week horizon. I keep smaller positions in NVDA, META, AMZN, GOOGL, and AAPL where momentum is improving but trend structure is less clean, while avoiding TSLA due to clearly bearish trend, negative MACD, strong downside ADX confirmation, and elevated volatility; a small cash buffer helps manage short-horizon uncertainty.",4.0,1495.08,8.0,-3238.01,8.0,1722.85,16.0,1368.83,0.0,0.0,16.0,-251.25,8.0,753.23,8.0,508.71,16.0,4195.97,11.0,-869.87
55,2019-01-30,2019-02-06,neutral,"AVGO, AAPL, MSFT","NVDA, TSLA",10.0,2.49,13021.6,1.93,550000.0,536482.68,-13517.32,556151.81,6151.81,"I favor names with the best combination of bullish trend, positive MACD, supportive volume/OBV, and manageable volatility. AVGO, AAPL, MSFT, and JPM stand out on trend strength and confirmation, while META, AMZN, GOOGL, and LLY receive smaller allocations due to mixed but still constructive setups; NVDA and TSLA are avoided because their trend and momentum profiles remain weak for a 1-week horizon. Holding 10% cash reflects short-term overbought conditions across several leaders and helps preserve risk-adjusted returns.",14.0,3986.86,0.0,0.0,10.0,6984.35,12.0,-403.09,0.0,0.0,14.0,-241.12,8.0,-756.35,8.0,949.68,16.0,1666.91,8.0,834.38
56,2019-02-06,2019-02-13,neutral,"AVGO, GOOGL, MSFT",AMZN,5.0,-0.15,-812.45,0.82,560000.0,545670.23,-14329.77,570822.28,10822.28,"I favor stocks with the strongest combination of bullish MACD, supportive EMA/SMA structure, solid ADX, and confirming OBV/volume trends. AVGO, LLY, GOOGL, and MSFT stand out on trend quality and risk-adjusted setup, while AAPL and META remain attractive but are trimmed due to overbought conditions near upper Bollinger Bands. I keep a small cash buffer and underweight AMZN and NVDA because their trend structure is less consistent and short-term signal quality is weaker.",8.0,-835.57,7.0,-30.0,6.0,-1234.71,8.0,-273.92,7.0,-1091.35,13.0,522.61,4.0,-3.47,14.0,391.09,15.0,1516.52,13.0,226.33
57,2019-02-13,2019-02-21,neutral,"AVGO, GOOGL, AAPL","TSLA, JPM, NVDA",10.0,0.35,1930.37,0.88,570000.0,557600.6,-12399.4,585954.89,15954.89,"I favor stocks with the strongest combination of bullish trend structure, positive MACD, supportive ADX, and improving OBV, while trimming names that show weak trend confirmation or bearish MACD. AVGO, LLY, GOOGL, AAPL, and MSFT stand out on relative trend quality, but I keep some cash due to mixed breadth, several names still below longer-term averages, and short-horizon mean-reversion risk in overbought setups.",14.0,402.27,4.0,420.17,10.0,-1364.87,3.0,384.85,0.0,0.0,12.0,1914.87,4.0,-278.65,14.0,-1683.22,16.0,-120.1,13.0,2255.04
58,2019-02-21,2019-02-28,neutral,"LLY, MSFT, AVGO","TSLA, META, AMZN",10.0,0.75,4278.2,0.45,580000.0,571878.8,-8121.2,598661.61,18661.61,"I favor stocks with the strongest trend quality, bullish MACD, supportive ADX, and positive OBV, while avoiding names with clearly bearish trend structures or weak confirmation. MSFT, AVGO, LLY, and AAPL have the best combination of trend strength and momentum, while some cash is retained because several mega-cap growth names show mixed or deteriorating short-term setups for a 1-week horizon.",14.0,970.89,8.0,-393.84,0.0,0.0,8.0,-477.88,0.0,0.0,18.0,2446.56,0.0,0.0,4.0,459.34,18.0,-2029.27,20.0,3302.4
59,2019-02-28,2019-03-07,neutral,"MSFT, LLY, AAPL","NVDA, META",15.0,-1.51,-8783.71,-1.32,590000.0,573095.09,-16904.91,600646.08,10646.08,"For a 1-week horizon, I favor names with the strongest combination of trend strength, bullish MACD, supportive volume, and manageable volatility: MSFT, LLY, and AAPL stand out most, with smaller positions in JPM, AMZN, GOOGL, AVGO, and TSLA for diversification. I avoid NVDA and META because their signals are mixed to weak, with poor volume/OBV confirmation and bearish trend or momentum conflicts; I keep a meaningful cash buffer because several leaders are short-term overbought and the broad setup looks mixed rather than decisively risk-on.",14.0,-305.8,0.0,0.0,0.0,0.0,8.0,-620.02,7.0,-5512.28,18.0,-1533.25,8.0,-394.02,8.0,1004.11,7.0,-1457.02,15.0,34.56
60,2019-03-07,2019-03-14,neutral,"LLY, MSFT, GOOGL","TSLA, NVDA, AVGO",20.0,1.57,9132.88,2.24,600000.0,592227.97,-7772.03,624301.7,24301.7,"I favor the names with the strongest trend confirmation and cleaner risk-adjusted setups: LLY, MSFT, GOOGL, and META all show strong EMA structure, bullish MACD, and decent ADX support, while AAPL is a smaller position due to mixed but still resilient signals. I am avoiding the clearly weak downtrends in NVDA, TSLA, JPM, and AVGO, and keeping a meaningful cash buffer because several signals across the universe are mixed, momentum is not uniformly strong, and a 1-week horizon argues for caution and selectivity.",8.0,3036.81,0.0,0.0,14.0,501.96,0.0,0.0,0.0,0.0,18.0,3993.3,5.0,1080.69,16.0,3378.83,0.0,0.0,19.0,-2858.72
61,2019-03-14,2019-03-21,neutral,"MSFT, META, GOOGL","TSLA, AVGO",15.0,3.32,19992.32,1.72,610000.0,622220.29,12220.29,645185.07,35185.07,"I favor stocks with the strongest trend quality and confirmation from MACD, ADX, and price relative to key moving averages, while trimming names that look extended or have mixed momentum. MSFT, META, and GOOGL have the best combination of trend strength and confirmation; AAPL and NVDA remain positive but are near overbought extremes, so I size them smaller. I avoid TSLA and AVGO due to weak or mixed trend structure, and keep a meaningful cash buffer because several leaders are already near upper Bollinger bands, raising short-term pullback risk over a 1-week horizon.",8.0,2978.85,7.0,4680.0,14.0,-2026.42,6.0,-847.26,0.0,0.0,18.0,5325.91,10.0,4751.48,14.0,3082.53,0.0,0.0,8.0,2047.22
62,2019-03-21,2019-03-28,neutral,"MSFT, GOOGL, AVGO","TSLA, JPM",15.0,-1.94,-12259.04,-1.41,620000.0,619961.25,-38.75,645934.79,25934.79,"The strongest 1-week setups are in MSFT, GOOGL, AVGO, AMZN, and AAPL, where bullish trend strength, positive MACD, and supportive OBV outweigh overbought conditions, though position sizes are moderated because many names are extended above their Bollinger bands. I am avoiding clear technical laggards like TSLA and JPM, keeping META small due to bearish MACD/DI structure, and holding meaningful cash because the broad opportunity set is bullish but crowded and vulnerable to short-term mean reversion.",10.0,-2064.29,6.0,-1379.64,4.0,-80.7,0.0,0.0,0.0,0.0,18.0,-3114.29,12.0,-1911.61,14.0,-4572.58,12.0,580.24,9.0,283.83
63,2019-03-28,2019-04-04,neutral,"MSFT, AMZN, AVGO","JPM, META",10.0,1.29,8113.34,2.3,630000.0,638074.59,8074.59,671053.23,41053.23,"I favor stocks with strong trend structure, supportive EMA/SMA alignment, solid ADX, and either bullish or only mildly weakening MACD: MSFT, AMZN, AVGO, LLY, and AAPL stand out on that basis. I avoid META and JPM due to clearly weaker short-term setups with bearish MACD and unfavorable directional strength, while keeping a modest cash buffer because several leaders are extended near upper Bollinger ranges and volume confirmation is mixed.",12.0,2791.94,4.0,1565.21,0.0,0.0,0.0,0.0,3.0,-735.28,18.0,2356.5,17.0,2744.04,4.0,1014.16,16.0,987.51,16.0,-2610.74
64,2019-04-04,2019-04-11,neutral,"MSFT, META, AAPL","TSLA, LLY",15.0,0.93,6040.17,0.36,640000.0,654114.77,14114.77,683495.88,43495.88,"The portfolio tilts toward stocks with strong trend structure, positive MACD/ADX confirmation, and supportive OBV trends, while avoiding names with clearly weak or deteriorating setups. MSFT, META, AAPL, AMZN, and AVGO offer the best combination of trend strength and manageable momentum, while some cash is retained because several leaders are extended near upper Bollinger Bands and short-term overbought conditions raise pullback risk over a 1-week horizon.",12.0,1295.55,8.0,903.3,13.0,713.16,6.0,246.81,0.0,0.0,14.0,737.34,12.0,1077.9,10.0,-524.01,10.0,1590.12,0.0,0.0
65,2019-04-11,2019-04-18,neutral,"META, AMZN, AAPL","TSLA, LLY",20.0,1.46,9714.74,0.63,650000.0,673829.5,23829.5,697851.25,47851.25,"The portfolio leans into stocks with strong trend structure, positive MACD/ADX setups, and supportive moving-average alignment, while trimming positions where momentum looks stretched near upper Bollinger Bands or where volume confirmation is weak. META, AMZN, AAPL, MSFT, and AVGO offer the best combination of trend strength and relative quality, while TSLA and LLY are avoided due to weaker technical profiles; a meaningful cash buffer is kept because many leaders are short-term overbought and the 1-week horizon favors risk control.",12.0,1966.82,8.0,-1453.46,14.0,403.3,7.0,3163.96,0.0,0.0,11.0,1845.59,12.0,761.47,6.0,1050.21,10.0,1976.84,0.0,0.0
66,2019-04-18,2019-04-26,bullish,"MSFT, GOOGL, META","TSLA, LLY",20.0,2.07,14127.03,1.17,660000.0,697956.54,37956.54,716125.23,56125.23,"The portfolio leans into stocks with strong trend structure, positive MACD, solid ADX, and generally supportive price positioning above key moving averages, while trimming names that look extended on short-term momentum. MSFT, GOOGL, META, and AVGO offer the best mix of trend strength and relative stability; AAPL and JPM remain attractive but are more overbought, so sizing is moderated. I am avoiding TSLA due to a weak trend setup and LLY due to strong downside momentum, while keeping a meaningful cash buffer because many leaders are near overbought levels for a 1-week horizon.",9.0,132.83,3.0,-904.07,12.0,6080.37,8.0,487.0,0.0,0.0,14.0,5059.56,8.0,2613.53,14.0,2772.29,12.0,-2114.47,0.0,0.0
67,2019-04-26,2019-05-03,neutral,"MSFT, GOOGL, AMZN","TSLA, NVDA, LLY",30.0,-0.28,-1999.32,0.21,670000.0,705957.22,35957.22,727659.46,57659.46,"The portfolio tilts toward strong uptrends with bullish MACD, high ADX, and supportive volume/OBV, favoring MSFT, GOOGL, AMZN, and AAPL. I am reducing exposure where momentum looks stretched or mixed near upper Bollinger bands, and avoiding names with clear bearish trend structure or weak confirmation such as NVDA, TSLA, and LLY. A sizable cash buffer is appropriate for a 1-week horizon given broad overbought conditions across many leaders.",10.0,2581.64,0.0,0.0,8.0,1177.15,8.0,816.36,0.0,0.0,14.0,-755.45,12.0,515.23,14.0,-6817.76,4.0,483.51,0.0,0.0
68,2019-05-03,2019-05-10,neutral,"MSFT, AAPL, META","TSLA, GOOGL, LLY",30.0,-2.45,-17508.7,-2.02,680000.0,698448.52,18448.52,722782.51,42782.51,"I favor stocks with strong multi-timeframe uptrends, positive or stable MACD structure, and high ADX, while trimming names that look extended or have weakening confirmation near upper Bollinger Bands. MSFT is the cleanest trend-quality setup, while AAPL, META, JPM, AMZN, and AVGO retain bullish trend support despite some overbought conditions; I avoid NVDA, TSLA, GOOGL, and LLY due to weaker or bearish momentum signals. A sizable cash buffer is appropriate for a 1-week horizon given mixed momentum, crowding in several leaders, and limited confirmation from volume/OBV in some names.",12.0,-5603.5,0.0,0.0,12.0,-3133.85,10.0,-2225.78,0.0,0.0,18.0,-1769.6,10.0,-2644.26,0.0,0.0,8.0,-2131.71,0.0,0.0
69,2019-05-10,2019-05-17,neutral,"MSFT, JPM, META","TSLA, NVDA, LLY",28.0,-0.43,-3011.53,-0.78,690000.0,705436.99,15436.99,727034.2,37034.2,"I favor the names with the strongest medium-term trend structure and relatively better risk-adjusted setups: MSFT, JPM, META, and AMZN all have positive EMA/SMA alignment and golden-cross support, even though short-term MACD momentum has softened. I am keeping a large cash buffer because many charts show bearish MACD, weak OBV trends, and elevated downside trend strength via ADX/-DI, which argues for a selective and defensive stance over a 1-week horizon.",0.0,0.0,0.0,0.0,16.0,-1829.6,18.0,-1972.19,0.0,0.0,24.0,1891.26,14.0,-1101.0,0.0,0.0,0.0,0.0,0.0,0.0
70,2019-05-17,2019-05-24,neutral,"MSFT, META, LLY","NVDA, TSLA, AVGO",30.0,-1.13,-8112.03,-1.07,700000.0,707324.96,7324.96,729143.75,29143.75,"Portfolio is tilted toward the strongest relative uptrends with better medium-term structure and lower near-term downside risk, led by MSFT and META, while keeping meaningful cash because many names show bearish MACD readings and weak short-term momentum. I am avoiding the clearest downtrends such as NVDA, TSLA, and AVGO despite oversold conditions, since strong ADX with negative trend alignment often signals continued weakness over a 1-week horizon.",3.0,-1139.02,0.0,0.0,12.0,-1964.45,8.0,-547.69,0.0,0.0,22.0,-2249.05,8.0,-1400.09,7.0,-1292.74,0.0,0.0,10.0,481.02
71,2019-05-24,2019-06-03,neutral,"MSFT, LLY, JPM","NVDA, TSLA, AVGO",20.0,-3.16,-22656.4,-2.9,710000.0,694668.56,-15331.44,717684.32,7684.32,"For a 1-week horizon, I favor relative strength and stability over trying to catch falling knives. MSFT has the strongest trend structure with full EMA alignment, while LLY shows improving momentum via bullish MACD histogram, positive ADX setup, and lower volatility; JPM and META get smaller allocations as mixed-but-manageable setups. I am avoiding the deeply oversold names with strong bearish trend confirmation such as NVDA, TSLA, AAPL, and AVGO, and keeping a meaningful cash buffer because the overall tape looks mixed to slightly defensive.",0.0,0.0,0.0,0.0,8.0,-5359.53,12.0,-2549.98,0.0,0.0,32.0,-11637.23,6.0,-3082.65,0.0,0.0,0.0,0.0,22.0,-27.0
72,2019-06-03,2019-06-10,bearish,"LLY, MSFT, JPM","NVDA, TSLA, META",35.0,2.69,18960.63,5.24,720000.0,723629.19,3629.19,765848.03,45848.03,"Most names show strong short-term downtrends with bearish MACD, weak OBV, and high ADX confirming downside pressure, so I am keeping a large cash buffer. LLY stands out as the only relatively defensive setup with bullish MACD histogram, positive DI/OBV, low volatility, and neutral momentum; MSFT and JPM are secondary allocations due to stronger long-term structure and less extreme downside, while AAPL and AMZN get only small oversold bounce allocations.",6.0,4703.76,0.0,0.0,0.0,0.0,8.0,2054.58,0.0,0.0,18.0,13505.35,5.0,3495.68,0.0,0.0,0.0,0.0,28.0,-4798.74
73,2019-06-10,2019-06-17,neutral,"MSFT, AMZN, JPM","NVDA, GOOGL, LLY",20.0,0.16,1193.01,0.14,730000.0,734822.2,4822.2,776921.85,46921.85,"I favor stocks with the strongest combination of trend strength, bullish MACD confirmation, supportive ADX, and constructive volume/OBV trends. MSFT, AMZN, JPM, and AAPL have the cleanest bullish setups, while TSLA and AVGO get smaller tactical weights due to improving momentum but higher volatility or mixed trend structure. I avoid names with clearly negative trend alignment or weak confirmation such as NVDA, GOOGL, META, and LLY, and keep a meaningful cash buffer to manage one-week horizon risk and sector concentration.",12.0,598.84,0.0,0.0,0.0,0.0,14.0,-1042.53,6.0,2512.29,22.0,304.32,18.0,1802.69,0.0,0.0,8.0,-2982.6,0.0,0.0
74,2019-06-17,2019-06-24,neutral,"MSFT, AMZN, META","LLY, NVDA, AVGO",24.0,1.5,11150.91,1.97,740000.0,755973.11,15973.11,802417.84,62417.84,"I favor the strongest short-term trend names with bullish MACD, solid ADX, and supportive price structure above key moving averages: MSFT, AMZN, META, and AAPL. I keep a meaningful cash buffer because several leaders are near overbought levels and some names show weak volume confirmation, while avoiding clear relative laggards with bearish trend alignment such as LLY, NVDA, and AVGO.",12.0,2161.99,0.0,0.0,14.0,1980.57,6.0,-229.14,5.0,-230.04,18.0,4975.21,17.0,1871.07,4.0,621.24,0.0,0.0,0.0,0.0
75,2019-06-24,2019-07-01,bullish,"MSFT, AMZN, AAPL","LLY, JPM",15.0,1.21,9256.91,0.69,750000.0,775230.02,25230.02,818006.65,68006.65,"The portfolio leans toward large-cap tech names with the strongest trend quality: MSFT, AMZN, AAPL, and META all show strong EMA alignment, bullish MACD, and solid ADX, though several are short-term overbought so position sizes are moderated. I keep some exposure to turnaround or mixed setups like TSLA, GOOGL, AVGO, and NVDA at smaller weights, while maintaining a meaningful cash buffer because many charts are extended near upper Bollinger bands and volume confirmation is not uniformly strong. JPM and LLY receive minimal allocations due to weaker trend structure and lower conviction.",12.0,1374.71,4.0,2711.46,12.0,190.9,5.0,1769.37,7.0,846.32,14.0,-1634.44,14.0,464.49,8.0,-916.4,8.0,4641.93,1.0,-191.44
76,2019-07-01,2019-07-09,neutral,"AAPL, AMZN, META","LLY, JPM",15.0,0.17,1361.45,0.52,760000.0,786591.47,26591.47,832291.46,72291.46,"Portfolio leans toward large-cap tech names with the strongest combination of bullish trend structure, positive MACD, solid ADX, and supportive OBV, especially AAPL, AMZN, META, and MSFT. I am trimming exposure where signals look extended or mixed—such as JPM, NVDA, TSLA, AVGO, and GOOGL—and avoiding LLY due to clear bearish trend alignment, negative MACD, and weak volume confirmation. A 15% cash buffer is held to manage short-horizon risk given several names are near upper Bollinger bands and momentum is somewhat stretched.",16.0,-193.24,8.0,-3349.39,12.0,3031.89,4.0,130.55,6.0,599.37,11.0,496.51,16.0,4321.04,5.0,866.97,7.0,-4542.23,0.0,0.0
77,2019-07-09,2019-07-16,neutral,"META, AMZN, AAPL","AVGO, LLY",20.0,2.11,16772.93,0.87,770000.0,813364.4,43364.4,849632.01,79632.01,"The portfolio leans toward stocks with strong trend structure, bullish MACD, and supportive ADX/OBV profiles, with highest conviction in META, AMZN, and AAPL. I am tempering exposure with a meaningful cash buffer because several leaders are short-term overbought and some names show mixed volume confirmation or weakening momentum. AVGO and LLY are avoided due to weak trend alignment and less favorable technical setups for a 1-week horizon.",12.0,1548.52,4.0,1978.95,14.0,2591.98,10.0,1243.9,8.0,6182.71,10.0,361.92,14.0,1211.54,8.0,1653.42,0.0,0.0,0.0,0.0
78,2019-07-16,2019-07-23,neutral,"AMZN, META, JPM","LLY, TSLA",15.0,1.16,9561.6,0.08,780000.0,832926.0,52926.0,860349.04,80349.04,"The portfolio tilts toward stocks with strong trend confirmation, bullish MACD, solid ADX, and relatively better volume/OBV support, with AMZN, META, JPM, and AAPL standing out on risk-adjusted technical strength. I am keeping a meaningful cash buffer because many leaders are near overbought levels and several signals suggest short-term extension, so a slightly defensive but still pro-risk stance is appropriate for a 1-week horizon.",11.0,1922.14,7.0,2959.74,12.0,-717.37,12.0,1064.23,4.0,1016.57,9.0,1194.71,15.0,-946.92,8.0,-308.94,7.0,3377.45,0.0,0.0
79,2019-07-23,2019-07-30,neutral,"AAPL, MSFT, AMZN","LLY, TSLA",15.0,-0.53,-4474.69,0.23,790000.0,838451.31,48451.31,872350.65,82350.65,"The portfolio leans toward high-quality uptrends with strong EMA/SMA structure, positive or improving MACD, and supportive ADX/OBV signals, while trimming names that look extended near upper Bollinger Bands or have mixed momentum. I favor AAPL, MSFT, and AMZN for cleaner trend persistence, keep moderate exposure to JPM, META, GOOGL, AVGO, and NVDA, limit TSLA due to overbought/high-volatility conditions, avoid LLY because of the clear downtrend, and retain cash for risk control over the short 1-week horizon.",14.0,-33.9,8.0,-80.63,8.0,-1772.83,10.0,-557.8,4.0,-2321.07,12.0,769.8,12.0,-4866.64,8.0,4696.09,9.0,-307.72,0.0,0.0
80,2019-07-30,2019-08-06,neutral,"MSFT, AAPL, GOOGL","LLY, META, AMZN",15.0,-5.43,-46085.61,-4.3,800000.0,802365.7,2365.7,844441.41,44441.41,"I favor stocks with the strongest trend structure, positive MACD, solid ADX, and relatively contained volatility: MSFT, AAPL, GOOGL, JPM, and AVGO stand out on those dimensions. I am avoiding names with clearly bearish or unstable setups such as LLY, META, TSLA, and AMZN, while keeping a meaningful cash buffer because several leaders are near upper Bollinger bands and volume/OBV confirmation is mixed.",17.0,-8138.29,8.0,-8936.65,0.0,0.0,14.0,-5302.56,0.0,0.0,18.0,-6158.97,0.0,0.0,16.0,-6292.35,12.0,-11256.79,0.0,0.0
81,2019-08-06,2019-08-13,neutral,"GOOGL, MSFT, LLY","NVDA, AMZN, META",25.0,2.18,17700.42,1.65,810000.0,830066.12,20066.12,868543.65,58543.65,"For a 1-week horizon, I favor relative strength and lower technical damage over deep oversold names in strong downtrends. GOOGL stands out with the best EMA alignment and neutral momentum, MSFT is comparatively resilient, and LLY has improving MACD, strong Bollinger position, and positive OBV; AAPL gets a small tactical weight as an oversold bounce candidate. I am keeping elevated cash because most names show bearish MACD, weak OBV, and strong negative ADX trends, which argues for a defensive posture rather than forcing exposure.",5.0,2631.73,0.0,0.0,0.0,0.0,0.0,0.0,0.0,0.0,10.0,2358.28,0.0,0.0,45.0,8006.87,0.0,0.0,15.0,4703.55
82,2019-08-13,2019-08-20,neutral,"AAPL, MSFT, GOOGL","NVDA, JPM, AMZN",30.0,-0.57,-4789.1,-0.84,820000.0,835277.03,15277.03,871156.32,51156.32,"For a 1-week horizon, I favor names with the strongest trend structure and reasonable momentum confirmation: AAPL, MSFT, and GOOGL have solid EMA/SMA trends, golden crosses, and supportive OBV, even though MACD is not fully confirming. I am keeping a large cash buffer because several major names show bearish MACD with strong ADX downtrends, which raises short-term downside risk; LLY gets a smaller tactical weight for its strong MACD/DI setup despite overbought conditions, while NVDA, META, JPM, TSLA, and AMZN are avoided due to weaker short-term technicals.",20.0,1117.56,0.0,0.0,0.0,0.0,0.0,0.0,0.0,0.0,20.0,-1070.32,0.0,0.0,15.0,-1389.89,5.0,-493.02,10.0,-2953.44
83,2019-08-20,2019-08-27,neutral,"AAPL, MSFT, GOOGL","TSLA, JPM, META",20.0,-1.57,-13292.47,-1.11,830000.0,831984.56,1984.56,871375.28,41375.28,"I favor stocks with the strongest trend structure and better risk-adjusted setups over the next week, especially AAPL, MSFT, and GOOGL, which show constructive EMA/SMA trends and generally supportive momentum. I am avoiding names with clearly bearish trend/momentum combinations such as TSLA, JPM, and META, while keeping a meaningful cash buffer because several signals across the universe are mixed and short-horizon conviction is moderate rather than broad-based.",24.0,-5979.14,10.0,-3056.45,0.0,0.0,0.0,0.0,0.0,0.0,18.0,-1684.87,0.0,0.0,16.0,-1452.39,7.0,-1013.02,5.0,-106.6
84,2019-08-27,2019-09-04,neutral,"MSFT, AAPL, GOOGL","TSLA, JPM, META",35.0,1.38,11597.86,2.5,840000.0,853582.42,13582.42,903404.45,63404.45,"I favor the relatively stronger large-cap names with better trend structure and lower downside risk over the next week. MSFT, AAPL, and GOOGL have the best combination of supportive longer-term trend, neutral-to-stable momentum, and manageable volatility, while AVGO and NVDA get smaller tactical weights due to mixed but improving signals. I am holding a large cash buffer because many names show bearish MACD, weak OBV, and below-average volume, which argues for a defensive, risk-adjusted posture rather than full deployment.",16.0,3319.11,8.0,2967.07,0.0,0.0,0.0,0.0,0.0,0.0,18.0,2110.22,0.0,0.0,14.0,1152.77,9.0,2048.69,0.0,0.0
85,2019-09-04,2019-09-11,neutral,"MSFT, AAPL, AMZN","TSLA, JPM, LLY",15.0,2.98,25721.36,2.11,850000.0,889303.78,39303.78,932694.97,82694.97,"I favor large-cap tech names with the cleanest short-term trend structure and supportive MACD signals, especially MSFT and AAPL, while keeping moderate exposure to AMZN and selective positions in META/NVDA. Several names are extended near upper Bollinger ranges, volume confirmation is mixed, and trend strength is generally modest, so I retain meaningful cash and underweight weaker setups like TSLA, JPM, and LLY.",16.0,9511.41,8.0,6374.0,8.0,498.39,5.0,2876.77,3.0,3101.67,17.0,-1610.7,10.0,1072.87,8.0,2204.78,5.0,2286.96,5.0,-594.78
86,2019-09-11,2019-09-18,neutral,"AAPL, GOOGL, NVDA","LLY, MSFT",15.0,-0.46,-4113.43,0.28,860000.0,895190.35,35190.35,945363.84,85363.84,"The portfolio tilts toward names with the strongest trend confirmation, bullish MACD, positive EMA alignment, and supportive OBV/volume behavior, especially AAPL, GOOGL, NVDA, and AVGO. I am moderating exposure where momentum looks stretched near upper Bollinger Bands and overbought oscillators, and keeping a meaningful cash buffer for risk control over the short 1-week horizon. LLY is avoided due to clearly bearish trend structure, while MSFT and META receive only small weights because their trend signals are mixed and less decisive.",16.0,-527.7,12.0,-2546.75,4.0,-66.8,10.0,1972.21,6.0,-788.3,3.0,475.69,8.0,-218.24,14.0,1305.46,12.0,-3719.01,0.0,0.0
87,2019-09-18,2019-09-25,neutral,"AAPL, JPM, MSFT","AMZN, LLY",20.0,-0.72,-6530.52,-0.7,870000.0,898659.83,28659.83,948682.92,78682.92,"I favor stocks with strong trend structure, bullish MACD, and supportive ADX/OBV combinations, while trimming names that look extended or have mixed confirmation. AAPL, JPM, MSFT, and GOOGL offer the best balance of trend strength and relatively controlled volatility for a 1-week horizon; I avoid AMZN and LLY due to weaker trend alignment and less favorable directional confirmation, while keeping 20% in cash to manage short-horizon risk and sector concentration.",16.0,-1131.24,8.0,-704.11,5.0,-1284.61,14.0,-1862.37,4.0,-2199.31,14.0,768.45,0.0,0.0,14.0,1366.32,5.0,-1483.67,0.0,0.0
88,2019-09-25,2019-10-02,neutral,"JPM, AAPL, MSFT","META, TSLA, AMZN",24.0,-2.53,-22994.27,-3.21,880000.0,885665.56,5665.56,927888.42,47888.42,"I favor stocks with the strongest combination of positive trend structure and manageable 1-week risk: JPM, AAPL, MSFT, and GOOGL all show strong medium-term trend alignment, with JPM and MSFT also supported by bullish MACD. I am avoiding names with clearly bearish trend/momentum setups such as META, TSLA, and AMZN, while keeping a sizable cash buffer because several bullish candidates show weak volume confirmation or short-term overextension, which raises reversal risk over a 5-day horizon.",18.0,-1531.74,6.0,-1587.58,0.0,0.0,18.0,-6583.94,0.0,0.0,16.0,-4913.64,0.0,0.0,14.0,-6944.93,0.0,0.0,4.0,-1432.44
89,2019-10-02,2019-10-09,neutral,"AAPL, TSLA, MSFT","META, AMZN, LLY",46.0,1.31,11716.46,1.11,890000.0,907382.01,17382.01,948339.89,58339.89,"For a 1-week horizon, I favor names with the best near-term risk/reward and relatively stronger trend structure: AAPL has the strongest trend alignment and supportive volume, TSLA has positive MACD and price above key moving averages, and MSFT is deeply short-term oversold near the lower band, offering rebound potential. I am keeping a large cash buffer because most of the universe shows bearish MACD, weak OBV, and strong negative directional pressure, which argues for a defensive stance rather than forcing exposure.",24.0,7922.54,0.0,0.0,0.0,0.0,0.0,0.0,18.0,928.33,12.0,2865.59,0.0,0.0,0.0,0.0,0.0,0.0,0.0,0.0
90,2019-10-09,2019-10-16,neutral,"AAPL, MSFT, NVDA","AMZN, LLY, META",30.0,2.73,25006.82,2.45,900000.0,942388.84,42388.84,981799.14,81799.14,"Portfolio tilts toward names with the best combination of positive trend structure, supportive EMA alignment, and relatively constructive momentum: AAPL and MSFT are the cleanest large-cap setups, while NVDA and TSLA offer selective upside with higher volatility. I am keeping a large cash buffer because several stocks show clear bearish MACD/trend readings, and the overall cross-sectional signal set is mixed rather than broadly risk-on. GOOGL is included as a smaller position for diversification despite weaker short-term momentum than the top picks.",22.0,6525.07,12.0,8224.03,0.0,0.0,0.0,0.0,8.0,4567.97,18.0,2592.13,0.0,0.0,10.0,3097.62,0.0,0.0,0.0,0.0
91,2019-10-16,2019-10-23,neutral,"GOOGL, MSFT, AAPL","LLY, AMZN, AVGO",15.0,0.35,3309.98,0.5,910000.0,955698.82,45698.82,996718.28,86718.28,"The portfolio leans into names with the strongest trend confirmation, bullish MACD, solid ADX, and supportive OBV trends, with GOOGL, MSFT, and AAPL standing out as the best risk-adjusted setups. I am trimming exposure to more extended or less reliable names like META, AVGO, and TSLA, avoiding LLY due to clear bearish trend structure, and keeping a meaningful cash buffer because many stocks are near overbought levels after short-term runs.",14.0,5012.04,10.0,431.54,6.0,-1025.0,8.0,3463.23,8.0,-1487.16,14.0,-3010.3,5.0,-408.83,15.0,1681.43,5.0,-1346.97,0.0,0.0
92,2019-10-23,2019-10-30,neutral,"GOOGL, AAPL, NVDA","LLY, AMZN, MSFT",35.0,2.49,24015.89,1.42,920000.0,989714.7,69714.7,1021019.27,101019.27,"I favor stocks with strong trend confirmation, bullish MACD, solid EMA/SMA structure, and acceptable short-term momentum: GOOGL, AAPL, JPM, and NVDA stand out most, while TSLA earns a smaller tactical weight due to weaker trend strength and lack of golden cross. I am keeping a large cash buffer because several leaders are already near overbought extremes, breadth is mixed, and names like MSFT, AMZN, META, AVGO, and LLY show weaker or conflicting setups for a 1-week horizon.",16.0,50.83,12.0,4698.51,0.0,0.0,12.0,564.98,8.0,18300.81,0.0,0.0,0.0,0.0,17.0,400.76,0.0,0.0,0.0,0.0
93,2019-10-30,2019-11-06,bullish,"GOOGL, MSFT, AAPL","LLY, AMZN, TSLA",10.0,2.83,28323.53,0.97,930000.0,1028038.24,98038.24,1041053.94,111053.94,"The portfolio tilts toward names with the strongest combination of bullish trend structure, positive MACD, solid ADX, and better volume/OBV confirmation, with GOOGL, MSFT, AAPL, and AVGO standing out on a risk-adjusted basis. I am underweight or avoiding names that look extended, have weaker trend alignment, or show mixed confirmation such as AMZN, LLY, and to a lesser extent TSLA/JPM; a 10% cash buffer helps manage one-week horizon risk and elevated momentum conditions across several names.",14.0,8043.45,9.0,2052.16,8.0,1401.98,8.0,2270.87,6.0,2203.11,14.0,-532.3,4.0,354.51,16.0,3845.63,11.0,8684.12,0.0,0.0
94,2019-11-06,2019-11-13,bullish,"GOOGL, MSFT, META","LLY, AMZN",15.0,1.14,11821.32,0.65,940000.0,1049859.55,109859.55,1057898.94,117898.94,"The broad setup is moderately bullish: most names show strong EMA alignment, positive MACD, rising OBV, and solid ADX, so I want meaningful equity exposure. I overweight GOOGL, MSFT, and META because they combine strong trend quality with less extreme overbought conditions than AAPL, JPM, TSLA, and AVGO; I keep some cash because many leaders are extended near upper Bollinger Bands and short-term momentum is crowded. I underweight or avoid weaker-structure names like AMZN and LLY, where trend confirmation is less convincing.",10.0,3237.91,8.0,375.97,12.0,1066.5,8.0,-526.64,7.0,4345.34,14.0,3278.54,3.0,-739.78,16.0,665.12,7.0,118.35,0.0,0.0
95,2019-11-13,2019-11-20,neutral,"MSFT, GOOGL, AAPL","AMZN, LLY, JPM",12.0,0.87,9228.54,0.54,950000.0,1069088.09,119088.09,1073668.39,123668.39,"The portfolio leans into names with strong trend structure, bullish MACD, solid ADX, and generally supportive OBV, with highest conviction in MSFT, GOOGL, and AAPL/META quality trend setups. I am trimming exposure to overbought or less reliable setups like TSLA, NVDA, and AVGO, avoiding AMZN due to clear bearish trend alignment, and keeping a modest cash buffer for risk control given stretched momentum across several large-cap growth names.",10.0,-512.94,8.0,1061.03,10.0,2369.99,6.0,569.21,8.0,1496.81,16.0,3245.29,0.0,0.0,16.0,743.1,10.0,-675.78,4.0,931.84
96,2019-11-20,2019-11-27,neutral,"MSFT, GOOGL, META","AMZN, TSLA, LLY",10.0,1.31,14094.99,1.52,960000.0,1093183.08,133183.08,1100092.38,140092.38,"I favor large-cap names with strong trend structure, positive EMA/SMA alignment, and either bullish MACD or strong ADX/OBV confirmation. MSFT, GOOGL, META, and AAPL offer the best balance of trend quality and near-term risk-adjusted upside, while AMZN is avoided due to clear bearish trend alignment and negative MACD; some cash is retained because several leaders are extended or near overbought levels for a 1-week horizon.",14.0,2669.08,6.0,2213.86,14.0,3434.34,8.0,1618.26,5.0,-3206.14,16.0,3115.69,0.0,0.0,15.0,1276.88,7.0,1640.74,5.0,1332.27
97,2019-11-27,2019-12-05,bullish,"GOOGL, META, MSFT","TSLA, JPM, LLY",10.0,-1.2,-13291.43,-1.1,970000.0,1089891.65,119891.65,1097917.41,127917.41,"The portfolio leans into stocks with strong trend structure, supportive ADX, and either bullish or relatively stable momentum, while trimming names that look extended near upper Bollinger bands or show bearish MACD divergence. GOOGL, META, MSFT, and NVDA offer the best balance of trend strength and less extreme overbought risk, while AAPL and JPM are kept smaller due to stretched momentum, TSLA is avoided because of negative directional strength and bearish MACD, and some cash is held for risk control over the short 1-week horizon.",8.0,-744.69,12.0,-5762.57,14.0,-2018.5,4.0,334.14,0.0,0.0,14.0,-2423.42,8.0,-3786.89,18.0,2244.31,8.0,-2009.29,4.0,875.48
98,2019-12-05,2019-12-12,neutral,"GOOGL, AAPL, TSLA","AMZN, NVDA, LLY",15.0,2.7,29701.79,1.64,980000.0,1129593.44,149593.44,1126061.89,146061.89,"The portfolio leans toward stocks with strong medium-term trend structure, positive EMA alignment, and relatively favorable risk/reward for a 1-week horizon, while discounting names showing clear short-term technical deterioration or overextended conditions. GOOGL, AAPL, MSFT, and TSLA stand out on trend quality and/or tactical setup, while AMZN is avoided due to broad bearish trend alignment and LLY/JPM are kept smaller because of overbought readings despite strong trends. A 15% cash buffer is maintained because many otherwise bullish names have bearish MACD histograms, suggesting upside may be more selective than broad-based over the next week.",14.0,3409.28,3.0,2423.3,9.0,-1295.96,8.0,3280.01,12.0,11709.71,12.0,2913.9,0.0,0.0,14.0,2498.44,6.0,3522.45,7.0,1240.68
99,2019-12-12,2019-12-19,neutral,"GOOGL, AAPL, AVGO","META, AMZN, LLY",15.0,2.38,27137.32,1.19,990000.0,1166730.76,176730.76,1149567.78,159567.78,"I favor stocks with strong trend structure, positive or improving MACD, solid ADX, and volume/OBV confirmation while trimming names that look extended on short-term momentum. GOOGL, AAPL, AVGO, MSFT, and JPM offer the best mix of trend strength and confirmation, while META and AMZN have weaker technical setups; I keep a meaningful cash buffer because several leaders are near overbought levels and the 1-week horizon raises mean-reversion risk.",12.0,4312.18,8.0,4634.25,0.0,0.0,10.0,-553.22,8.0,11243.86,10.0,1836.86,0.0,0.0,18.0,1209.32,12.0,-1543.56,7.0,5997.63
100,2019-12-19,2019-12-27,bullish,"GOOGL, AVGO, AAPL","LLY, TSLA, AMZN",15.0,1.34,15801.07,1.11,1000000.0,1192531.83,192531.83,1172385.73,172385.73,"The tape is broadly bullish with strong trend alignment, positive MACD, and healthy ADX across most names, but many stocks are short-term overbought, so I am balancing momentum exposure with a meaningful cash buffer. I favor GOOGL, AVGO, AAPL, MSFT, and JPM for stronger trend quality and relatively better risk-adjusted setups, while trimming or avoiding the most extended names such as LLY and keeping TSLA/NVDA smaller due to elevated momentum and volatility risk over a 1-week horizon.",11.0,4520.86,8.0,563.74,8.0,931.98,10.0,1533.55,7.0,5369.9,10.0,2456.08,5.0,2544.81,14.0,-218.62,12.0,-1901.23,0.0,0.0
101,2019-12-27,2020-01-06,bullish,"GOOGL, MSFT, AAPL","JPM, LLY, AMZN",8.0,1.67,20096.23,0.24,1010000.0,1222628.06,212628.06,1185242.19,175242.19,"The portfolio leans bullish but stays selective, favoring names with strong trend structure, positive MACD, solid ADX, and less extreme short-term overbought risk. GOOGL, MSFT, and AAPL offer the best balance of trend quality and risk-adjusted setup, while META and AVGO add diversification; exposure is reduced in names with weaker confirmation, stretched momentum, or poorer recent model reliability such as JPM, LLY, and AMZN, with a modest cash buffer for risk control.",14.0,5809.37,7.0,67.51,10.0,2600.37,5.0,-9.75,8.0,4729.88,14.0,74.11,6.0,1276.49,16.0,6131.66,8.0,-854.05,4.0,270.63
102,2020-01-06,2020-01-13,bullish,"GOOGL, MSFT, AAPL","AVGO, LLY",20.0,3.49,42998.77,1.33,1020000.0,1275626.83,255626.83,1211159.47,191159.47,"The portfolio leans into strong trend-following names with broad technical confirmation, especially GOOGL, MSFT, AAPL, and AMZN, while moderating exposure where momentum looks stretched or short-term signals are mixed. A meaningful cash buffer is retained because several leaders are near overbought extremes, making 1-week mean reversion risk elevated despite the generally bullish tape.",12.0,8466.37,4.0,3103.16,8.0,4318.26,6.0,-551.09,8.0,16012.09,12.0,3952.97,10.0,-750.11,16.0,5956.88,0.0,0.0,4.0,2490.23
103,2020-01-13,2020-01-21,bullish,"GOOGL, MSFT, AAPL","AVGO, JPM, LLY",15.0,1.13,14540.33,1.02,1030000.0,1300167.16,270167.16,1233633.61,203633.61,"The portfolio leans bullish but stays selective because many leaders are strongly trending yet short-term overbought. I favor GOOGL, MSFT, AAPL, and TSLA for their strong trend alignment, bullish MACD, solid ADX, and generally supportive volume/OBV, while keeping meaningful cash due to stretched momentum across much of the universe. AVGO is avoided on weak trend structure and bearish MACD, while JPM and LLY receive smaller weights because of mixed momentum and lower short-horizon edge.",12.0,-189.81,8.0,-1649.03,8.0,-217.83,4.0,-134.93,12.0,6566.53,14.0,3549.54,8.0,38.06,16.0,6030.92,0.0,0.0,3.0,546.88
104,2020-01-21,2020-01-28,bullish,"GOOGL, MSFT, AAPL","AVGO, JPM, LLY",15.0,-0.6,-7829.73,-1.33,1040000.0,1302337.43,262337.43,1227079.12,187079.12,"The portfolio leans into strong trend-following names with 4/4 EMA alignment, bullish MACD, strong ADX, and supportive volume/OBV, with highest conviction in GOOGL, MSFT, and AAPL. I am trimming exposure where momentum is extremely overbought or signals are mixed, and holding meaningful cash because several leaders are extended near upper Bollinger Bands, which raises short-horizon pullback risk over a 1-week horizon. JPM and AMZN get smaller weights due to weaker momentum/MACD, while AVGO is avoided because trend quality and momentum are notably weaker than the rest.",12.0,556.23,8.0,12.7,8.0,-1727.64,6.0,-1384.47,7.0,3301.75,14.0,-1145.75,7.0,-1878.34,16.0,-4490.27,0.0,0.0,7.0,-1073.94
105,2020-01-28,2020-02-04,neutral,"TSLA, GOOGL, AAPL","JPM, AMZN, META",10.0,10.09,132442.78,0.66,1050000.0,1444780.2,394780.2,1245291.13,195291.13,"I favor stocks with strong multi-timeframe uptrends, full EMA alignment, golden crosses, and solid ADX readings, while discounting names with bearish MACD, weak breadth confirmation, or deteriorating trend structure. TSLA, GOOGL, AAPL, MSFT, and AVGO offer the best near-term risk/reward, while JPM and AMZN look technically weaker; I keep a 10% cash buffer because several leaders show late-stage momentum with mixed MACD/OBV confirmation.",14.0,670.84,6.0,-266.74,4.0,-1918.58,0.0,0.0,16.0,118584.02,14.0,16278.5,0.0,0.0,16.0,-736.84,12.0,-3319.69,8.0,3151.26
106,2020-02-04,2020-02-11,neutral,"MSFT, AMZN, AAPL","TSLA, META, AVGO",20.0,2.57,37315.79,1.88,1060000.0,1492095.99,432095.99,1278943.29,218943.29,"I favor stocks with strong medium-term trend structure, supportive ADX, and either bullish or only mildly negative momentum signals, while avoiding names showing clear short-term technical deterioration or extreme overbought blow-off risk. MSFT, AMZN, AAPL, GOOGL, and LLY offer the best balance of trend strength and manageable volatility for a 1-week horizon, while TSLA looks too extended, META has weak momentum and trend confirmation, and AVGO lacks trend strength. A 20% cash buffer is appropriate given mixed MACD signals across several large-cap names and elevated short-term reversal risk in momentum leaders.",12.0,831.42,8.0,9776.6,0.0,0.0,6.0,1748.46,0.0,0.0,18.0,6280.49,14.0,10048.98,12.0,7808.33,0.0,0.0,10.0,821.51
107,2020-02-11,2020-02-19,neutral,"MSFT, GOOGL, AAPL","META, LLY",10.0,3.75,56403.54,0.92,1070000.0,1558499.53,488499.53,1300784.49,230784.49,"Portfolio tilts toward stocks with the strongest combination of trend strength, bullish MACD, positive ADX, and supportive volume/OBV, while avoiding names with weaker or deteriorating setups. MSFT and GOOGL offer the best risk-adjusted technical profiles, AAPL adds stable large-cap trend exposure, and TSLA/NVDA/AMZN are sized smaller due to stronger upside but higher short-term overextension risk. META is excluded on bearish trend/momentum signals, and some cash is retained given broad tech overbought conditions and the 1-week horizon.",12.0,2261.47,8.0,20997.62,0.0,0.0,8.0,-444.14,10.0,27746.04,16.0,4367.19,10.0,1356.27,16.0,2357.07,8.0,-1677.76,2.0,-560.24
108,2020-02-19,2020-02-26,neutral,"MSFT, GOOGL, META","AVGO, LLY, JPM",15.0,-8.5,-133288.46,-7.93,1080000.0,1435211.07,355211.07,1206802.11,126802.11,"The portfolio tilts toward stocks with strong trend structure, bullish MACD, solid ADX, and supportive OBV, while avoiding names with weakening momentum or bearish MACD. MSFT, GOOGL, META, AAPL, and AMZN offer the best balance of trend strength and lower near-term technical fragility, while cash is kept elevated because several leaders are overbought and the 1-week horizon favors risk control. NVDA and TSLA retain smaller positions due to exceptional trend strength but are capped because of stretched momentum and higher reversal risk.",10.0,-15010.27,8.0,-18760.2,10.0,-14632.79,6.0,-7426.65,8.0,-18959.73,16.0,-22927.81,10.0,-13777.55,14.0,-19354.35,0.0,0.0,3.0,-2439.11
109,2020-02-26,2020-03-04,bearish,"TSLA, NVDA, MSFT","META, JPM, AVGO",40.0,0.49,7051.32,0.44,1090000.0,1452262.39,362262.39,1222114.24,132114.24,"The setup is broadly risk-off: most stocks show bearish MACD, weak OBV, strong negative ADX trends, and prices sitting near lower Bollinger Bands, which is consistent with a market under pressure. I am keeping a large cash buffer and only allocating selectively to names with relatively better medium-term trend structure or rebound potential, led by TSLA and NVDA, while avoiding the weakest technical breakdowns such as META, JPM, and AVGO.",5.0,2491.4,12.0,11034.84,0.0,0.0,0.0,0.0,18.0,-9786.9,8.0,258.17,7.0,-192.15,5.0,-460.95,0.0,0.0,5.0,3706.91
110,2020-03-04,2020-03-11,bearish,"NVDA, LLY, AAPL","META, JPM, AVGO",45.0,-5.16,-75402.46,-12.31,1100000.0,1386859.93,286859.93,1080492.55,-19507.45,"Given the 2020-03-04 backdrop, capital preservation matters: most names show bearish MACD readings, weak short-term trend structure, and elevated ADX indicating strong downside pressure rather than healthy uptrends. I am concentrating limited exposure in relatively stronger setups with better EMA alignment and less damaged trend profiles—NVDA and LLY lead, with smaller positions in AAPL, MSFT, TSLA, AMZN, and GOOGL—while holding a large cash buffer to protect risk-adjusted returns during a fragile market regime.",8.0,-10552.81,12.0,-23461.14,0.0,0.0,0.0,0.0,6.0,-13493.39,8.0,-11605.49,6.0,-6881.36,5.0,-9033.31,0.0,0.0,10.0,-374.96
111,2020-03-11,2020-03-18,bearish,LLY,"JPM, META, AVGO",65.0,0.77,10719.16,-12.52,1110000.0,1407579.09,297579.09,953922.66,-156077.34,"The setup is broadly bearish across mega-cap tech and financials: most names show negative MACD, weak EMA alignment, strong downside ADX trends, lower Bollinger positioning, and declining OBV, which argues for a defensive stance over a 1-week horizon. LLY is the only clear relative-strength outlier with bullish EMA alignment, positive MACD histogram, supportive volume, and improving OBV, so it earns the sole equity allocation while most capital remains in cash due to elevated market stress and high volatility.",0.0,0.0,0.0,0.0,0.0,0.0,0.0,0.0,0.0,0.0,0.0,0.0,0.0,0.0,0.0,0.0,0.0,0.0,35.0,10719.16
112,2020-03-18,2020-03-25,bearish,"LLY, AMZN, MSFT","TSLA, JPM, AVGO",50.0,-3.92,-55572.64,3.43,1120000.0,1362006.45,242006.45,997022.32,-122977.68,"The market backdrop on 2020-03-18 is highly defensive, and most stocks here show strong bearish trend signals: negative MACD, weak EMA alignment, high ADX with dominant -DI, and positions near lower Bollinger Bands. LLY stands out as the only clear technical long with positive EMA alignment, bullish MACD, and relatively stable volatility, while AMZN, AAPL, and MSFT get small tactical allocations due to comparatively better quality, OBV support, and less extreme damage. A large cash position is appropriate to preserve capital and improve risk-adjusted returns during a high-volatility selloff.",5.0,-330.44,0.0,0.0,0.0,0.0,0.0,0.0,0.0,0.0,5.0,3291.5,10.0,4325.55,0.0,0.0,0.0,0.0,30.0,-62859.26
113,2020-03-25,2020-04-01,bearish,"AMZN, NVDA, AVGO","META, JPM, GOOGL",20.0,-0.32,-4328.7,-0.26,1130000.0,1367677.75,237677.75,1004410.73,-125589.27,"The backdrop on 2020-03-25 remains highly volatile and fragile, so I favor a defensive posture with meaningful cash while selectively owning names showing relative strength or early bullish reversals. AMZN and NVDA have the best near-term technical setups with bullish MACD, decent/positive EMA structure, and supportive ADX/volume context; AVGO and TSLA offer higher-beta rebound potential, while AAPL and MSFT are kept smaller due to stronger downtrend signals. I avoid META, JPM, GOOGL, and LLY because their trend structures remain weak and/or momentum confirmation is insufficient for a 1-week risk-adjusted trade.",6.0,-1545.69,22.0,-3133.77,0.0,0.0,0.0,0.0,8.0,-11742.39,6.0,2908.03,24.0,3816.93,0.0,0.0,14.0,5368.19,0.0,0.0
114,2020-04-01,2020-04-08,neutral,"LLY, MSFT, AMZN","JPM, META, AVGO",10.0,7.93,109283.55,11.33,1140000.0,1486961.3,346961.3,1129307.27,-10692.73,"For a 1-week horizon on 2020-04-01, I favor names showing the best near-term stabilization and bullish MACD improvement with less damaged trend structure: LLY, MSFT, AMZN, and NVDA. I keep meaningful cash because the broader tape remains fragile and several stocks still have clearly negative EMA/SMA trends, while avoiding JPM and underweighting deeply broken names despite short-term rebound potential.",8.0,11510.49,10.0,13534.8,3.0,3801.56,0.0,0.0,4.0,7699.16,18.0,21226.28,17.0,16610.56,8.0,10490.41,2.0,4616.7,20.0,19793.61
115,2020-04-08,2020-04-16,neutral,"AMZN, MSFT, LLY","JPM, META",10.0,8.88,132957.16,1.85,1150000.0,1629918.46,479918.46,1160386.3,10386.3,"The setup looks cautiously bullish for a 1-week horizon: most names show improving MACD histograms and recovering price action, but many are also short-term overbought near upper Bollinger Bands, which argues for selective exposure and some cash. I favor stocks with the strongest trend quality and confirmation—AMZN, MSFT, and LLY—while keeping smaller weights in rebound candidates and underweighting weaker trend structures like JPM and META.",8.0,9280.96,9.0,14005.08,4.0,676.84,3.0,-3319.35,6.0,32135.96,16.0,17274.9,18.0,48165.22,7.0,4378.14,6.0,-966.64,13.0,11326.04
116,2020-04-16,2020-04-23,neutral,"MSFT, AMZN, AAPL","JPM, META",15.0,-1.21,-19861.35,-0.01,1160000.0,1620057.11,460057.11,1170302.07,10302.07,"The setup is broadly constructive for large-cap growth: MSFT, AMZN, AAPL, LLY, NVDA, and TSLA all show bullish MACD, strong ADX, and favorable trend structure, though many are short-term overbought, so position sizes are moderated and cash is retained. I am underweight or avoiding weaker trend names like JPM and META, and keeping GOOGL/AVGO smaller due to mixed EMA alignment and less decisive trend confirmation. The portfolio leans into strong momentum but preserves 15% cash to manage one-week pullback risk after the sharp rebound.",12.0,-8003.72,9.0,-5353.79,3.0,2478.72,0.0,0.0,8.0,-6968.02,16.0,-8329.29,14.0,-833.23,8.0,1433.56,5.0,203.16,10.0,5511.27
117,2020-04-23,2020-04-30,neutral,"MSFT, AMZN, LLY","JPM, META",10.0,3.74,60918.89,4.08,1170000.0,1690976.0,520976.0,1228516.16,58516.16,"I favor stocks with strong trend structure, bullish MACD, solid ADX, and either supportive OBV or less extreme overbought risk. MSFT, AMZN, and LLY stand out on trend strength and quality, while AAPL and TSLA add upside but with more caution due to weaker volume confirmation or higher volatility. I avoid JPM because its primary trend remains decisively bearish, and I keep a 10% cash buffer given broad post-rebound overbought conditions across several names.",11.0,12237.13,8.0,3797.25,4.0,6896.03,0.0,0.0,9.0,15852.87,16.0,11852.23,15.0,7596.77,7.0,6779.81,5.0,3994.42,15.0,-8087.62
118,2020-04-30,2020-05-07,neutral,"MSFT, AAPL, AMZN","META, JPM, LLY",15.0,0.47,7984.31,-0.96,1180000.0,1708960.3,528960.3,1226577.66,46577.66,"The portfolio tilts toward large-cap tech names with the strongest combination of bullish MACD, supportive EMA/SMA trends, rising OBV, and manageable volatility, with MSFT, AAPL, AMZN, and NVDA standing out on risk-adjusted technical strength. I am trimming or underweighting names that look extended or have mixed trend structure such as META, GOOGL, AVGO, and LLY, while keeping a meaningful cash buffer given the sharp post-crash rebound environment and elevated short-term overbought readings across many growth stocks.",12.0,6905.85,10.0,7326.93,3.0,1632.75,5.0,-4041.08,8.0,-320.23,14.0,5833.45,12.0,-8777.69,8.0,2281.59,8.0,-1938.81,5.0,-918.46
119,2020-05-07,2020-05-14,neutral,"AAPL, MSFT, TSLA","JPM, META, AVGO",20.0,1.23,21180.33,-0.94,1190000.0,1740140.64,550140.64,1224929.12,34929.12,"The portfolio leans toward large-cap tech names with strong trend structure, bullish MACD/EMA setups, and supportive OBV trends, while keeping meaningful cash because many leaders are extended near upper Bollinger Bands and overbought on stochastic measures. AAPL, MSFT, and TSLA offer the best balance of trend strength and momentum, while GOOGL, NVDA, AMZN, and LLY receive smaller allocations due to mixed signals or weaker confirmation; JPM, META, and AVGO are avoided because of poor trend alignment or elevated reversal risk.",16.0,6010.61,8.0,7374.98,0.0,0.0,0.0,0.0,14.0,7185.32,16.0,-4598.85,8.0,1233.67,10.0,-1559.15,0.0,0.0,8.0,5533.75
120,2020-05-14,2020-05-21,neutral,"AAPL, AMZN, MSFT","JPM, AVGO",15.0,2.77,48453.85,3.48,1200000.0,1798594.49,598594.49,1277873.91,77873.91,"The portfolio leans toward large-cap growth names with strong medium-term trend structure, especially AAPL, AMZN, MSFT, and NVDA, while moderating exposure where momentum is extended or MACD/volume confirmation is weaker. I am avoiding JPM due to clearly bearish trend and momentum signals, and AVGO due to mixed trend structure and negative directional strength; a meaningful cash buffer is retained for risk control given overbought conditions in several leaders and a short 1-week horizon.",18.0,7439.47,12.0,19476.92,4.0,8320.39,0.0,0.0,8.0,4229.98,12.0,3967.98,14.0,5937.67,8.0,5148.03,0.0,0.0,9.0,-6066.6
121,2020-05-21,2020-05-29,bullish,"NVDA, AAPL, MSFT","JPM, LLY",12.0,0.71,12917.49,3.2,1210000.0,1821511.98,611511.98,1329102.97,119102.97,"The portfolio leans into large-cap tech names with strong trend structure, positive EMA alignment, solid ADX readings, and generally supportive OBV trends. NVDA, AAPL, MSFT, AMZN, and GOOGL offer the best balance of momentum and trend quality, while META is trimmed due to extreme overbought conditions and TSLA is kept smaller because of bearish MACD divergence and higher volatility. Cash is held as a risk buffer given broad overbought readings across many growth names, and JPM/LLY are avoided due to weaker trend setups and mixed-to-bearish momentum.",14.0,871.04,15.0,3099.22,5.0,-2462.12,0.0,0.0,7.0,1132.02,14.0,-248.45,14.0,-452.23,13.0,4474.19,6.0,6503.83,0.0,0.0
122,2020-05-29,2020-06-05,neutral,"GOOGL, MSFT, AAPL","LLY, AVGO, META",15.0,3.23,59098.06,4.94,1220000.0,1890610.04,670610.04,1405195.22,185195.22,"The portfolio tilts toward large-cap tech names with strong trend structure, solid EMA alignment, and relatively better risk-adjusted setups, especially GOOGL, MSFT, and AAPL. I am reducing exposure where momentum looks extended or conflicted by bearish MACD/overbought readings, such as AVGO, NVDA, TSLA, and META, while keeping a meaningful cash buffer given broad post-rebound uncertainty and short 1-week horizon. JPM is included as a cyclical diversifier with strong MACD and OBV, while LLY gets only a small weight due to weak momentum and bearish trend confirmation.",14.0,10935.9,6.0,601.4,5.0,2310.87,8.0,20959.49,7.0,7778.33,14.0,5526.94,8.0,2437.45,16.0,1328.7,5.0,8114.68,2.0,-895.7
123,2020-06-05,2020-06-12,neutral,"TSLA, AVGO, MSFT","LLY, JPM",15.0,-0.16,-2963.2,-4.74,1230000.0,1897646.83,667646.83,1348145.06,118145.06,"The portfolio leans moderately bullish but keeps meaningful cash because many names are extended near upper Bollinger Bands and several show bearish MACD divergences despite strong medium-term trend alignment. Highest allocations go to TSLA, AVGO, MSFT, AMZN, and GOOGL, where trend structure remains strong and momentum is still supportive; LLY is avoided due to weak trend, bearish MACD, low ADX, and deteriorating volume/OBV.",8.0,3348.29,9.0,239.67,8.0,-1442.96,6.0,-11646.66,14.0,14907.72,10.0,548.28,10.0,4747.31,10.0,-3576.76,10.0,-10088.1,0.0,0.0
124,2020-06-12,2020-06-19,bullish,"AAPL, MSFT, AMZN","JPM, LLY, META",15.0,3.54,67618.81,1.9,1240000.0,1975265.65,735265.65,1383986.7,143986.7,"The portfolio leans into large-cap tech names with strong trend structure, full EMA alignment, and generally supportive MACD/ADX setups, especially AAPL, MSFT, AMZN, and TSLA. I am underweight or avoiding names with weaker short-term technicals such as JPM, LLY, and to a lesser extent META/GOOGL where bearish MACD or trend conflict reduces conviction. A 15% cash buffer is appropriate given the short 1-week horizon and elevated concentration risk across growth equities.",17.0,10452.56,8.0,5616.76,4.0,3408.37,0.0,0.0,14.0,18737.89,16.0,12047.01,15.0,14615.32,6.0,949.43,5.0,1791.48,0.0,0.0
125,2020-06-19,2020-06-26,bullish,"MSFT, AMZN, LLY","JPM, GOOGL",15.0,-0.49,-9759.03,-2.78,1250000.0,1975506.62,725506.62,1355189.28,105189.28,"The portfolio leans toward large-cap growth names with strong trend structure, bullish EMA alignment, and favorable MACD/ADX setups, especially MSFT, AMZN, AAPL, and LLY. I am trimming positions where momentum is extended near upper Bollinger Bands or where MACD/OBV are less supportive, and avoiding JPM due to weak trend alignment and bearish directional indicators. A 15% cash buffer is appropriate given several stocks are somewhat overbought after strong rebounds, which limits downside while preserving flexibility.",12.0,2663.58,6.0,-1366.61,6.0,-11328.47,0.0,0.0,8.0,-6531.21,16.0,1920.71,14.0,1855.66,4.0,-3461.51,6.0,1825.45,13.0,4663.37
126,2020-06-26,2020-07-06,neutral,"AMZN, MSFT, AAPL","META, JPM, GOOGL",15.0,9.18,182228.85,5.67,1260000.0,2167735.47,907735.47,1442537.07,182537.07,"I favor stocks with strong trend structure, bullish or improving MACD, solid ADX, and relatively controlled volatility. AMZN, MSFT, AAPL, and LLY stand out on trend quality, while smaller positions in NVDA, TSLA, and AVGO reflect mixed momentum or weaker confirmation; I avoid META, JPM, and GOOGL due to bearish MACD, weak trend alignment, and downside pressure. Holding 15% cash is prudent given mixed breadth, several OBV downtrends, and the short 1-week horizon.",14.0,15893.96,6.0,8903.87,0.0,0.0,0.0,0.0,8.0,68161.05,16.0,23252.03,20.0,53701.99,0.0,0.0,8.0,5880.11,13.0,6435.84
127,2020-07-06,2020-07-13,bullish,"MSFT, GOOGL, AMZN","JPM, TSLA, META",10.0,0.4,8776.86,-0.7,1270000.0,2186512.33,916512.33,1442412.44,172412.44,"The portfolio leans into strong uptrends with positive EMA alignment, golden crosses, rising OBV, and favorable MACD/ADX combinations, with highest weights in MSFT, GOOGL, AMZN, AAPL, and LLY. I am trimming exposure where momentum looks excessively extended or MACD is weakening near upper Bollinger bands, especially TSLA, META, AVGO, and NVDA, while avoiding JPM due to its clearly bearish trend structure. A 10% cash buffer helps manage one-week pullback risk given broad overbought conditions across large-cap growth.",12.0,5634.08,8.0,3771.56,3.0,-348.03,0.0,0.0,4.0,7969.27,16.0,-6002.96,14.0,4683.37,16.0,2922.93,7.0,-3576.82,10.0,-6276.55
128,2020-07-13,2020-07-20,bullish,"AMZN, GOOGL, MSFT","LLY, AVGO, TSLA",10.0,2.91,63813.8,3.01,1280000.0,2260326.12,980326.12,1496145.29,216145.29,"The portfolio leans into large-cap tech names with the strongest combination of bullish trend structure, positive MACD, solid ADX, and generally supportive volume/OBV confirmation. AMZN, GOOGL, MSFT, and AAPL stand out on trend quality, while NVDA and META remain constructive but get smaller weights due to weaker confirmation or higher volatility. TSLA is kept small despite exceptional trend strength because it is extremely extended and volatile, while JPM, AVGO, and LLY receive limited allocations due to mixed technicals; a 10% cash buffer helps manage short-horizon risk.",14.0,9275.8,10.0,10018.64,8.0,4720.21,3.0,-236.18,4.0,8565.03,14.0,6727.26,16.0,10511.55,15.0,11244.56,4.0,1642.56,2.0,1344.36
129,2020-07-20,2020-07-27,bullish,"GOOGL, AAPL, AMZN","JPM, TSLA, META",5.0,-2.93,-66603.71,-0.34,1290000.0,2203722.41,913722.41,1501036.83,211036.83,"The portfolio tilts toward stocks with strong trend structure, bullish EMA alignment, positive or improving MACD, and solid ADX support, while avoiding excessive concentration in the most overbought names. GOOGL, AAPL, AMZN, LLY, MSFT, and NVDA offer the best mix of trend persistence and manageable short-term risk, whereas TSLA and JPM receive smaller weights due to extreme overbought conditions and weaker trend quality respectively; a modest cash buffer helps manage 1-week horizon volatility.",14.0,-11463.88,10.0,-1927.81,5.0,-5513.47,3.0,-280.0,4.0,-5715.2,10.0,-8315.18,12.0,-12069.9,18.0,-8991.98,8.0,-2548.59,11.0,-9777.7
130,2020-07-27,2020-08-03,neutral,"GOOGL, AMZN, AAPL","META, LLY, TSLA",20.0,2.52,55785.8,1.72,1300000.0,2269508.2,969508.2,1537076.57,237076.57,"I favor names with strong medium-term trend structure, positive EMA alignment, golden crosses, and relatively better ADX support, while discounting bearish MACD histograms and weak OBV where short-term momentum is fading. GOOGL, AMZN, AAPL, and MSFT offer the best balance of trend quality and manageable volatility for a 1-week horizon; I keep elevated cash because many stocks show late-trend fatigue, bearish MACD divergence, and high cross-sector correlation in mega-cap tech.",12.0,39583.64,8.0,10004.86,0.0,0.0,6.0,-1096.61,5.0,-3925.35,10.0,13780.81,16.0,6571.01,18.0,-12159.19,5.0,3026.63,0.0,0.0
131,2020-08-03,2020-08-10,bullish,"AAPL, MSFT, NVDA","JPM, LLY",15.0,0.77,17485.03,2.06,1310000.0,2296993.23,986993.23,1578978.33,268978.33,"The portfolio leans into large-cap tech names with strong trend structure, positive EMA alignment, and generally supportive ADX/volume signals, while moderating exposure where momentum looks stretched or MACD has started to soften. I am avoiding JPM and LLY due to weaker trend/momentum profiles, keeping only a small GOOGL position for potential mean reversion, and holding meaningful cash because several leaders are near overbought conditions after strong runs.",16.0,13369.39,12.0,3844.71,10.0,9988.0,0.0,0.0,6.0,-6118.29,14.0,-12217.68,12.0,3188.21,5.0,1080.75,10.0,4349.93,0.0,0.0
132,2020-08-10,2020-08-17,bullish,"META, AAPL, MSFT","LLY, TSLA, JPM",15.0,2.52,58021.06,0.7,1320000.0,2365014.3,1045014.3,1600059.24,280059.24,"I favor stocks with strong trend structure, bullish MACD, solid ADX, and supportive volume/OBV, while trimming names that look extended near upper Bollinger Bands or show weakening momentum. META, AAPL, MSFT, NVDA, and AVGO have the best balance of trend strength and near-term continuation potential, while AMZN is sized smaller due to bearish MACD, JPM and GOOGL get limited exposure due to weaker trend quality, TSLA is kept minimal because of bearish momentum and high volatility, and LLY is avoided given its clear downside technical profile. A 15% cash buffer helps manage short-horizon risk in a market that is broadly constructive but somewhat stretched.",14.0,5386.36,11.0,26638.4,14.0,-2259.6,5.0,-1065.91,3.0,20348.19,13.0,2923.56,9.0,2258.87,5.0,1496.58,11.0,2294.61,0.0,0.0
133,2020-08-17,2020-08-24,bullish,"NVDA, AVGO, AAPL","LLY, JPM",10.0,3.96,94154.8,1.48,1330000.0,2469169.09,1139169.09,1633930.23,303930.23,"The portfolio tilts toward stocks with strong trend structure, bullish EMA alignment, positive or improving MACD, and supportive ADX/OBV, while moderating exposure where momentum looks stretched. NVDA, AVGO, AAPL, and META offer the best combination of trend strength and confirmation, while MSFT and GOOGL add lower-volatility large-cap balance; TSLA is kept smaller due to extreme overbought conditions, JPM is underweight due to weak long-term trend structure, and LLY is avoided because its technical setup is the weakest. A 10% cash buffer is retained to manage short-horizon reversal risk given several names are extended after strong runs.",12.0,27976.15,14.0,10329.15,12.0,11163.96,4.0,333.47,8.0,18482.17,10.0,4434.86,8.0,7465.93,10.0,10793.94,12.0,3175.18,0.0,0.0
134,2020-08-24,2020-08-31,bullish,"MSFT, AMZN, GOOGL","JPM, LLY, TSLA",10.0,5.41,134044.39,1.86,1340000.0,2613213.48,1273213.48,1674563.57,334563.57,"The portfolio tilts toward stocks with strong trend structure, bullish MACD, solid ADX, and less extreme overbought conditions, favoring MSFT, AMZN, GOOGL, META, and NVDA. I underweight or avoid names with either stretched momentum and high short-term reversal risk (TSLA, AAPL) or weak/bearish technical setups (JPM, LLY), while keeping 10% in cash for risk control given broad tech crowding and elevated momentum readings.",8.0,5015.15,12.0,15301.52,12.0,23908.31,0.0,0.0,6.0,35256.35,16.0,21978.19,14.0,15058.85,14.0,9717.4,8.0,7808.62,0.0,0.0
135,2020-08-31,2020-09-08,bullish,"MSFT, GOOGL, AMZN","LLY, TSLA, JPM",10.0,-8.49,-222610.1,-4.61,1350000.0,2400603.38,1050603.38,1606920.51,256920.51,"The portfolio leans bullish because most mega-cap tech names show strong trend confirmation via full EMA alignment, bullish MACD, strong ADX, and rising OBV. I am tilting toward MSFT, GOOGL, AMZN, and AAPL for better risk-adjusted setups with strong trends but less extreme momentum than TSLA, while keeping some cash due to broad overbought conditions across growth stocks and avoiding LLY because its trend, MACD, ADX direction, and volume profile are bearish.",12.0,-39567.75,10.0,-28595.24,8.0,-15775.08,4.0,-282.76,5.0,-44247.52,16.0,-42561.29,13.0,-29756.14,14.0,-23873.58,8.0,2049.27,0.0,0.0
136,2020-09-08,2020-09-15,neutral,"AVGO, JPM, LLY","TSLA, META, NVDA",15.0,2.21,53343.0,2.09,1360000.0,2463946.38,1103946.38,1650694.2,290694.2,"Most mega-cap tech names show short-term bearish MACD, weak OBV, and strong negative directional movement despite being near oversold levels, so I am keeping exposure selective and holding meaningful cash. AVGO stands out as the clearest bullish setup with 4/4 EMA alignment, positive MACD, strong ADX, and rising OBV; JPM and LLY add lower-volatility diversification, while oversold quality names like AAPL, MSFT, AMZN, and GOOGL get smaller tactical allocations for rebound potential.",6.0,3487.07,5.0,10906.68,4.0,448.06,12.0,-1852.83,0.0,0.0,5.0,3639.81,5.0,240.69,8.0,1458.1,30.0,33772.26,10.0,1243.17
137,2020-09-15,2020-09-22,neutral,"AVGO, NVDA, TSLA","JPM, META, MSFT",10.0,-2.14,-52880.63,-2.51,1370000.0,2421065.75,1051065.75,1618964.13,248964.13,"I favor names with the strongest trend structure and better volume confirmation, especially AVGO and NVDA, which show strong EMA alignment, positive or improving momentum, and supportive OBV trends. TSLA also retains a strong primary uptrend but gets a moderated weight due to high volatility, while several mega-cap tech names are kept smaller because short-term MACD and OBV remain weak despite oversold setups. I avoid JPM given weak trend alignment and no golden cross, and I keep a 10% cash buffer because many stocks show bearish MACD readings, suggesting a mixed near-term tape rather than a broad risk-on environment.",8.0,-6389.32,16.0,-10763.33,4.0,-6418.72,0.0,0.0,10.0,-14043.0,4.0,-644.64,6.0,-1276.44,8.0,-9708.05,24.0,-3274.52,10.0,-362.61
138,2020-09-22,2020-09-29,neutral,"AVGO, TSLA, LLY","META, JPM, GOOGL",20.0,0.25,6083.23,0.63,1380000.0,2437148.98,1057148.98,1639173.22,259173.22,"The setup is mixed to cautious: many mega-cap tech names show bearish MACD, weak OBV, and strong negative ADX trends despite longer-term golden-cross structures. I am concentrating risk in the relatively stronger trend names with better EMA alignment and lower technical damage—AVGO, TSLA, NVDA, and defensive LLY—while keeping a meaningful 20% cash buffer because broad short-term conditions look fragile and several stocks are near oversold but not yet confirmed reversals.",5.0,2478.64,12.0,13573.33,0.0,0.0,0.0,0.0,18.0,-5322.53,5.0,-93.73,5.0,617.29,0.0,0.0,20.0,3590.34,15.0,-8760.11
139,2020-09-29,2020-10-06,neutral,"AMZN, AVGO, AAPL","JPM, GOOGL, LLY",20.0,-0.08,-2043.23,0.77,1390000.0,2445105.75,1055105.75,1661875.43,271875.43,"For a 1-week horizon, I favor names with strong medium-term trend structure and relatively better near-term confirmation: AMZN, AVGO, AAPL, MSFT, and NVDA. I am keeping a meaningful cash buffer because several charts show mixed short-term momentum despite positive longer-term trends, while JPM, GOOGL, and LLY have weaker technical setups with bearish trend or momentum profiles.",14.0,-2792.61,12.0,11340.35,3.0,-877.74,0.0,0.0,4.0,-1188.92,12.0,-1912.75,18.0,-6291.71,0.0,0.0,17.0,-319.85,0.0,0.0
140,2020-10-06,2020-10-13,neutral,"NVDA, AVGO, AAPL","LLY, GOOGL, TSLA",15.0,4.97,121963.05,4.54,1400000.0,2577068.81,1177068.81,1747749.26,347749.26,"I favor names with the strongest trend structure and confirmation from MACD/ADX/OBV, led by NVDA and AVGO, while keeping meaningful exposure to AAPL and JPM for balance. Most mega-cap tech names show mixed short-term setups with bullish MACD but weak price vs short moving averages, so I size them smaller and keep 15% in cash given the one-week horizon and elevated uncertainty. LLY is avoided because it has the weakest technical profile with -4/4 EMA alignment, bearish MACD, and strong downside momentum despite being oversold.",12.0,20671.79,18.0,16463.65,6.0,9954.83,12.0,8295.55,4.0,7749.97,8.0,16167.84,7.0,19052.58,3.0,5890.65,15.0,17716.2,0.0,0.0
141,2020-10-13,2020-10-20,bullish,"MSFT, AMZN, AVGO","JPM, LLY",15.0,-3.03,-78422.43,-1.93,1410000.0,2508646.38,1098646.38,1723862.51,313862.51,"The setup is broadly bullish across large-cap tech, with strong MACD, positive ADX, golden crosses, and mostly 4/4 EMA alignment supporting momentum continuation over a 1-week horizon. I am emphasizing MSFT, AMZN, AVGO, and AAPL because they combine strong trend quality with relatively better volume/OBV confirmation, while keeping cash elevated due to many names trading near or above upper Bollinger Bands and showing overbought short-term momentum. I am avoiding JPM and LLY because their EMA alignment is weak, trend structure is less consistent, and their signals are less compelling versus the tech leaders.",12.0,-9203.21,10.0,-10944.22,8.0,-6430.66,0.0,0.0,6.0,-8587.46,14.0,-13342.85,14.0,-23835.16,8.0,-2111.82,13.0,-3967.05,0.0,0.0
142,2020-10-20,2020-10-27,neutral,"GOOGL, AVGO, MSFT","LLY, TSLA",12.0,0.09,2378.27,-1.5,1420000.0,2521024.65,1101024.65,1707807.59,287807.59,"I favor stocks with strong trend structure, bullish MACD, solid EMA alignment, and better volume/OBV confirmation. GOOGL, AVGO, MSFT, and AAPL stand out on risk-adjusted technical strength, while META is constructive but weaker on trend confirmation; I keep some exposure to JPM, AMZN, and NVDA at lower weights due to mixed internals and reserve cash because several names show neutral momentum and weak volume confirmation. I avoid LLY given the clearly bearish EMA alignment, negative MACD, strong downside directional movement, and oversold conditions that may persist over a 1-week horizon; TSLA is also minimized due to bearish MACD, weak ADX, and elevated volatility.",14.0,-2730.65,4.0,-1836.54,8.0,11845.78,6.0,-1565.87,2.0,327.11,14.0,-2299.8,6.0,3256.3,18.0,13971.18,16.0,-18589.24,0.0,0.0
143,2020-10-27,2020-11-03,neutral,"GOOGL, META, AMZN","LLY, NVDA, AVGO",22.0,-2.05,-51769.45,-0.65,1430000.0,2479255.2,1049255.2,1706685.0,276685.0,"I favor large-cap tech names with the strongest trend structure and better confirmation, especially GOOGL, META, and AMZN, while keeping moderate exposure to AAPL and MSFT despite short-term MACD softness. I am underweight or avoiding names with stronger bearish trend pressure or weaker confirmation such as LLY, NVDA, JPM, TSLA, and AVGO, and I keep a meaningful cash buffer because several stocks show mixed momentum and the 1-week horizon calls for tighter risk control.",8.0,-10697.13,3.0,-2138.18,16.0,-25716.75,4.0,4158.52,4.0,-185.94,8.0,-6475.62,12.0,-21988.58,18.0,13329.42,5.0,-2055.2,0.0,0.0
144,2020-11-03,2020-11-10,neutral,"GOOGL, JPM","LLY, AMZN, AAPL",45.0,4.64,115380.76,5.36,1440000.0,2604635.95,1164635.95,1808692.91,368692.91,"For a 1-week horizon, I favor names with the strongest near-term technical setups and avoid those showing clear bearish momentum. GOOGL has the best combination of 4/4 EMA alignment, bullish MACD, positive ADX structure, and rising OBV, while JPM has strong trend alignment, positive directional movement, and lower volatility than the tech names. I am keeping a large cash buffer because most mega-cap tech stocks show bearish MACD, weak price positioning versus short-term averages, and elevated downside trend strength, which argues for a defensive, risk-adjusted stance.",0.0,0.0,0.0,0.0,0.0,0.0,22.0,69427.55,0.0,0.0,0.0,0.0,0.0,0.0,33.0,45953.21,0.0,0.0,0.0,0.0
145,2020-11-10,2020-11-17,neutral,"GOOGL, AAPL, LLY","NVDA, TSLA, AMZN",25.0,0.93,24431.86,1.86,1450000.0,2639067.82,1189067.82,1852493.85,402493.85,"I favor names with the strongest trend confirmation and better risk-adjusted setups over the next week, especially GOOGL and AAPL, which show strong EMA/SMA structure, bullish MACD, and solid ADX support. I keep moderate exposure to JPM, MSFT, AVGO, and LLY but size them smaller due to mixed momentum or overbought conditions, while avoiding NVDA, TSLA, and AMZN because their short-term trend and momentum signals are weaker or bearish; elevated cash reflects a disciplined stance given mixed breadth across the universe.",14.0,10795.01,0.0,0.0,5.0,1233.29,8.0,-736.06,0.0,0.0,8.0,3419.96,0.0,0.0,22.0,7924.51,8.0,10063.1,10.0,-8267.94
146,2020-11-17,2020-11-24,neutral,"GOOGL, JPM, AAPL","META, AMZN, LLY",15.0,2.71,71813.84,0.72,1460000.0,2720881.66,1260881.66,1875922.42,415922.42,"I favor stocks with strong trend structure, bullish MACD, and solid ADX support while avoiding names with weak EMA alignment or bearish MACD. GOOGL, JPM, AAPL, AVGO, and MSFT offer the best balance of trend strength and manageable volatility for a 1-week horizon, while TSLA and NVDA get smaller weights due to higher volatility or mixed momentum. I keep a meaningful cash buffer because several leaders are near overbought levels and short-term pullback risk is elevated.",14.0,-13108.97,5.0,-4583.8,0.0,0.0,14.0,23029.7,8.0,54597.38,12.0,-59.45,0.0,0.0,18.0,606.36,14.0,11332.62,0.0,0.0
147,2020-11-24,2020-12-02,neutral,"JPM, GOOGL, AVGO","AMZN, TSLA, NVDA",10.0,1.95,53175.67,0.98,1470000.0,2784057.34,1314057.34,1904458.51,434458.51,"I favor stocks with strong trend structure, positive EMA/SMA alignment, and either bullish MACD or resilient price action with manageable volatility. JPM, GOOGL, AVGO, and MSFT offer the best mix of trend strength and risk-adjusted setup, while AAPL and META are smaller positions due to mixed momentum, and cash is retained because several mega-cap tech names show weakening MACD or overbought conditions. I avoid AMZN entirely given 0/4 EMA alignment, bearish MACD, weak ADX, and declining volume confirmation; TSLA and NVDA are kept smaller because short-term reversal risk is elevated despite strong longer-term trends.",6.0,11253.63,4.0,4946.37,8.0,8362.68,16.0,-4535.22,5.0,3304.33,12.0,2313.78,0.0,0.0,16.0,15127.78,15.0,12010.38,8.0,391.96
148,2020-12-02,2020-12-09,neutral,"JPM, AAPL, AVGO","LLY, TSLA",15.0,-0.94,-26234.06,0.02,1480000.0,2767823.28,1287823.28,1914771.59,434771.59,"The portfolio leans toward stocks with strong trend structure, bullish MACD, positive EMA alignment, and supportive OBV/ADX, while trimming names that look extended near upper Bollinger bands or show weak trend confirmation. JPM, AAPL, AVGO, and GOOGL offer the best mix of trend strength and relative technical quality, while cash is kept elevated because several mega-cap growth names are overbought and short-horizon mean reversion risk is high. LLY is avoided due to negative EMA alignment, lack of a golden cross, and weaker overall trend profile.",14.0,-4131.66,8.0,-10065.59,9.0,-8396.18,14.0,-3173.21,4.0,7006.51,8.0,-3705.15,7.0,-6064.35,10.0,-7212.58,11.0,9508.17,0.0,0.0
149,2020-12-09,2020-12-16,neutral,"AVGO, AAPL, JPM","NVDA, MSFT, AMZN",15.0,1.92,53366.1,0.91,1490000.0,2831189.37,1341189.37,1942191.47,452191.47,"I favor names with strong trend structure, positive or improving momentum, and volume/OBV confirmation while avoiding setups with weak EMA alignment and bearish MACD. AVGO, AAPL, JPM, TSLA, and GOOGL have the best combination of trend strength and near-term upside potential, while elevated cash helps manage one-week horizon risk given mixed breadth and several mega-cap charts showing short-term deterioration.",16.0,22007.27,0.0,0.0,6.0,-1349.33,14.0,-1220.82,12.0,10085.97,0.0,0.0,0.0,0.0,12.0,-3875.5,18.0,10427.39,7.0,17291.12
150,2020-12-16,2020-12-23,neutral,"MSFT, AVGO, AAPL","NVDA, META",20.0,0.64,18245.7,-0.28,1500000.0,2859435.07,1359435.07,1946742.75,446742.75,"The portfolio tilts toward stocks with strong trend structure, bullish or improving MACD, solid ADX, and supportive volume/OBV confirmation, while avoiding names with weak trend quality or bearish momentum. MSFT, AVGO, AAPL, and AMZN offer the best mix of trend persistence and manageable volatility; JPM adds sector diversification, while TSLA and LLY are kept smaller due to elevated volatility and overbought conditions. A meaningful cash buffer is appropriate because several leaders are extended near upper Bollinger Bands, which raises short-horizon pullback risk over the next week.",12.0,8402.84,0.0,0.0,0.0,0.0,10.0,10359.84,6.0,6353.29,14.0,3156.28,12.0,-5858.48,8.0,-3746.03,14.0,3917.8,4.0,-4339.84
151,2020-12-23,2020-12-31,neutral,"MSFT, AAPL, AVGO","NVDA, META, GOOGL",10.0,2.15,61629.68,1.72,1510000.0,2931064.75,1421064.75,1990333.13,480333.13,"I favor stocks with strong trend structure, bullish or improving MACD, solid ADX, and supportive OBV while avoiding names showing weak EMA alignment and bearish momentum near the lower end of their ranges. MSFT, AAPL, and AVGO offer the best mix of trend quality and manageable volatility, while JPM and LLY add diversification outside mega-cap tech; I keep some cash because several large-cap growth names show mixed momentum and this is only a 1-week horizon.",17.0,6444.09,0.0,0.0,0.0,0.0,12.0,5506.3,8.0,21211.38,18.0,3271.65,8.0,5164.35,0.0,0.0,17.0,14205.66,10.0,5826.24
152,2020-12-31,2021-01-08,neutral,"MSFT, AMZN, AAPL","NVDA, META, TSLA",20.0,1.21,35689.27,1.97,1520000.0,2976754.02,1456754.02,2039818.01,519818.01,"I favor stocks with strong trend structure, positive or improving MACD, solid ADX, and supportive OBV while avoiding names showing weaker short-term momentum or bearish trend confirmation. MSFT, AMZN, and AAPL offer the best balance of bullish trend quality and manageable volatility; I keep meaningful cash because several leaders are extended near upper Bollinger Bands and short-horizon mean reversion risk is elevated.",14.0,-1986.06,0.0,0.0,0.0,0.0,8.0,18385.77,4.0,29065.98,18.0,-6664.43,16.0,-10724.96,8.0,6066.57,7.0,3662.82,5.0,-2116.42
153,2021-01-08,2021-01-15,neutral,"GOOGL, JPM, AAPL","META, TSLA",20.0,-0.59,-17494.17,-1.46,1530000.0,2969259.85,1439259.85,2019925.05,489925.05,"I favor stocks with strong trend structure, positive or improving MACD, supportive ADX, and reasonable short-term momentum while avoiding names showing clear technical deterioration or extreme overbought risk. GOOGL, JPM, AAPL, MSFT, AVGO, and NVDA offer the best balance of trend strength and near-term continuation potential, while META looks technically weak and TSLA appears too extended for a 1-week risk-adjusted horizon; elevated cash reflects caution given mixed momentum across several large-cap names.",12.0,-13326.72,8.0,-7509.19,0.0,0.0,14.0,8054.22,0.0,0.0,10.0,-9478.93,4.0,-2944.81,16.0,-18662.52,10.0,140.75,6.0,26233.03
154,2021-01-15,2021-01-25,neutral,"JPM, AVGO, TSLA","META, AMZN, NVDA",10.0,4.78,142498.0,2.31,1540000.0,3121757.85,1581757.85,2076877.51,536877.51,"I favor stocks with strong trend structure, bullish MACD, high ADX, and supportive volume/OBV, while limiting exposure to names showing clear short-term technical deterioration. JPM, AVGO, and TSLA have the strongest trend-following setups, while AAPL, MSFT, AMZN, and NVDA look more like oversold bounce candidates with lower conviction; META is avoided due to the strongest bearish trend profile. A modest cash buffer is appropriate given mixed breadth across mega-cap tech and several names sitting near overbought or breakdown conditions.",8.0,29581.69,6.0,11033.66,0.0,0.0,18.0,-25219.66,14.0,27585.66,7.0,16554.38,4.0,7284.4,8.0,22992.26,15.0,18984.06,10.0,33701.57
155,2021-01-25,2021-02-01,bullish,"GOOGL, MSFT, AMZN","JPM, TSLA, LLY",15.0,-0.76,-23866.31,-2.12,1550000.0,3107891.54,1557891.54,2042576.1,492576.1,"The portfolio tilts toward large-cap tech names with strong trend alignment, bullish MACD, solid ADX, and supportive volume/OBV, with highest conviction in GOOGL, MSFT, AMZN, and AAPL. I am reducing exposure to names showing stretched overbought conditions or mixed signals such as TSLA, LLY, META, and AVGO, and avoiding JPM due to bearish MACD, negative DI dominance, and weak OBV; a 15% cash buffer helps manage short-horizon pullback risk.",11.0,-21163.22,8.0,-7638.29,5.0,-9011.97,0.0,0.0,4.0,-5829.73,14.0,19331.2,14.0,6506.15,16.0,-320.04,8.0,1051.13,5.0,-6791.54
156,2021-02-01,2021-02-08,neutral,"MSFT, AMZN, GOOGL","NVDA, META, JPM",10.0,2.67,83276.26,3.8,1560000.0,3201167.8,1641167.8,2130483.17,570483.17,"I favor stocks with strong multi-timeframe uptrends, positive or improving MACD, solid ADX, and relatively supportive volume/OBV characteristics. MSFT, AMZN, GOOGL, and LLY stand out on trend quality and momentum, while AAPL and AVGO get smaller weights due to mixed MACD or weaker confirmation; I avoid NVDA and META because their setups are weaker and more conflicted, and keep some cash given short-horizon mean-reversion risk after broad tech strength.",8.0,5531.2,0.0,0.0,0.0,0.0,4.0,10121.94,5.0,4382.74,20.0,7337.74,16.0,-2975.66,16.0,50450.95,9.0,3583.3,12.0,4844.04
157,2021-02-08,2021-02-16,bullish,"MSFT, NVDA, JPM","META, TSLA",5.0,0.95,30542.14,0.46,1570000.0,3241709.94,1671709.94,2150293.95,580293.95,"The setup is broadly bullish with most names showing strong EMA alignment, golden crosses, and generally positive trend structure, so the portfolio stays mostly invested. I overweight MSFT, JPM, NVDA, AMZN, GOOGL, and LLY because they combine strong trend strength and/or bullish MACD with acceptable risk, while trimming META, TSLA, AAPL, and AVGO due to weaker momentum confirmation, bearish MACD divergences, or softer volume/OBV signals; a small cash buffer helps manage short-horizon reversal risk in several overbought names.",8.0,-6980.08,12.0,23792.31,3.0,2670.52,12.0,12401.15,5.0,-12496.26,16.0,2606.31,11.0,-5739.15,10.0,4032.99,8.0,8928.99,10.0,1325.36
158,2021-02-16,2021-02-23,bullish,"MSFT, GOOGL, NVDA",TSLA,10.0,-2.8,-90991.49,-1.22,1580000.0,3160718.45,1580718.45,2133861.64,553861.64,"I favor stocks with strong trend structure, bullish MACD, and high ADX confirmation, while trimming names that look extended or have weakening momentum. MSFT and GOOGL offer the best combination of strong uptrend and trend strength; NVDA and AVGO remain attractive but are near overbought extremes, so position sizes are moderated. I keep some cash because several large-cap growth names are extended and short-horizon mean reversion risk is elevated.",5.0,-8947.77,12.0,-30244.95,10.0,-9625.6,8.0,10718.41,0.0,0.0,16.0,-21119.9,5.0,-3702.86,16.0,-12467.64,10.0,-11454.39,8.0,-4146.79
159,2021-02-23,2021-03-02,neutral,"GOOGL, JPM, LLY","TSLA, AAPL, META",25.0,0.32,10192.62,-0.25,1590000.0,3180911.07,1590911.07,2138551.06,548551.06,"For a 1-week horizon, I favor names with the strongest underlying trend structure and relatively better risk-adjusted setups: GOOGL, JPM, LLY, and AVGO. JPM and GOOGL have strong medium-term trend alignment, while LLY offers a steadier defensive growth profile; AVGO adds diversification with a still-positive trend backdrop. I am holding elevated cash because many large-cap tech names show bearish MACD, weak OBV, and downside pressure near lower Bollinger ranges, which raises short-term reversal and market-risk uncertainty.",0.0,0.0,0.0,0.0,0.0,0.0,22.0,-2779.04,0.0,0.0,0.0,0.0,0.0,0.0,24.0,1610.54,12.0,6942.06,17.0,4419.06
160,2021-03-02,2021-03-09,neutral,"JPM, GOOGL, LLY","TSLA, AMZN, META",15.0,-1.05,-33606.58,0.16,1600000.0,3157304.49,1557304.49,2152052.31,552052.31,"For a 1-week horizon, I favor names with the strongest trend structure, reasonable momentum, and lower near-term downside risk: JPM, GOOGL, AVGO, and LLY stand out with strong EMA/SMA trends and generally supportive ADX or volume characteristics. I am keeping a meaningful cash buffer because several mega-cap tech names show bearish MACD, weak price position versus short-term averages, and broad evidence of short-term market fragility, so risk-adjusted opportunity looks selective rather than broad-based.",0.0,0.0,0.0,0.0,0.0,0.0,24.0,9291.47,0.0,0.0,8.0,-98.26,0.0,0.0,22.0,-8201.75,16.0,-39216.99,15.0,4618.94
161,2021-03-09,2021-03-16,neutral,"JPM, GOOGL, MSFT","NVDA, TSLA, AAPL",20.0,0.28,8958.72,2.26,1610000.0,3176263.21,1566263.21,2210858.73,600858.73,"For a 1-week horizon, I favor names with stronger underlying trend structure and relatively better risk-adjusted setups: JPM, MSFT, GOOGL, LLY, and to a lesser extent META. Most other names show clear short-term technical deterioration with bearish MACD, weak EMA alignment, strong negative ADX/-DI trends, and poor volume confirmation, so I keep a meaningful cash buffer given mixed market conditions and elevated short-term uncertainty.",0.0,0.0,0.0,0.0,12.0,19365.68,18.0,6308.17,0.0,0.0,16.0,8519.03,0.0,0.0,18.0,12163.15,0.0,0.0,16.0,-37397.31
162,2021-03-16,2021-03-23,neutral,"MSFT, GOOGL, JPM","LLY, NVDA, AMZN",12.0,-0.96,-30532.37,-1.3,1620000.0,3155730.84,1535730.84,2192058.05,572058.05,"I favor stocks with strong trend structure, supportive ADX, and either bullish or improving MACD/volume confirmation. MSFT, GOOGL, AVGO, and JPM have the best combination of trend strength and relatively controlled volatility, while AAPL and META get moderate weights due to mixed but improving momentum. I am underweight or avoiding names with weaker trend alignment, bearish momentum, or elevated downside risk over a 1-week horizon, and I keep a modest cash buffer for risk control.",8.0,-6150.75,3.0,-1585.78,8.0,10359.21,14.0,-11768.66,4.0,-2771.64,17.0,-296.11,4.0,1881.34,16.0,-10411.91,14.0,-9788.07,0.0,0.0
163,2021-03-23,2021-03-30,neutral,"META, MSFT, GOOGL","LLY, JPM, TSLA",10.0,-1.28,-40625.73,1.34,1630000.0,3125105.11,1495105.11,2231626.14,601626.14,"I favor stocks with the strongest combination of trend persistence and supportive momentum, especially META and MSFT with 4/4 EMA alignment, bullish MACD, and solid trend structure. GOOGL, AVGO, NVDA, AMZN, and AAPL receive moderate allocations as mostly constructive but less decisive setups, while JPM and TSLA are kept small due to mixed signals and LLY is avoided because of strong downside trend and bearish MACD; a 10% cash buffer helps manage short-horizon uncertainty.",8.0,-5456.22,10.0,-4819.7,16.0,-4583.58,4.0,4253.16,4.0,-5075.42,16.0,-12216.27,10.0,-8294.98,12.0,956.56,10.0,-5389.28,0.0,0.0
164,2021-03-30,2021-04-07,neutral,"META, GOOGL, JPM","TSLA, LLY",15.0,8.97,281260.77,10.29,1640000.0,3416365.88,1776365.88,2472183.65,832183.65,"I favor stocks with the strongest trend structure and acceptable momentum, led by META and GOOGL, which show the clearest bullish trend alignment; JPM also earns a moderate allocation for strong medium-term trend support despite a weakening MACD. I keep smaller positions in mixed-signal names like AAPL, NVDA, MSFT, AMZN, and AVGO, while avoiding TSLA due to bearish trend/momentum and high volatility, and underweighting LLY because its strong ADX reflects a downside trend rather than upside strength. Holding 15% cash is prudent given several mixed technical setups and likely elevated short-horizon uncertainty.",8.0,23877.56,8.0,25474.83,20.0,54472.47,12.0,52242.03,0.0,0.0,7.0,27054.22,5.0,11497.72,16.0,51734.93,6.0,31792.53,3.0,3114.48
165,2021-04-07,2021-04-14,bullish,"MSFT, GOOGL, META",JPM,10.0,1.68,57677.61,1.2,1650000.0,3484043.49,1834043.49,2511853.37,861853.37,"The tape is broadly bullish with strong MACD, ADX, golden cross, and positive OBV across most names, so the portfolio leans risk-on but tempers exposure because many stocks are extended above upper Bollinger Bands and showing overbought stochastic/CCI readings. Highest weights go to strong-trend large-cap growth names with 4/4 EMA alignment and solid trend strength, while cash is retained as a buffer against short-term mean reversion; JPM is underweight due to extreme overbought conditions and weaker recent model reliability, and TSLA remains smaller due to mixed trend structure and higher volatility.",8.0,8851.22,10.0,27459.86,12.0,-6830.45,4.0,-3290.8,6.0,18769.76,12.0,9361.84,8.0,4481.02,12.0,528.87,8.0,-2931.65,10.0,1277.93
166,2021-04-14,2021-04-21,bullish,"NVDA, MSFT, AAPL",TSLA,10.0,0.58,20136.62,1.12,1660000.0,3514180.11,1854180.11,2550170.21,890170.21,"The tape is broadly bullish with strong trend alignment, positive MACD, and high ADX across most names, so the portfolio stays mostly invested. I overweight the strongest trend-quality names with relatively better volume/OBV confirmation and manageable volatility—NVDA, AAPL, MSFT, and GOOGL—while keeping smaller positions in more extended or less confirmed setups like TSLA, META, AVGO, and LLY; a 10% cash buffer helps manage short-horizon pullback risk given several overbought readings.",12.0,4668.25,14.0,2673.65,6.0,-7695.93,8.0,-1238.55,4.0,2269.44,12.0,8185.9,10.0,3042.22,12.0,6815.06,6.0,-7690.85,6.0,9107.42
167,2021-04-21,2021-04-28,neutral,"MSFT, TSLA, GOOGL","META, AVGO, JPM",15.0,-0.71,-25177.92,0.32,1670000.0,3499002.19,1829002.19,2568353.99,898353.99,"The portfolio leans toward stocks with strong trend structure, bullish MACD, and solid ADX support, while trimming names showing bearish MACD divergences, weak volume confirmation, or stretched momentum. I favor MSFT, TSLA, and GOOGL for their strong trend quality and relative technical strength, while keeping a meaningful cash buffer because several large-cap names are near overbought levels and short-term pullback risk is elevated over a 1-week horizon.",11.0,232.31,10.0,-1920.34,3.0,11762.73,4.0,1582.53,13.0,-30611.79,12.0,-9770.0,9.0,9102.02,11.0,13729.35,2.0,-90.44,10.0,-19194.28
168,2021-04-28,2021-05-05,neutral,"GOOGL, AMZN, AAPL","TSLA, LLY",22.0,-2.45,-86056.62,-0.4,1680000.0,3422945.57,1742945.57,2568161.65,888161.65,"The portfolio leans into the strongest trend-following setups with supportive breadth: GOOGL and AMZN have the best combination of strong EMA alignment, positive/bullish MACD, strong ADX, and confirming volume, while AAPL and MSFT add high-quality large-cap exposure with solid trend structure despite short-term MACD softness. I am keeping meaningful cash because many names are extended or showing bearish MACD divergences, so for a 1-week horizon I prefer selective exposure over full deployment; TSLA and LLY are avoided due to weaker trend alignment and unfavorable momentum/DI profiles.",12.0,-17274.44,6.0,-11277.56,8.0,-8084.89,5.0,6096.9,0.0,0.0,11.0,-12266.9,14.0,-26698.65,18.0,-11853.06,4.0,-4698.03,0.0,0.0
169,2021-05-05,2021-05-12,neutral,"LLY, META, GOOGL","TSLA, NVDA, AVGO",20.0,-2.37,-81264.52,-2.49,1690000.0,3351681.05,1661681.05,2514040.93,824040.93,"For a 1-week horizon, I favor names with the strongest trend quality and better confirmation: LLY, META, and GOOGL have the best combination of bullish EMA structure, positive or resilient momentum, and relatively constructive ADX profiles. I am keeping meaningful cash because many large-cap tech names show short-term bearish MACD, weak OBV, and lower-band pressure, which raises near-term pullback risk despite longer-term uptrends; TSLA is avoided due to the weakest trend setup and highest volatility.",6.0,-8570.3,3.0,-4986.12,18.0,-28500.21,4.0,-61.02,0.0,0.0,5.0,-5202.28,4.0,-4979.57,16.0,-27174.43,2.0,-3318.24,22.0,1527.65
170,2021-05-12,2021-05-19,neutral,"LLY, JPM","TSLA, NVDA, AAPL",25.0,1.47,49360.47,1.34,1700000.0,3411041.52,1711041.52,2557972.06,857972.06,"Most large-cap tech names show synchronized short-term weakness: bearish MACD, price below key short-term averages, strong negative DI/ADX trends, and falling OBV despite oversold readings. JPM and LLY stand out as the only names with stronger trend structure; LLY has the cleanest bullish setup with 4/4 EMA alignment, positive MACD histogram, strong ADX, and lower volatility, while JPM offers relative strength in financials. I am keeping a sizable cash buffer because the broad opportunity set is mostly oversold within active downtrends, which raises bounce potential but lowers risk-adjusted conviction over a 1-week horizon.",0.0,0.0,0.0,0.0,0.0,0.0,30.0,23443.16,0.0,0.0,0.0,0.0,0.0,0.0,0.0,0.0,0.0,0.0,45.0,25917.31
171,2021-05-19,2021-05-26,neutral,"LLY, GOOGL, META","TSLA, AAPL, MSFT",30.0,2.3,78613.96,2.0,1710000.0,3499655.48,1789655.48,2619286.5,909286.5,"For the 1-week horizon, I favor names with the best combination of trend strength, supportive EMA/SMA structure, and relatively controlled volatility. LLY stands out with strong 4/4 EMA alignment, bullish MACD, strong ADX, and lower ATR, while GOOGL and META offer better trend quality than the large-cap tech names showing clearer short-term bearish momentum. I am keeping a large cash buffer because many stocks here have bearish MACD readings and weak short-term momentum, which argues for a defensive, risk-adjusted posture rather than full deployment.",0.0,0.0,0.0,0.0,12.0,18219.26,8.0,1223.09,0.0,0.0,0.0,0.0,0.0,0.0,18.0,29497.62,7.0,10175.92,25.0,19498.07
172,2021-05-26,2021-06-03,neutral,"LLY, GOOGL, NVDA",TSLA,10.0,0.75,26211.65,-0.07,1720000.0,3535867.13,1815867.13,2627404.27,907404.27,"The portfolio tilts toward names with strong multi-timeframe uptrends, bullish MACD, supportive ADX, and improving OBV, while trimming positions where momentum looks extended or confirmation is weak. LLY, GOOGL, and NVDA stand out on trend quality, but I keep some cash because several tech leaders are near overbought levels and short-horizon mean reversion risk is elevated. TSLA is avoided due to clearly negative EMA alignment and higher volatility, while AAPL, AMZN, and JPM receive smaller weights because their signals are mixed.",5.0,-4579.01,14.0,39740.03,10.0,-2531.39,6.0,5647.37,0.0,0.0,11.0,-8872.87,5.0,-4200.09,14.0,-6756.24,10.0,3284.9,15.0,4478.96
173,2021-06-03,2021-06-10,neutral,"GOOGL, AVGO, NVDA","TSLA, AAPL, AMZN",20.0,2.42,85717.09,1.16,1730000.0,3631584.22,1901584.22,2667886.49,937886.49,"For a 1-week horizon, I favor names with strong trend structure, bullish MACD, and acceptable momentum without the clearest signs of breakdown. GOOGL, AVGO, META, and NVDA have the best combination of positive trend alignment and near-term strength, while JPM and LLY add some diversification despite more mixed momentum. I am holding a meaningful cash buffer because several mega-cap names show weak or deteriorating short-term technicals, and overbought conditions in some leaders raise pullback risk over a short holding period.",0.0,0.0,14.0,13316.07,12.0,1172.17,8.0,-9849.99,0.0,0.0,6.0,9983.44,0.0,0.0,18.0,23802.95,14.0,4133.28,8.0,43159.17
174,2021-06-10,2021-06-17,bullish,"GOOGL, MSFT, META","JPM, TSLA",10.0,1.5,54667.3,-0.39,1740000.0,3696251.52,1956251.52,2667519.09,927519.09,"I favor stocks with strong trend structure, bullish MACD, supportive ADX, and positive OBV, while trimming names that look extended on short-term momentum. GOOGL, MSFT, META, AMZN, and NVDA have the best combination of trend strength and confirmation, though several are near overbought levels, so I keep a modest cash buffer and underweight the most stretched setups. JPM is avoided due to bearish MACD, weak directional setup, and poor recent signal reliability, while TSLA gets only a small allocation because its trend remains mixed despite improving momentum.",8.0,13121.37,10.0,25753.37,12.0,-2110.62,0.0,0.0,4.0,1547.07,14.0,7253.72,12.0,18210.69,16.0,-62.21,8.0,1554.01,6.0,-10600.11
175,2021-06-17,2021-06-24,bullish,"MSFT, GOOGL, AAPL",JPM,10.0,2.04,75655.71,0.74,1750000.0,3781907.23,2031907.23,2697379.83,947379.83,"I favor the strongest trend-following names with bullish EMA alignment, positive MACD, supportive ADX, and generally constructive volume: MSFT, GOOGL, AAPL, AMZN, and LLY. I trim exposure where momentum looks stretched or confirmation is weaker, such as NVDA and META, and avoid JPM because it has the clearest bearish trend profile despite being oversold. A 10% cash buffer is appropriate given broad tech concentration and several names trading near overbought levels.",12.0,5467.0,8.0,8711.94,6.0,7899.03,0.0,0.0,7.0,26600.23,14.0,11515.09,11.0,-4692.35,13.0,2993.93,9.0,-785.82,10.0,17946.66
176,2021-06-24,2021-07-01,bullish,"MSFT, AAPL, GOOGL",JPM,10.0,-6.79,-257624.01,1.25,1760000.0,3534283.22,1774283.22,2741325.57,981325.57,"I favor large-cap growth names with strong 4/4 EMA alignment, bullish MACD, solid ADX, and relatively controlled volatility, especially MSFT, AAPL, and GOOGL. I am trimming exposure to names that look extended or have mixed confirmation signals such as NVDA, TSLA, META, and LLY, while avoiding JPM due to bearish MACD, weak trend structure, and strong negative directional movement. A 10% cash buffer helps manage short-horizon pullback risk given several stocks are near upper Bollinger bands and overbought on stochastic measures.",14.0,15359.77,6.0,11923.32,8.0,-290017.0,0.0,0.0,5.0,-529.95,16.0,11169.98,12.0,-2125.35,14.0,-240.52,5.0,-169.4,10.0,-2994.85
177,2021-07-01,2021-07-09,bullish,"MSFT, AAPL, GOOGL",META,8.0,2.06,73009.8,1.18,1770000.0,3617293.02,1847293.02,2783861.05,1013861.05,"The portfolio leans toward high-quality uptrends with strong EMA alignment, bullish or stable MACD structure, and solid ADX readings, favoring MSFT, AAPL, and GOOGL as the best risk-adjusted large-cap setups. I am trimming exposure to names that are technically extended or showing mixed momentum/volume confirmation, while avoiding META entirely due to clearly broken data/technical structure and keeping a modest cash buffer for short-horizon risk control.",14.0,28339.81,8.0,-2269.8,0.0,0.0,10.0,-2955.83,8.0,-8770.78,16.0,13237.56,8.0,23652.44,12.0,10677.61,8.0,6363.47,8.0,4735.32
178,2021-07-09,2021-07-16,bullish,"GOOGL, MSFT, AAPL","META, TSLA",10.0,-1.13,-41038.91,-0.96,1780000.0,3586254.11,1806254.11,2767046.34,987046.34,"The portfolio leans toward high-quality uptrends with strong EMA alignment, bullish or improving MACD, and supportive ADX/OBV signals, favoring GOOGL, MSFT, AAPL, and LLY for their cleaner trend profiles and relatively better risk-adjusted setups. I trimmed positions in names showing momentum exhaustion or mixed confirmation such as AMZN, AVGO, NVDA, JPM, and TSLA, while avoiding META entirely due to clearly corrupted/extreme indicator readings and very poor tradability signals; a 10% cash buffer helps manage short-horizon pullback risk given several mega-cap names are near overbought levels.",12.0,3839.52,6.0,-20506.57,0.0,0.0,8.0,-7190.78,4.0,-2811.48,14.0,5134.12,10.0,-14210.39,16.0,6711.38,8.0,-7318.34,12.0,-4686.35
179,2021-07-16,2021-07-23,neutral,"GOOGL, MSFT, AAPL","META, NVDA, TSLA",20.0,2.45,87974.11,1.99,1790000.0,3684228.21,1894228.21,2832414.73,1042414.73,"I favor stocks with the strongest trend structure, positive EMA alignment, bullish or improving MACD, and relatively controlled volatility. GOOGL, MSFT, and AAPL have the best combination of strong uptrends and trend strength, while AMZN and LLY add diversification with acceptable setups; I keep a meaningful cash buffer because several names show mixed momentum, overbought conditions, or outright bearish signals.",16.0,8529.4,0.0,0.0,0.0,0.0,6.0,-1803.93,0.0,0.0,18.0,20566.86,10.0,8353.55,20.0,34243.3,0.0,0.0,10.0,18084.92
180,2021-07-23,2021-07-30,neutral,"GOOGL, MSFT, AAPL","META, TSLA, JPM",20.0,-0.96,-35339.64,-0.33,1800000.0,3658888.57,1858888.57,2833175.62,1033175.62,"I favor stocks with strong multi-timeframe uptrends, positive or improving MACD/ADX structure, and supportive volume/OBV, while trimming names that look extended or have weakening momentum. GOOGL and MSFT stand out on trend strength and confirmation, AAPL and AMZN remain constructive despite some short-term overbought or MACD softness, and I keep elevated cash because several leaders are near upper Bollinger bands with stretched momentum for a 1-week horizon. META is avoided due to clearly inconsistent and unreliable indicator inputs, while JPM and TSLA have weaker trend/momentum setups.",12.0,-8056.88,5.0,-557.21,0.0,0.0,3.0,838.71,2.0,5032.22,14.0,-8498.75,10.0,-33243.24,18.0,8556.03,8.0,1376.3,8.0,-786.81
181,2021-07-30,2021-08-06,neutral,"GOOGL, LLY, MSFT","META, AMZN, JPM",12.0,2.25,82503.2,0.91,1810000.0,3751391.77,1941391.77,2868980.82,1058980.82,"I favor stocks with strong multi-timeframe uptrends, positive or improving MACD, solid ADX, and better risk-adjusted volatility profiles. GOOGL, LLY, MSFT, AAPL, and AVGO show the best combination of trend strength and manageable volatility, while TSLA and NVDA get smaller tactical weights due to stronger upside but higher short-term reversal risk. I am avoiding META due to clearly broken trend data and AMZN due to sharp downside momentum and heavy-volume weakness, while keeping some cash because several names have weakening volume confirmation and mixed momentum near short-term overbought levels.",12.0,845.16,6.0,9787.97,0.0,0.0,4.0,5530.65,8.0,5082.54,14.0,8202.88,0.0,0.0,18.0,4960.6,10.0,22.68,16.0,48070.73
182,2021-08-06,2021-08-13,neutral,"NVDA, GOOGL, TSLA","META, AMZN",10.0,0.87,32664.6,0.78,1820000.0,3794056.37,1974056.37,2901297.49,1081297.49,"The portfolio tilts toward stocks with strong trend structure, positive or improving MACD, and supportive ADX/OBV signals, with highest conviction in NVDA, GOOGL, TSLA, and AVGO. I am underweight or avoiding names showing clear technical deterioration or elevated reversal risk, notably AMZN and META, while keeping a 10% cash buffer because several leaders are somewhat extended and short-term momentum is mixed near upper Bollinger ranges.",10.0,7618.53,16.0,-5259.96,0.0,0.0,8.0,4738.16,12.0,11666.85,8.0,3524.11,0.0,0.0,16.0,8818.61,12.0,678.78,8.0,879.52
183,2021-08-13,2021-08-20,neutral,"JPM, LLY, AAPL","META, AMZN",15.0,-0.41,-15595.39,-0.57,1830000.0,3788460.98,1958460.98,2894583.91,1064583.91,"I favor stocks with strong trend structure, supportive ADX, and either bullish MACD or resilient price action without severe overextension. JPM and LLY stand out on trend strength and MACD confirmation, while AAPL and AVGO offer cleaner uptrends with manageable volatility; I keep meaningful cash because several mega-cap tech names are near overbought levels with weakening MACD or soft volume, and AMZN/META show the weakest overall setups.",12.0,-2786.07,5.0,5916.75,0.0,0.0,16.0,-20011.84,8.0,-15662.5,9.0,13456.11,0.0,0.0,8.0,-658.46,12.0,-10319.21,15.0,14469.84
184,2021-08-20,2021-08-27,neutral,"MSFT, GOOGL, AAPL","META, AMZN, TSLA",35.0,0.59,22504.72,1.55,1840000.0,3820965.7,1980965.7,2949722.36,1109722.36,"I favor stocks with strong primary uptrends, positive or resilient volume confirmation, and relatively better trend quality over the next week: MSFT, GOOGL, AAPL, and LLY stand out, while NVDA gets a smaller tactical weight because trend and volume are strong but momentum is stretched near the upper band. I am avoiding names with clearly bearish trend structures or weak confirmation such as META, AMZN, TSLA, JPM, and AVGO, and I am keeping a large cash buffer because several leading names are overbought and multiple MACD readings are rolling over, which raises short-horizon pullback risk.",12.0,1261.11,8.0,26568.79,0.0,0.0,0.0,0.0,0.0,0.0,18.0,-10423.43,0.0,0.0,14.0,25440.08,0.0,0.0,13.0,-20341.84
185,2021-08-27,2021-09-03,bullish,"MSFT, GOOGL, JPM","META, TSLA",10.0,0.63,24031.7,0.63,1850000.0,3854997.4,2004997.4,2978325.39,1128325.39,"The setup is broadly constructive with several stocks showing strong trend alignment, bullish MACD, and solid ADX readings, so the portfolio leans risk-on but keeps a 10% cash buffer because many leaders are short-term overbought. Highest weights go to MSFT, GOOGL, JPM, and NVDA due to the strongest combination of trend strength and momentum confirmation, while META is avoided because its longer-term trend structure is decisively bearish despite a short-term bounce; TSLA, AMZN, and AAPL are kept smaller due to weaker momentum confirmation or mixed signals.",8.0,11755.86,12.0,4203.98,0.0,0.0,12.0,-10037.34,6.0,6990.08,14.0,2541.02,6.0,8812.42,14.0,-985.12,8.0,1075.27,10.0,-324.47
186,2021-09-03,2021-09-13,bullish,"GOOGL, AAPL, AVGO","META, LLY",10.0,-1.33,-51559.86,-1.43,1860000.0,3813437.54,1953437.54,2945454.12,1085454.12,"I favor stocks with strong trend structure, bullish MACD, solid ADX, and supportive OBV, while trimming names that look extended near upper Bollinger bands or show weakening volume/momentum confirmation. GOOGL, AAPL, and AVGO stand out on trend quality and relatively balanced momentum, while NVDA and TSLA remain attractive but are sized smaller due to overbought conditions and higher volatility. I avoid META because its longer-term trend is decisively broken despite a short-term rebound, and I keep a 10% cash buffer for risk control.",14.0,-16657.31,10.0,-11691.6,0.0,0.0,8.0,717.31,8.0,3974.83,9.0,-4793.71,9.0,-2088.27,16.0,-6053.23,11.0,1093.46,5.0,-16061.34
187,2021-09-13,2021-09-20,neutral,"AMZN, TSLA, JPM","META, LLY",8.0,-2.43,-93021.27,-2.81,1870000.0,3730416.27,1860416.27,2872464.75,1002464.75,"I favor stocks with strong EMA alignment, positive or improving momentum, solid ADX trend strength, and at least some volume/OBV confirmation. AMZN, TSLA, AVGO, and JPM stand out on trend quality, while GOOGL, NVDA, MSFT, and AAPL get smaller weights due to mixed MACD or weaker confirmation; META and LLY are avoided because their broader trend structure remains materially weak despite oversold conditions. Given the short 1-week horizon and mixed breadth across mega-cap tech, I keep a modest cash buffer for risk control.",6.0,-10139.59,8.0,-14346.52,0.0,0.0,14.0,-23104.22,16.0,-10563.68,8.0,-2770.48,16.0,-17949.92,10.0,-9705.5,14.0,-4441.37,0.0,0.0
188,2021-09-20,2021-09-27,bearish,"TSLA, AVGO","META, LLY, JPM",60.0,2.21,82607.68,1.98,1880000.0,3823023.96,1943023.96,2939577.45,1059577.45,"The setup across most names is short-term defensive: many stocks are below key short moving averages, have bearish MACD histograms, negative OBV trends, and elevated downside directional movement, which argues for a cautious stance over a 1-week horizon. TSLA and AVGO stand out as the only relatively stronger candidates because they retain the best trend structure, with 4/4 EMA alignment and, for AVGO, a positive MACD histogram; the large cash position reflects weak broad technical breadth and the desire to preserve risk-adjusted returns.",0.0,0.0,0.0,0.0,0.0,0.0,0.0,0.0,22.0,68960.4,0.0,0.0,0.0,0.0,0.0,0.0,18.0,13647.28,0.0,0.0
189,2021-09-27,2021-10-04,neutral,"JPM, GOOGL, TSLA","META, LLY, AAPL",40.0,-1.7,-65344.66,-3.16,1890000.0,3767679.29,1877679.29,2856287.0,966287.0,"For a 1-week horizon, I favor names with the strongest trend structure and positive price leadership: JPM, TSLA, GOOGL, and AVGO all have solid EMA/SMA alignment, golden crosses, and generally supportive volume/OBV. I am keeping a large cash buffer because several mega-cap tech names show bearish MACD/weak trend confirmation, while JPM and TSLA are somewhat extended and could mean-revert after strong runs. I avoid deeply weak downtrends like META and LLY despite oversold readings, since short-horizon oversold setups can stay weak when ADX is elevated.",0.0,0.0,0.0,0.0,0.0,0.0,18.0,-123.96,14.0,-6665.82,0.0,0.0,0.0,0.0,16.0,-32224.44,12.0,-26330.45,0.0,0.0
190,2021-10-04,2021-10-11,neutral,"JPM, TSLA, LLY","META, AMZN, NVDA",35.0,0.67,25293.71,1.41,1900000.0,3802973.0,1902973.0,2906742.94,1006742.94,"For a 1-week horizon, I favor names with the strongest positive trend confirmation and relative resilience. JPM and TSLA have the clearest bullish setups with positive EMA alignment, bullish MACD, and supportive ADX, while LLY gets a smaller tactical allocation on improving MACD/OBV despite a weaker trend backdrop. Most mega-cap tech names show strong downtrends, bearish MACD, weak OBV, and are only oversold rather than confirmed reversals, so I keep a large cash buffer and avoid trying to catch falling knives.",0.0,0.0,0.0,0.0,0.0,0.0,30.0,-2104.37,25.0,12579.7,0.0,0.0,0.0,0.0,0.0,0.0,0.0,0.0,10.0,14818.38
191,2021-10-11,2021-10-18,neutral,"JPM, MSFT, GOOGL","META, AMZN",10.0,3.08,117361.9,2.88,1910000.0,3930334.9,2020334.9,3000617.17,1090617.17,"I favor names with stronger trend structure and improving momentum: JPM, MSFT, and GOOGL have solid EMA alignment, constructive MACD/ADX profiles, and less damaged setups than the weaker mega-cap names. TSLA and LLY get moderate allocations for positive trend or momentum inflection, while AAPL and NVDA are kept small due to short-term bearish MACD and weaker near-term trend; META and AMZN are avoided because their trend signals are decisively negative. A 10% cash buffer reflects mixed market conditions and helps control one-week downside risk.",3.0,2995.7,2.0,5626.88,0.0,0.0,20.0,-411.87,12.0,45164.1,18.0,30464.39,0.0,0.0,17.0,18030.33,8.0,6827.63,10.0,8664.74
192,2021-10-18,2021-10-25,neutral,"MSFT, GOOGL, AAPL","META, TSLA",10.0,1.5,58913.02,1.87,1920000.0,3999247.92,2079247.92,3066899.19,1146899.19,"I favor large-cap names with strong trend structure, bullish MACD, solid ADX, and supportive OBV, with the highest weights in MSFT, GOOGL, and AAPL due to cleaner trend quality and less extreme momentum risk than TSLA. I keep moderate exposure to NVDA, AMZN, AVGO, and JPM, avoid META because of its deeply broken longer-term trend despite a short-term bounce, and retain 10% cash because many names are near upper Bollinger bands and short-term overbought levels heading into a 1-week horizon.",12.0,6743.34,11.0,18412.58,0.0,0.0,8.0,8308.89,6.0,42047.54,16.0,1723.39,10.0,-14446.7,14.0,-20597.22,8.0,11717.05,5.0,5004.15
193,2021-10-25,2021-11-01,neutral,"MSFT, AAPL, NVDA","META, AMZN, GOOGL",26.0,3.35,134254.56,0.99,1930000.0,4143502.48,2213502.48,3107225.78,1177225.78,"I favor stocks with strong trend confirmation, bullish MACD, solid ADX, and supportive OBV while avoiding names with weak or mixed trend structure. AAPL, MSFT, NVDA, AVGO, and LLY offer the best balance of momentum and trend quality, while elevated overbought conditions in TSLA and structural weakness in META, AMZN, and GOOGL justify either small or zero allocations; the sizable cash position reflects short-horizon risk control.",14.0,1208.38,12.0,55263.45,0.0,0.0,8.0,-2139.02,4.0,28750.02,14.0,38691.14,0.0,0.0,0.0,0.0,12.0,5510.82,10.0,6969.76
194,2021-11-01,2021-11-08,neutral,"MSFT, GOOGL, AAPL","TSLA, AMZN, META",16.0,3.96,164320.21,1.93,1940000.0,4317822.69,2377822.69,3177464.32,1237464.32,"I favor stocks with strong trend alignment, bullish MACD, solid ADX, and better volume confirmation while avoiding names that look extremely stretched for a 1-week horizon. MSFT, GOOGL, AAPL, LLY, and AVGO offer the best balance of trend strength and less extreme overbought risk, while TSLA is too extended and NVDA gets a smaller weight due to near-term overbought conditions; cash is elevated to manage short-horizon pullback risk.",12.0,4952.08,8.0,64032.16,4.0,5252.17,6.0,-1086.07,0.0,0.0,14.0,13452.82,4.0,8555.58,14.0,22425.33,10.0,24305.13,12.0,22431.01
195,2021-11-08,2021-11-15,bullish,"GOOGL, AMZN, AAPL","META, JPM",10.0,-0.86,-37301.97,-0.32,1950000.0,4290520.72,2340520.72,3177268.35,1227268.35,"The portfolio leans bullish but stays selective, emphasizing names with strong trend structure, positive MACD, supportive ADX, and less extreme overbought conditions relative to peers. GOOGL, AMZN, AAPL, LLY, and MSFT offer the best balance of momentum and risk-adjusted setup, while exposure is trimmed in highly extended names like NVDA, TSLA, and AVGO and avoided in META and mostly avoided in JPM due to weaker trend quality or mixed signals.",14.0,-1772.09,5.0,-5472.3,0.0,0.0,4.0,-2559.93,6.0,-33392.57,11.0,-1299.67,14.0,9846.5,16.0,-2690.24,8.0,4224.46,12.0,-4186.13
196,2021-11-15,2021-11-22,neutral,"AMZN, GOOGL, AAPL","TSLA, JPM",12.0,1.35,58173.89,0.03,1960000.0,4358694.61,2398694.61,3188222.97,1228222.97,"Portfolio leans toward large-cap growth names with strong trend structure, positive EMA alignment, and generally constructive ADX/MACD setups, while trimming positions where momentum looks stretched or short-term signals are deteriorating. AMZN and GOOGL offer the best mix of trend strength and still-manageable overbought risk, AAPL and MSFT remain core quality exposures, and cash is kept elevated because several names show late-stage momentum or bearish MACD divergences. JPM and TSLA are avoided due to weaker near-term technicals, negative directional signals, and poor short-horizon risk-adjusted setup.",14.0,44232.29,8.0,22126.38,4.0,-2393.51,0.0,0.0,0.0,0.0,12.0,5773.78,16.0,5218.34,16.0,-9965.37,10.0,-9493.88,8.0,2675.86
197,2021-11-22,2021-11-30,neutral,"AAPL, MSFT, AMZN","JPM, META",15.0,-0.55,-24218.53,-2.57,1970000.0,4344476.08,2374476.08,3116073.44,1146073.44,"Portfolio tilts toward large-cap tech names with strong EMA alignment, golden cross support, and generally favorable ADX/trend structure, while moderating exposure where momentum is stretched or MACD has begun to soften. I am avoiding weaker or conflicted setups like JPM and META, and keeping a meaningful cash buffer because several leaders are extended or showing mixed volume/MACD confirmation, which raises short-horizon pullback risk.",16.0,18579.57,12.0,11811.72,0.0,0.0,0.0,0.0,8.0,-3658.42,16.0,-19005.61,14.0,-11213.48,8.0,-10521.75,6.0,189.5,5.0,-10400.06
198,2021-11-30,2021-12-07,neutral,"MSFT, AAPL, NVDA","META, JPM, LLY",15.0,0.99,43072.56,2.79,1980000.0,4397548.64,2417548.64,3213358.65,1233358.65,"I favor stocks with strong or intact longer-term trend structure plus short-term pullback/rebound potential. MSFT, AAPL, NVDA, GOOGL, TSLA, AVGO, and AMZN offer the best balance of trend quality and near-term upside, while JPM, LLY, and META show weaker technical setups with bearish momentum or broken trend context. I am keeping a meaningful cash buffer because several leaders are showing mixed MACD/OBV signals and the 1-week horizon argues for tighter risk control.",16.0,24783.37,12.0,-3981.87,0.0,0.0,0.0,0.0,10.0,-35379.53,18.0,10266.13,8.0,1611.14,12.0,19782.37,9.0,25990.96,0.0,0.0
199,2021-12-07,2021-12-14,neutral,"GOOGL, MSFT, AVGO","META, TSLA",25.0,-1.06,-46566.37,-1.05,1990000.0,4360982.27,2370982.27,3189492.32,1199492.32,"I favor stocks with strong medium-term trend structure, supportive ADX, and relatively healthier momentum/volume confirmation while avoiding names with clear bearish trend or unstable short-term setups. GOOGL, MSFT, and AVGO screen best on balance, while AAPL remains trend-strong but looks extended; elevated cash reflects mixed MACD signals across many names and a short 1-week horizon where preserving risk-adjusted returns matters.",8.0,6488.5,6.0,-33355.3,0.0,0.0,5.0,-4663.21,0.0,0.0,12.0,-10391.14,8.0,-14157.04,18.0,-18114.2,13.0,23786.88,5.0,3839.14
200,2021-12-14,2021-12-21,neutral,"AVGO, AAPL, LLY","META, TSLA, NVDA",30.0,1.84,80342.84,-0.06,2000000.0,4451325.11,2451325.11,3197420.83,1197420.83,"For a 1-week horizon, I favor the clearest relative-strength setups with strong trend confirmation: AVGO and AAPL both have 4/4 EMA alignment, bullish MACD, and high ADX, which supports momentum continuation despite being near upper Bollinger bands. I keep smaller exposure in MSFT and LLY for diversification and defensive balance, while holding elevated cash because most other names show bearish MACD, weak OBV, or strong downtrend signals, making the broad short-term tape mixed rather than cleanly risk-on.",24.0,-8063.49,0.0,0.0,0.0,0.0,0.0,0.0,0.0,0.0,8.0,-1118.24,0.0,0.0,0.0,0.0,28.0,62357.1,10.0,27167.47
201,2021-12-21,2021-12-29,neutral,"AVGO, LLY, AAPL","META, JPM, TSLA",30.0,2.72,121137.78,3.11,2010000.0,4582462.89,2572462.89,3307302.07,1297302.07,"For a 1-week horizon, I favor names with the strongest trend quality and positive MACD confirmation: AVGO and LLY stand out with 4/4 EMA alignment, strong ADX, and bullish MACD. AAPL remains constructive despite short-term MACD softness, while MSFT, AMZN, and GOOGL get smaller weights due to mixed but not deeply bearish setups; I hold elevated cash because many large-cap tech names show weakening momentum, and several candidates have bearish MACD/OBV profiles.",12.0,19775.39,0.0,0.0,0.0,0.0,0.0,0.0,0.0,0.0,8.0,15986.56,5.0,-1591.68,5.0,4948.04,20.0,36409.12,20.0,45610.35
202,2021-12-29,2022-01-05,neutral,"MSFT, AAPL, AVGO","META, AMZN",15.0,-3.73,-171512.2,-1.91,2020000.0,4420950.69,2400950.69,3254079.64,1234079.64,"I favor stocks with strong trend structure, bullish MACD, solid ADX, and supportive OBV, while trimming names that look extended or have weak/negative trend alignment. MSFT, AAPL, GOOGL, AVGO, LLY, and TSLA have the best combination of trend strength and momentum, but elevated overbought readings and low holiday volume argue for diversification and a meaningful cash buffer. I am avoiding META and AMZN due to weak trend alignment and mixed-to-bearish momentum, while keeping only modest exposure to NVDA and JPM because their signals are less decisive over a 1-week horizon.",14.0,-15985.81,6.0,-22015.53,0.0,0.0,5.0,7559.49,10.0,816.1,16.0,-54945.71,0.0,0.0,12.0,-33368.98,12.0,-24260.63,10.0,-29311.14
203,2022-01-05,2022-01-12,neutral,"JPM, AAPL, TSLA","META, MSFT, AMZN",20.0,0.32,14009.68,0.56,2030000.0,4444960.37,2414960.37,3282477.46,1252477.46,"For a 1-week horizon, I favor names with the strongest trend quality and better near-term risk/reward: JPM has the cleanest bullish momentum confirmation, while AAPL, TSLA, and AVGO retain strong primary uptrends despite some short-term MACD/volume softness. I am avoiding stocks with clearly bearish trend structures and weak price positioning such as META, MSFT, AMZN, GOOGL, and NVDA, while keeping a meaningful cash buffer because several signals across the universe show oversold conditions within broader short-term weakness, implying elevated uncertainty and gap risk.",18.0,2781.38,0.0,0.0,0.0,0.0,22.0,27736.05,16.0,11792.78,0.0,0.0,0.0,0.0,0.0,0.0,14.0,-20259.71,10.0,-8040.82
204,2022-01-12,2022-01-20,neutral,"JPM, AAPL, TSLA","META, MSFT, AMZN",30.0,-6.57,-292829.26,-5.15,2040000.0,4162131.11,2122131.11,3122827.7,1082827.7,"I favor names with the strongest trend structure and better short-term risk-adjusted setups. JPM has the clearest bullish combination of 4/4 EMA alignment, strong bullish MACD, and very strong ADX, while AAPL and TSLA retain constructive uptrends despite some mixed momentum; LLY and AVGO are smaller tactical positions due to oversold/near-lower-band setups that could mean-revert. I am keeping a large cash buffer because several major tech names show bearish MACD, weak EMA alignment, or strong downtrend signals, which argues for a selective and defensive stance over the next week.",16.0,-44750.11,0.0,0.0,0.0,0.0,24.0,-131903.22,14.0,-61990.57,0.0,0.0,0.0,0.0,0.0,0.0,6.0,-31921.01,10.0,-22264.36
205,2022-01-20,2022-01-27,bearish,"TSLA, MSFT, GOOGL","META, JPM, AMZN",40.0,-3.25,-135621.11,-3.47,2050000.0,4036510.0,1986510.0,3024064.06,974064.06,"The setup is broadly risk-off for a 1-week horizon: most names show bearish MACD, weak EMA alignment, strong negative ADX trends, and declining OBV, so I am keeping a large cash buffer. I am selectively allocating to higher-quality names near oversold conditions where a short-term rebound is more plausible and volatility is manageable, favoring TSLA, MSFT, GOOGL, and LLY while avoiding the weakest downtrends such as META, JPM, and AMZN.",8.0,-10732.76,3.0,-11433.19,0.0,0.0,0.0,0.0,12.0,-84007.92,12.0,-2921.6,0.0,0.0,10.0,-13465.55,5.0,-2060.47,10.0,-10999.61
206,2022-01-27,2022-02-03,bearish,"MSFT, GOOGL, AVGO","META, JPM, TSLA",30.0,3.77,152600.93,3.56,2060000.0,4199110.93,2139110.93,3142132.01,1082132.01,"The setup is broadly risk-off: most names show bearish MACD, weak price vs key moving averages, and high ADX with negative directional bias, so a sizable cash buffer is warranted for this 1-week horizon. I favor relatively higher-quality rebound candidates with better volume/OBV support and less extreme technical damage—MSFT, GOOGL, and AVGO—while keeping smaller tactical positions in oversold mega-cap names. I avoid the weakest downtrends where oversold conditions are not yet confirmed by volume or trend stabilization, especially META, JPM, and TSLA.",8.0,27813.72,3.0,11086.23,0.0,0.0,0.0,0.0,0.0,0.0,18.0,3425.17,8.0,-1836.09,16.0,70688.85,12.0,34508.49,5.0,6914.55
207,2022-02-03,2022-02-10,neutral,"GOOGL, AAPL, MSFT","META, AMZN, TSLA",20.0,-0.88,-36890.87,0.61,2070000.0,4172220.05,2102220.05,3171329.95,1101329.95,"For a 1-week horizon, I favor names with the best combination of positive MACD momentum, stronger trend quality, and supportive volume/OBV: GOOGL and AAPL stand out most, while MSFT, LLY, and AVGO offer secondary exposure with improving momentum but less clean trend setups. I am keeping a meaningful cash buffer because several major growth names still show bearish medium-term trend structure, and the broad opportunity set looks mixed rather than uniformly risk-on.",22.0,-4177.46,0.0,0.0,0.0,0.0,0.0,0.0,0.0,0.0,12.0,1894.62,0.0,0.0,24.0,-31557.3,10.0,7616.04,12.0,-10666.77
208,2022-02-10,2022-02-17,neutral,"AAPL, GOOGL, AMZN",META,10.0,-2.62,-109764.3,-2.73,2080000.0,4072455.76,1992455.76,3094525.21,1014525.21,"I favor names with improving MACD, decent ADX, and either strong trend structure or better risk/reward after pullbacks. AAPL, GOOGL, AMZN, AVGO, and JPM offer the best mix of bullish momentum recovery and manageable volatility, while keeping some cash due to mixed breadth and several overbought/weak-trend signals across the universe. I avoid META because its trend is decisively bearish despite oversold readings, and keep TSLA/LLY/NVDA smaller because of higher volatility or less consistent trend alignment over a 1-week horizon.",18.0,-14170.76,8.0,-17063.15,0.0,0.0,10.0,-12121.6,5.0,-6519.19,8.0,-12890.5,12.0,-13733.16,14.0,-25685.26,10.0,-8741.25,5.0,1160.56
209,2022-02-17,2022-02-25,neutral,"AMZN, AVGO, AAPL",META,10.0,-0.3,-12172.85,0.16,2090000.0,4070282.9,1980282.9,3109426.42,1019426.42,"For a 1-week horizon, I favor names showing improving short-term momentum via bullish MACD histograms and supportive OBV trends while avoiding the clearest downtrends. AMZN, AVGO, and AAPL offer the best balance of rebound potential and moderate risk, while MSFT, GOOGL, NVDA, TSLA, JPM, and LLY are kept smaller due to mixed trend structures or higher volatility. META is avoided because it has the strongest bearish trend profile by far, with -4/4 EMA alignment, bearish MACD, very high ADX confirming downside strength, and weak volume confirmation.",12.0,-11690.41,8.0,-4664.33,0.0,0.0,8.0,-7462.35,7.0,-21678.68,9.0,8315.72,14.0,-3193.05,10.0,5915.51,14.0,8893.97,8.0,13390.77
210,2022-02-25,2022-03-04,bearish,"AVGO, AMZN, MSFT","META, TSLA, JPM",25.0,-0.66,-27024.27,-1.27,2100000.0,4053258.63,1953258.63,3079663.08,979663.08,"The broad setup looks cautious for a 1-week horizon: most names have bearish trend alignment and weak MACD, so I am keeping a sizable cash buffer. I favor AVGO, AMZN, and MSFT because they show the best mix of improving momentum, supportive OBV, and less damaged price structure, while AAPL, GOOGL, and LLY get smaller allocations due to mixed but not outright broken signals. I would avoid META, TSLA, JPM, and NVDA because their trend strength is negative, downside pressure is still dominant, and short-term risk-adjusted upside looks unattractive.",8.0,-3326.6,0.0,0.0,0.0,0.0,0.0,0.0,0.0,0.0,14.0,-14314.13,16.0,-34586.83,7.0,-5423.1,20.0,11074.87,10.0,19551.53
211,2022-03-04,2022-03-11,bearish,"AVGO, GOOGL, MSFT","META, JPM, NVDA",20.0,-2.03,-82602.38,-2.8,2110000.0,3980656.25,1870656.25,3003157.95,893157.95,"The broad setup is cautious: most names show weak EMA alignment, negative or mixed MACD, and down OBV, so preserving capital with a meaningful cash buffer is appropriate. I favor AVGO and LLY for the strongest relative strength, bullish MACD/volume confirmation, and better trend quality, while GOOGL, MSFT, and TSLA get smaller tactical allocations due to improving momentum but still mixed broader trend signals. Deeply bearish trend structures like META, JPM, NVDA, and AMZN are avoided despite some oversold readings because strong ADX and weak volume suggest downside trends may persist over a 1-week horizon.",0.0,0.0,0.0,0.0,0.0,0.0,0.0,0.0,12.0,-24975.98,16.0,-21957.8,0.0,0.0,18.0,-11289.08,24.0,-29681.38,10.0,5301.85
212,2022-03-11,2022-03-18,bearish,"LLY, AVGO, AMZN","META, JPM, NVDA",25.0,6.02,240060.08,5.82,2120000.0,4230716.33,2110716.33,3188537.56,1068537.56,"The broad setup is risk-off: most stocks show bearish EMA alignment, negative MACD, and strong downtrends, so I am keeping a large cash buffer. Within that backdrop, LLY stands out as the only clear technical leader with strong trend and momentum, while AVGO offers a relatively stable bullish MACD and constructive long-term trend; AMZN, GOOGL, and TSLA get smaller tactical weights due to improving internals or less severe weakness. I am avoiding the most damaged downtrends where oversold conditions are not yet confirmed by trend reversal signals.",0.0,0.0,0.0,0.0,0.0,0.0,0.0,0.0,8.0,44169.91,0.0,0.0,12.0,51749.69,10.0,19220.34,20.0,44972.14,25.0,79948.0
213,2022-03-18,2022-03-25,neutral,"AVGO, AAPL, MSFT",META,10.0,3.48,147570.47,1.84,2130000.0,4388286.8,2258286.8,3257324.68,1127324.68,"I favor stocks with bullish MACD, supportive volume/OBV, and stronger trend structure, while trimming names that look extended on short-term momentum. AVGO stands out on clean trend alignment, while AAPL, MSFT, AMZN, GOOGL, and NVDA have constructive upside setups but are near overbought levels, so position sizes are moderated. I avoid META due to a very strong bearish trend and keep some cash because many growth names are stretched after sharp rebounds, which raises 1-week pullback risk.",12.0,33329.89,10.0,19862.58,0.0,0.0,6.0,3305.4,8.0,39438.03,12.0,5505.04,10.0,9265.11,10.0,17282.12,14.0,17954.67,8.0,1627.64
214,2022-03-25,2022-04-01,neutral,"AVGO, AAPL, MSFT","META, JPM",12.0,0.21,9141.65,0.05,2140000.0,4407428.46,2267428.46,3268984.72,1128984.72,"The setup is broadly constructive for a 1-week horizon, with many names showing bullish MACD, strong ADX, and prices above key moving averages, but several are also stretched near upper Bollinger Bands with overbought stochastic readings. I favor the strongest trend-quality names with better technical confirmation such as AVGO, AAPL, MSFT, AMZN, and GOOGL, while keeping meaningful cash due to short-term overbought conditions and elevated market uncertainty. META is avoided because it has the clearest bearish trend structure, and JPM receives only a small weight given mixed trend signals and weak recent predictive reliability.",12.0,-1238.53,8.0,-12452.18,0.0,0.0,6.0,-12291.15,10.0,32182.9,10.0,8313.41,10.0,-3239.19,10.0,-4726.65,14.0,-1850.6,8.0,4443.64
215,2022-04-01,2022-04-08,neutral,"AAPL, TSLA, AVGO","META, JPM",15.0,-4.31,-190260.05,-1.18,2150000.0,4227168.41,2077168.41,3240252.57,1090252.57,"Portfolio tilts toward stocks with strong trend confirmation, bullish MACD, and solid ADX while avoiding names with clearly bearish primary trends. I am keeping a meaningful cash buffer because several leaders are near overbought levels and short-horizon pullback risk is elevated, so diversification across large-cap tech plus selective exposure to TSLA, AVGO, and LLY offers upside with better risk control.",14.0,-14972.27,10.0,-59418.32,0.0,0.0,0.0,0.0,12.0,-28885.02,12.0,-21329.06,10.0,-24575.93,10.0,-21631.61,12.0,-33801.8,5.0,14353.96
216,2022-04-08,2022-04-18,bearish,"LLY, TSLA, AAPL","META, JPM, NVDA",35.0,-2.13,-90188.34,-2.14,2160000.0,4146980.07,1986980.07,3180537.38,1020537.38,"For a 1-week horizon, I favor names with the strongest trend quality and relative strength: LLY stands out with 4/4 EMA alignment, bullish MACD, very strong ADX, and positive OBV, while TSLA retains a strong uptrend despite slight short-term MACD softening. Most other stocks show bearish MACD, weak/negative EMA structure, and declining OBV, so I keep only small tactical allocations to oversold mega-cap names and hold a large cash buffer given the broadly defensive technical backdrop.",8.0,-10004.39,3.0,-7345.72,0.0,0.0,0.0,0.0,14.0,-12263.38,7.0,-16429.6,4.0,-1838.5,4.0,-7134.88,5.0,-180.46,20.0,-34991.41
217,2022-04-18,2022-04-25,bearish,"LLY, TSLA, AAPL","META, JPM, MSFT",40.0,-1.22,-50761.68,-2.16,2170000.0,4106218.4,1936218.4,3121622.88,951622.88,"The broad setup is defensive: most names show bearish MACD, weak EMA alignment, strong negative ADX trends, and are trading near lower Bollinger Bands, which suggests downside pressure may still dominate despite oversold readings. I favor the few relative-strength names with better trend structure and support from longer-term moving averages—LLY as the strongest trend, TSLA for tactical upside despite momentum cooling, and AAPL/AVGO as smaller rebound candidates—while keeping a large cash buffer to protect risk-adjusted returns in a weak tape.",12.0,-6618.13,0.0,0.0,0.0,0.0,0.0,0.0,14.0,-3633.41,0.0,0.0,0.0,0.0,0.0,0.0,12.0,1173.74,22.0,-41683.87
218,2022-04-25,2022-05-02,bearish,"TSLA, LLY, AVGO","NVDA, META, GOOGL",60.0,-1.43,-58784.79,-3.27,2180000.0,4057433.61,1877433.61,3029089.29,849089.29,"The broad setup is defensive: most names show bearish MACD, weak EMA alignment, strong negative ADX trends, and declining OBV, which argues for a high cash balance over a 1-week horizon. I am only allocating to relatively stronger names with better structural support or less damaged trend profiles—TSLA, LLY, AVGO, and to a smaller extent AAPL—while avoiding the deeply bearish mega-cap growth names where oversold conditions are not yet confirmed by trend reversal.",8.0,-9946.85,0.0,0.0,0.0,0.0,0.0,0.0,12.0,-47057.53,0.0,0.0,0.0,0.0,0.0,0.0,10.0,-8073.08,10.0,6292.68
219,2022-05-02,2022-05-09,bearish,"LLY, MSFT, AVGO","AMZN, META, NVDA",30.0,-2.83,-114924.12,-3.94,2190000.0,3952509.49,1762509.49,2919499.58,729499.58,"The setup is broadly risk-off: most stocks show bearish EMA alignment, negative MACD, and strong downtrend readings, so a large cash buffer is warranted for this 1-week horizon. I favor relatively resilient names with better trend structure or stabilization signals: LLY has the strongest medium-term trend and lower volatility, MSFT shows early MACD improvement with supportive OBV, AVGO has constructive volume and a still-positive longer-term structure, and AAPL offers a lower-volatility oversold rebound candidate. TSLA gets only a small weight due to high volatility and conflicting signals, while deeply bearish names with strong negative trend strength are avoided.",12.0,-18230.84,0.0,0.0,0.0,0.0,0.0,0.0,6.0,-31306.45,18.0,-51190.73,0.0,0.0,0.0,0.0,14.0,-13269.0,20.0,-927.1
220,2022-05-09,2022-05-16,bearish,"LLY, AVGO, JPM","NVDA, TSLA, AMZN",30.0,0.97,38336.83,0.48,2200000.0,4000846.32,1800846.32,2943625.8,743625.8,"The broad setup is defensive: most stocks show bearish EMA alignment, negative MACD, weak OBV, and elevated downside trend strength, so preserving capital with a large cash position is appropriate for a 1-week horizon. LLY stands out as the only name with constructive medium-term trend structure and relatively stable volatility, while AVGO and JPM offer comparatively better risk/reward due to milder technical damage; AAPL and GOOGL get smaller tactical allocations as oversold rebound candidates. Deeply broken high-beta names like NVDA, META, TSLA, AMZN, and MSFT are avoided because strong downtrends and bearish momentum outweigh oversold signals.",8.0,-13592.3,0.0,0.0,0.0,0.0,12.0,-14047.3,0.0,0.0,0.0,0.0,0.0,0.0,5.0,3405.66,15.0,20853.65,30.0,41717.12
221,2022-05-16,2022-05-23,bearish,"LLY, AVGO, GOOGL","TSLA, META, NVDA",25.0,-2.64,-105868.91,-0.79,2210000.0,3904977.41,1694977.41,2930223.58,720223.58,"The broad setup is defensive: most names show bearish EMA alignment, negative MACD or weak volume/OBV, suggesting the market regime is still risk-off over the next week. I am concentrating exposure in the few relative-strength names with constructive trend and confirmation—LLY as the clearest uptrend, AVGO as a stable improving setup, and a smaller GOOGL position due to bullish MACD divergence despite weak longer-term trend—while keeping a large cash buffer to protect risk-adjusted returns.",0.0,0.0,0.0,0.0,0.0,0.0,0.0,0.0,0.0,0.0,0.0,0.0,0.0,0.0,12.0,-12435.74,28.0,-108531.78,35.0,15098.62
222,2022-05-23,2022-05-31,bearish,"LLY, JPM, GOOGL","TSLA, META, NVDA",15.0,3.4,133067.93,4.03,2220000.0,4048045.34,1828045.34,3058819.22,838819.22,"The broad setup is defensive: most mega-cap tech names show strongly bearish trend structure with negative EMA alignment, weak price vs moving averages, and elevated downside trend strength. LLY stands out as the only clear technical leader with full bullish alignment, positive MACD, supportive ADX, and relatively low volatility, while JPM and GOOGL offer smaller tactical allocations due to improving momentum via positive MACD histograms despite mixed longer-term trends. Holding cash is appropriate given weak market breadth and high correlation risk across the beaten-down growth names.",0.0,0.0,0.0,0.0,0.0,0.0,20.0,47947.48,0.0,0.0,0.0,0.0,0.0,0.0,10.0,7985.31,0.0,0.0,55.0,77135.15
223,2022-05-31,2022-06-07,neutral,"LLY, AVGO, MSFT",META,10.0,-0.16,-6393.88,0.68,2230000.0,4051651.46,1821651.46,3089702.62,859702.62,"For a 1-week horizon, I favor names with the strongest combination of bullish MACD, supportive ADX, improving volume/OBV, and relatively cleaner trend structure. LLY is the standout with full bullish EMA alignment, strong ADX, golden cross, and heavy volume; AVGO, MSFT, AMZN, and JPM also show constructive short-term momentum despite some overbought readings. I am avoiding META due to a very strong bearish trend and weak volume, while keeping a 10% cash buffer because many tech names remain below key medium-term averages, suggesting a still-fragile broader tape.",8.0,-283.55,6.0,3312.16,0.0,0.0,10.0,-6628.89,6.0,-13358.0,10.0,940.36,10.0,9420.2,8.0,9666.94,12.0,-5993.37,20.0,-3469.74
224,2022-06-07,2022-06-14,neutral,"AMZN, GOOGL, LLY",META,5.0,-10.65,-432627.38,-10.07,2240000.0,3629024.08,1389024.08,2787525.42,547525.42,"For a 1-week horizon, I favor names showing improving momentum and bullish MACD/OBV confirmation without the extreme structural weakness seen in META. AMZN, GOOGL, MSFT, JPM, and LLY offer the best mix of trend stabilization, positive momentum, and manageable volatility, while a small cash buffer helps control risk in a still-fragile broader market with many stocks below longer-term averages.",8.0,-34850.83,7.0,-46419.49,0.0,0.0,12.0,-59992.66,5.0,-15299.37,12.0,-50099.17,16.0,-109314.56,14.0,-50645.53,8.0,-29953.25,13.0,-36052.52
225,2022-06-14,2022-06-22,bearish,"LLY, AVGO, TSLA","NVDA, JPM, MSFT",60.0,1.22,44426.88,0.14,2250000.0,3683450.96,1433450.96,2801416.38,551416.38,"The broad setup is defensive: most names show uniformly bearish trend structure with -4/4 EMA alignment, negative MACD, weak OBV, and strong downside ADX readings, so preserving capital via a large cash position is appropriate for a 1-week horizon. I favor only limited exposure to names with relatively better rebound potential or more resilient structure: LLY has the strongest medium-term trend backdrop with a golden cross and less damaged moving averages, AVGO has a supportive golden cross and lower volatility, while TSLA and GOOGL get small tactical weights for short-term mean reversion rather than trend-following.",0.0,0.0,0.0,0.0,0.0,0.0,0.0,0.0,8.0,20028.49,0.0,0.0,0.0,0.0,7.0,11390.84,10.0,-16838.98,15.0,29846.53
226,2022-06-22,2022-06-29,bearish,"LLY, GOOGL, TSLA","META, JPM, NVDA",35.0,1.25,46295.17,1.59,2260000.0,3739746.14,1479746.14,2856096.86,596096.86,"The broad setup is defensive: most names show bearish EMA alignment, weak longer-term trend structure, and negative MACD, so preserving capital with a large cash buffer is appropriate for a 1-week horizon. I favor LLY for its rare positive trend alignment and golden cross, GOOGL for relative stabilization with improving MACD and moderate volatility, and a smaller TSLA position for short-term upside from bullish MACD histogram and improving directional indicators despite higher risk.",0.0,0.0,0.0,0.0,0.0,0.0,0.0,0.0,12.0,-14261.56,0.0,0.0,0.0,0.0,23.0,1630.6,0.0,0.0,30.0,58926.13
227,2022-06-29,2022-07-07,neutral,"LLY, MSFT, GOOGL","META, NVDA, AVGO",20.0,3.14,117742.82,2.27,2270000.0,3867488.96,1597488.96,2931279.96,661279.96,"The broad setup is cautious: most stocks show negative EMA alignment and remain below key moving averages, so I am keeping a meaningful cash buffer. LLY stands out as the clearest long with strong trend, bullish MACD, positive ADX, and a golden cross, while MSFT, GOOGL, AAPL, and TSLA/AMZN offer selective short-term rebound potential due to improving MACD histograms despite weak primary trends. I am avoiding META because its indicators look internally inconsistent and extremely volatile after a sharp move, and avoiding NVDA, JPM, and AVGO because their trend and volume profiles remain weak with limited confirmation.",10.0,19175.6,0.0,0.0,0.0,0.0,0.0,0.0,8.0,21076.04,14.0,16419.01,6.0,15306.07,12.0,28526.56,0.0,0.0,30.0,17239.54
228,2022-07-07,2022-07-14,neutral,"LLY, GOOGL, MSFT","NVDA, JPM, AVGO",16.0,-2.85,-110551.9,-2.85,2280000.0,3766937.06,1486937.06,2857500.47,577500.47,"I favor names with the best combination of trend strength, bullish MACD/OBV confirmation, and relatively controlled volatility. LLY stands out with strong 4/4 EMA alignment, golden cross, bullish MACD, and high ADX; GOOGL, MSFT, AAPL, and AMZN also show improving short-term momentum, while META is kept smaller due to overbought conditions and bearish MACD divergence. I am avoiding NVDA, JPM, and AVGO because their trend structures remain clearly bearish with weak EMA alignment and stronger downside trend pressure, and I retain meaningful cash given the mixed broader market backdrop and short 1-week horizon.",12.0,6740.23,0.0,0.0,6.0,-19104.84,0.0,0.0,8.0,-7902.65,12.0,-24825.18,10.0,-18999.13,16.0,-43953.78,0.0,0.0,20.0,-2506.56
229,2022-07-14,2022-07-21,neutral,"LLY, AAPL, AMZN","JPM, NVDA, MSFT",20.0,5.82,219877.23,5.53,2290000.0,3996814.29,1706814.29,3025933.46,735933.46,"For a 1-week horizon, I favor names with either strong uptrend structure or improving short-term momentum while keeping meaningful cash due to broadly mixed and still fragile market conditions in mid-2022. LLY and AAPL have the best combination of trend quality and manageable volatility, while META and AMZN offer tactical rebound potential; I keep smaller exposure in TSLA due to improving MACD but higher volatility. I avoid the clearer downtrends with weak trend alignment and bearish confirmation such as JPM, MSFT, NVDA, GOOGL, and AVGO.",22.0,38504.56,0.0,0.0,12.0,72035.43,0.0,0.0,8.0,42339.15,0.0,0.0,14.0,66914.91,0.0,0.0,0.0,0.0,24.0,83.19
230,2022-07-21,2022-07-28,neutral,"GOOGL, MSFT, AAPL","JPM, META",8.0,0.28,11059.04,1.83,2300000.0,4017873.34,1717873.34,3091355.1,791355.1,"The setup is mixed but modestly constructive: many names have bullish MACD histograms and improving OBV, yet several are stretched near or above upper Bollinger Bands with overbought stochastic readings, which raises short-term pullback risk over a 1-week horizon. I favor relatively balanced large-cap quality with less extreme momentum extension such as GOOGL, MSFT, AAPL, and AMZN, keep smaller positions in stronger-trend but more overbought names like NVDA, TSLA, META, and AVGO, maintain a defensive healthcare allocation in LLY, underweight JPM due to weaker trend/volume confirmation, and retain some cash for risk control.",12.0,6190.12,8.0,-1172.08,6.0,-29465.41,4.0,-708.8,7.0,9490.05,12.0,21005.37,11.0,-8310.69,14.0,-588.72,8.0,9863.78,10.0,4755.43
231,2022-07-28,2022-08-04,neutral,"AAPL, MSFT, AMZN","META, JPM",10.0,4.35,175286.52,1.99,2310000.0,4203159.85,1893159.85,3163218.76,853218.76,"Positioning is moderately bullish but selective for a 1-week horizon. I favor names with bullish MACD, supportive price-vs-moving-average structure, and improving OBV/volume confirmation, while trimming or avoiding setups that look extended, conflicted, or distribution-heavy; cash is retained because many tech names are near overbought levels and short-term pullback risk is elevated. AAPL, MSFT, and AMZN offer the best balance of trend quality and liquidity, while AVGO and LLY add diversification with relatively strong technical backdrops.",16.0,34649.69,8.0,22056.55,0.0,0.0,4.0,-3438.13,8.0,31813.8,14.0,14770.28,12.0,80201.72,8.0,11199.9,10.0,14485.28,10.0,-30452.57
232,2022-08-04,2022-08-11,neutral,"META, MSFT, GOOGL","JPM, LLY",15.0,-0.44,-18714.66,1.41,2320000.0,4194445.19,1874445.19,3217809.47,897809.47,"Portfolio leans toward large-cap growth names with strong MACD and ADX support, but trims position sizes where momentum is stretched near upper Bollinger Bands and overbought oscillators raise short-term pullback risk. META, MSFT, GOOGL, and AVGO offer the best balance of trend quality and less extreme setup, while cash is kept elevated for risk control given broad tech crowding and mixed signals in JPM and LLY.",10.0,6809.76,8.0,-22329.86,14.0,23929.82,0.0,0.0,8.0,-24029.4,12.0,6006.7,10.0,-5703.44,12.0,2780.49,11.0,-6178.74,0.0,0.0
233,2022-08-11,2022-08-18,neutral,"META, AAPL, AMZN","LLY, NVDA, TSLA",5.0,1.41,59086.56,1.88,2330000.0,4263531.75,1933531.75,3288524.47,958524.47,"I favor large-cap growth names with strong trend strength, bullish MACD, and supportive ADX readings, while moderating position sizes where momentum looks extended near upper Bollinger Bands. META, AAPL, MSFT, AMZN, and GOOGL offer the best balance of trend persistence and liquidity for a 1-week horizon; JPM and AVGO add diversification, while NVDA and TSLA get smaller weights due to weaker or mixed short-term signals. I avoid LLY because it shows the clearest bearish setup with negative MACD, strong downtrend ADX, and price pinned near the lower Bollinger Band.",14.0,19773.29,3.0,5841.98,16.0,-10726.08,8.0,4199.55,5.0,11910.86,14.0,6460.04,14.0,6947.62,12.0,5646.49,9.0,9032.82,0.0,0.0
234,2022-08-18,2022-08-25,neutral,"AAPL, MSFT, LLY","NVDA, TSLA",10.0,-2.17,-92635.95,-1.96,2340000.0,4180895.8,1840895.8,3233924.61,893924.61,"The setup is broadly constructive but short-term stretched, so I favor high-quality names with strong trend strength, bullish MACD, and reasonable momentum while keeping a 10% cash buffer for risk control. AAPL, MSFT, GOOGL, AMZN, and LLY offer the best balance of trend persistence and manageable momentum, while NVDA and TSLA get smaller weights due to weaker alignment, higher volatility, and less supportive volume/OBV confirmation.",12.0,-12132.27,4.0,-7830.9,9.0,-12948.32,8.0,-8684.78,6.0,-5756.93,12.0,-20006.08,10.0,-15075.99,11.0,-13769.76,8.0,-5093.5,10.0,8662.56
235,2022-08-25,2022-09-01,neutral,"LLY, AAPL, AVGO","JPM, NVDA, MSFT",20.0,-5.34,-223745.07,-5.5,2350000.0,3967150.73,1617150.73,3065377.69,715377.69,"For a 1-week horizon, I favor names with the best combination of trend strength and near-term confirmation: LLY stands out with bullish MACD, strong EMA alignment, positive ADX, and defensive sector characteristics; AAPL and AVGO also retain solid trend structure despite some short-term MACD softness. I am keeping meaningful cash because many mega-cap tech names show bearish MACD histograms, mixed volume confirmation, and likely high correlation, which lowers risk-adjusted return potential over just five trading days. Smaller allocations to AMZN, META, TSLA, MSFT, GOOGL, NVDA, and JPM reflect either mixed trend/momentum setups or weaker confirmation.",14.0,-41650.15,3.0,-27906.55,6.0,-5095.22,4.0,-5712.77,5.0,-13383.63,5.0,-13864.45,8.0,-23103.66,5.0,-12412.81,10.0,-44275.87,20.0,-36339.95
236,2022-09-01,2022-09-09,bearish,"LLY, META","NVDA, MSFT, GOOGL",70.0,0.77,30785.12,2.57,2360000.0,4007935.85,1647935.85,3154352.88,794352.88,"The broad technical backdrop is bearish: most names show negative MACD, weak EMA alignment, strong downside ADX trends, and prices sitting near lower Bollinger Bands, which argues for a defensive stance over a 1-week horizon. I favor only META and LLY for limited exposure because they have comparatively better structural trend support, with META supported by a golden cross and improving OBV, and LLY showing relative resilience plus a positive long-term trend; the rest are avoided due to stronger confirmed downtrends despite oversold readings.",0.0,0.0,0.0,0.0,12.0,10938.61,0.0,0.0,0.0,0.0,0.0,0.0,0.0,0.0,0.0,0.0,0.0,0.0,18.0,19846.51
237,2022-09-09,2022-09-16,neutral,"LLY, META, JPM","NVDA, MSFT, GOOGL",20.0,-3.85,-154735.6,-5.17,2370000.0,3863200.26,1493200.26,3000609.68,630609.68,"For a 1-week horizon, I favor names with the best near-term risk-adjusted technical setups: LLY and JPM have constructive trend/momentum with bullish MACD or strong directional strength, while META, TSLA, AMZN, and AVGO retain enough relative strength or improving volume to justify moderate exposure. I am avoiding the clearest downtrends with strong bearish trend confirmation such as NVDA, MSFT, GOOGL, and AAPL, and I am keeping a meaningful cash buffer because the overall tape appears mixed rather than broadly supportive.",0.0,0.0,0.0,0.0,16.0,-86881.48,14.0,-9865.3,12.0,5904.63,0.0,0.0,10.0,-29364.97,0.0,0.0,8.0,-12244.55,20.0,-22283.93
238,2022-09-16,2022-09-23,bearish,"JPM, TSLA, LLY","NVDA, MSFT, GOOGL",30.0,-3.81,-147665.18,-4.57,2380000.0,3725535.08,1345535.08,2873103.62,493103.62,"The broad setup is defensive: most mega-cap tech names show bearish MACD, weak EMA alignment, strong negative ADX trends, and declining OBV, so I prefer substantial cash. Within that backdrop, JPM offers the cleanest near-term bullish turn with positive MACD and moderate volatility, TSLA has the strongest upside trend profile despite being somewhat extended, LLY is relatively stable with supportive long-term trend structure, and AVGO is a smaller tactical position due to improving OBV and less severe downside pressure.",0.0,0.0,0.0,0.0,0.0,0.0,22.0,-57787.04,18.0,-64397.14,0.0,0.0,0.0,0.0,0.0,0.0,12.0,-31281.58,18.0,5800.58
239,2022-09-23,2022-09-30,bearish,LLY,"NVDA, MSFT, AMZN",65.0,1.34,49911.48,-2.93,2390000.0,3785446.56,1395446.56,2798714.36,408714.36,"The broad setup is defensive: most stocks show bearish trend structure, negative MACD, weak OBV, and strong downside ADX readings, suggesting the market is still in a short-term downtrend despite oversold conditions. LLY is the only name with relatively constructive technicals—price above key EMAs, bullish MACD histogram, positive OBV trend, and a golden cross—so it earns the only meaningful allocation, while the majority remains in cash to preserve risk-adjusted returns over the 1-week horizon.",0.0,0.0,0.0,0.0,0.0,0.0,0.0,0.0,0.0,0.0,0.0,0.0,0.0,0.0,0.0,0.0,0.0,0.0,35.0,49911.48
240,2022-09-30,2022-10-07,bearish,LLY,"AAPL, JPM, AVGO",65.0,0.36,13598.34,1.57,2400000.0,3809044.9,1409044.9,2852829.06,452829.06,"The broad setup is defensive: 9 of 10 names show bearish trend alignment, negative MACD, weak OBV, and strong downside ADX readings, suggesting the path of least resistance remains lower over the next week despite oversold conditions. LLY is the only stock with clear positive trend structure, bullish MACD, strong ADX, and supportive volume, so it earns the sole equity allocation while the majority stays in cash to preserve risk-adjusted returns in a weak tape.",0.0,0.0,0.0,0.0,0.0,0.0,0.0,0.0,0.0,0.0,0.0,0.0,0.0,0.0,0.0,0.0,0.0,0.0,35.0,13598.34
241,2022-10-07,2022-10-14,bearish,"LLY, GOOGL, MSFT","TSLA, JPM",30.0,-1.92,-73321.88,-1.42,2410000.0,3745723.03,1335723.03,2822110.74,412110.74,"The broad setup is defensive: most stocks show negative EMA alignment, weak trend structure, and only tentative MACD improvement from oversold levels, which argues for limited exposure and elevated cash. I favor LLY as the only clear trend-positive name, while GOOGL, MSFT, AMZN, AVGO, and META offer the best short-term rebound potential due to bullish MACD histograms and less extreme downside structure than the weakest names. I would avoid TSLA and JPM because their trends remain decisively bearish with poor confirmation, and keep AAPL/NVDA small given oversold bounce potential but still unfavorable primary trends.",3.0,-1398.51,4.0,-10739.88,6.0,-11487.18,0.0,0.0,0.0,0.0,9.0,-8334.6,8.0,-20428.69,12.0,-9845.61,8.0,-22147.28,20.0,11059.87
242,2022-10-14,2022-10-21,bearish,"LLY, JPM, GOOGL","TSLA, AMZN, NVDA",15.0,4.92,184628.43,4.66,2420000.0,3940351.46,1520351.46,2964043.09,544043.09,"The opportunity set is broadly weak, with most mega-cap tech names in strong downtrends, negative EMA alignment, and bearish MACD/ADX setups, so a defensive posture is warranted. LLY stands out as the only clear technical leader with positive trend alignment and bullish MACD, while JPM and GOOGL offer the best relative short-term setups through improving momentum, bullish MACD histograms, and better volume/OBV confirmation than peers. Holding cash helps manage market-wide downside risk in a bearish tape.",0.0,0.0,0.0,0.0,0.0,0.0,30.0,111871.16,0.0,0.0,0.0,0.0,0.0,0.0,20.0,35550.24,0.0,0.0,35.0,37207.03
243,2022-10-21,2022-10-28,neutral,"LLY, GOOGL, MSFT","TSLA, AVGO, META",20.0,-0.35,-13635.59,3.94,2430000.0,3936715.87,1506715.87,3091085.1,661085.1,"For a 1-week horizon, I favor names with improving MACD, supportive OBV, and either strong absolute trend or credible short-term recovery setups. LLY stands out as the clearest trend leader, while GOOGL, MSFT, AAPL, and AMZN show constructive momentum improvement without the extreme downside trend risk seen in TSLA, AVGO, and NVDA. I am keeping a meaningful cash buffer because most mega-cap tech names still sit below key medium-term averages, suggesting a tactical bounce environment rather than a broad confirmed uptrend.",12.0,27263.78,3.0,13005.17,2.0,-18723.23,8.0,9954.25,0.0,0.0,12.0,-12236.76,10.0,-52673.56,13.0,-24577.88,0.0,0.0,20.0,44352.63
244,2022-10-28,2022-11-04,neutral,"LLY, AAPL, JPM","META, AMZN",10.0,-3.0,-118441.48,-3.26,2440000.0,3828274.39,1388274.39,3000085.8,560085.8,"I favor stocks with the strongest combination of bullish MACD, supportive ADX, positive volume/OBV, and relative price strength versus key moving averages. LLY, AAPL, JPM, and AVGO stand out as the best risk-adjusted longs, while I keep some exposure to NVDA, MSFT, TSLA, and GOOGL for rebound potential but at smaller sizes due to weaker trend structure or overbought conditions. I avoid META and AMZN because both show strong bearish trend alignment, negative momentum, and heavy downside pressure; a 10% cash buffer helps manage broad market uncertainty over a short 1-week horizon.",18.0,-79187.73,8.0,7349.1,0.0,0.0,16.0,23039.2,6.0,-21812.98,8.0,-19383.03,0.0,0.0,4.0,-15919.66,12.0,-7611.34,18.0,-4915.03
245,2022-11-04,2022-11-11,bearish,"LLY, JPM, AVGO","META, AMZN, MSFT",20.0,3.81,146319.82,5.89,2450000.0,3984594.21,1534594.21,3187323.75,737323.75,"The setup is broadly risk-off: most mega-cap tech names show bearish EMA alignment, negative MACD, and strong downtrends, so capital is concentrated in the few names with favorable trend/momentum profiles and a meaningful cash buffer. LLY has the cleanest bullish trend, JPM has strong trend strength and positive momentum despite being somewhat extended, and AVGO/NVDA offer selective upside from improving momentum; TSLA is kept smaller as a tactical oversold rebound candidate rather than a core holding.",0.0,0.0,14.0,82410.65,0.0,0.0,18.0,24425.38,8.0,-17020.35,0.0,0.0,0.0,0.0,0.0,0.0,16.0,69674.62,24.0,-13170.48
246,2022-11-11,2022-11-18,neutral,"JPM, AAPL, MSFT","TSLA, AMZN",20.0,-0.42,-16824.08,-0.62,2460000.0,3977770.13,1517770.13,3177426.22,717426.22,"Portfolio leans toward names with improving or strong trend confirmation and avoids the clearest short-term downtrends. JPM has the strongest trend strength and low volatility, while AAPL, MSFT, and GOOGL show constructive MACD/OBV setups; NVDA and AVGO are kept smaller because momentum is strong but stretched. Cash is elevated given mixed market conditions and several mega-cap names still in bearish longer-term structures.",12.0,5091.31,6.0,-13475.98,8.0,-2742.7,14.0,-6034.7,0.0,0.0,12.0,-11425.6,0.0,0.0,12.0,5071.45,8.0,-1807.28,8.0,8499.43
247,2022-11-18,2022-11-28,neutral,"JPM, AVGO, AAPL","TSLA, AMZN",10.0,-0.34,-13397.5,-0.03,2470000.0,3974372.64,1504372.64,3186460.41,716460.41,"I favor names with improving momentum, bullish MACD, and stronger trend confirmation while avoiding the weakest downtrends. JPM, AVGO, AAPL, and GOOGL screen best on trend strength and near-term technical setup, while MSFT and LLY add quality diversification; I keep a 10% cash buffer because several mega-cap tech names remain below longer-term averages and the 1-week horizon argues for caution.",12.0,-22362.51,8.0,8654.1,6.0,-6982.6,16.0,2431.28,0.0,0.0,10.0,892.71,4.0,-321.94,12.0,-6777.94,12.0,6548.75,10.0,4520.66
248,2022-11-28,2022-12-05,neutral,"JPM, AVGO, NVDA","TSLA, AMZN",5.0,2.02,80629.79,0.93,2480000.0,4065002.43,1585002.43,3226171.64,746171.64,"For a 1-week horizon, I favor names with the best combination of positive MACD, supportive EMA/SMA structure, strong ADX, and relatively controlled volatility. JPM, AVGO, NVDA, MSFT, and GOOGL screen best on near-term trend strength or improving momentum, while AAPL, META, AMZN, and TSLA remain in weaker broader downtrends so they receive smaller tactical weights; a modest cash buffer is kept given mixed market conditions and elevated single-name volatility.",5.0,3329.06,12.0,23653.99,6.0,29998.17,18.0,-15907.83,3.0,-307.13,12.0,16691.65,5.0,-6234.2,12.0,17074.1,15.0,9647.92,7.0,2684.06
249,2022-12-05,2022-12-12,neutral,"LLY, MSFT, NVDA","TSLA, AMZN",15.0,-0.03,-1264.42,-0.16,2490000.0,4073738.01,1583738.01,3230988.46,740988.46,"I favor stocks with the strongest combination of bullish MACD, supportive EMA/SMA structure, solid ADX, and relatively controlled volatility. LLY, MSFT, GOOGL, NVDA, and AVGO screen best on trend quality, while META is kept smaller due to overbought conditions; AAPL and JPM get limited exposure because signals are mixed. I am avoiding TSLA and AMZN because their broader trend structure remains clearly bearish despite short-term bounce potential, and I am holding meaningful cash given the short 1-week horizon and mixed market backdrop.",5.0,-2973.64,12.0,27232.11,8.0,-20556.41,3.0,2642.84,0.0,0.0,14.0,5267.21,0.0,0.0,12.0,-30329.03,11.0,21954.67,20.0,-4502.16
250,2022-12-12,2022-12-19,neutral,"MSFT, LLY, JPM","TSLA, AAPL, GOOGL",20.0,-2.8,-114318.3,-4.74,2500000.0,3969419.71,1469419.71,3087205.0,587205.0,"For a 1-week horizon, I favor names with stronger trend structure, supportive MACD/ADX, and relatively controlled volatility: MSFT, LLY, JPM, NVDA, and AVGO. I am keeping a meaningful cash buffer because several mega-cap tech names still show bearish medium-term trend alignment, while some leaders like NVDA and AVGO are near overbought levels, which raises short-term pullback risk.",0.0,0.0,14.0,-41766.61,8.0,-655.05,14.0,-17678.65,0.0,0.0,16.0,-31206.61,0.0,0.0,0.0,0.0,12.0,-6162.69,16.0,-16848.69
251,2022-12-19,2022-12-27,bearish,"AVGO, META, JPM","TSLA, AAPL, GOOGL",10.0,-0.29,-11591.43,0.36,2510000.0,3967828.28,1457828.28,3108452.15,598452.15,"The setup is broadly cautious for a 1-week horizon: most mega-cap tech names show bearish trend alignment, weak MACD, and declining OBV, so I am keeping exposure selective and holding some cash. AVGO stands out as the only clear technical leader with strong EMA alignment and ADX, while META, JPM, MSFT, and LLY offer relatively better risk-adjusted rebound or defensive profiles versus deeply broken names like TSLA, AAPL, AMZN, and GOOGL.",3.0,-2110.41,6.0,-31332.97,12.0,10011.12,12.0,6168.31,0.0,0.0,10.0,-5775.91,4.0,-3523.93,3.0,-1417.36,30.0,8492.73,10.0,7897.0
252,2022-12-27,2023-01-04,bearish,"AVGO, LLY, JPM","TSLA, NVDA, AMZN",20.0,2.13,84812.07,0.62,2520000.0,4062640.35,1542640.35,3137748.29,617748.29,"For a 1-week horizon, I favor names with the strongest relative trend structure and lower downside risk: AVGO, LLY, and JPM have positive EMA/SMA setups, while META has improving momentum and GOOGL offers a smaller oversold rebound candidate with better volume behavior than most mega-cap tech peers. I am keeping a meaningful cash buffer because the broader tape appears weak, with many major growth stocks still in confirmed downtrends and bearish MACD readings, so capital preservation matters as much as upside capture this week.",0.0,0.0,0.0,0.0,14.0,49981.51,18.0,25218.48,0.0,0.0,0.0,0.0,0.0,0.0,8.0,2512.6,22.0,10592.4,18.0,-3492.92
253,2023-01-04,2023-01-11,neutral,"JPM, AVGO, LLY","TSLA, AAPL, MSFT",25.0,2.44,99504.58,3.06,2530000.0,4172144.93,1642144.93,3244208.36,714208.36,"For a 1-week horizon, I favor names with the strongest trend confirmation and relatively controlled volatility: JPM and AVGO have the best combination of bullish trend structure, positive ADX, and supportive volume/OBV, while LLY offers defensive balance and META retains upside despite overbought conditions. I am keeping a sizable cash buffer because the broader setup across mega-cap tech is still mostly bearish, with many stocks below key moving averages and weak MACD readings, so capital preservation matters. AMZN gets a smaller tactical weight due to improving MACD histogram and less extreme downside structure, while deeply bearish names are avoided despite oversold readings.",0.0,0.0,0.0,0.0,12.0,21180.16,22.0,21351.65,0.0,0.0,0.0,0.0,8.0,38076.37,0.0,0.0,18.0,23422.19,15.0,-4525.78
254,2023-01-11,2023-01-19,neutral,"AVGO, JPM, NVDA","TSLA, MSFT",20.0,-0.28,-11668.49,-1.74,2540000.0,4170476.44,1630476.44,3197601.99,657601.99,"I favor stocks with the strongest combination of trend strength, bullish MACD, and supportive ADX while avoiding names with clearly bearish trend structure or weak momentum confirmation. AVGO and JPM stand out on clean uptrends with strong ADX, while NVDA and AMZN offer positive short-term momentum despite some overbought risk; I keep a meaningful cash buffer because several large-cap tech names are mixed and many signals suggest a choppy, selective market rather than a broad risk-on setup.",4.0,2230.64,12.0,23962.19,8.0,8207.57,14.0,-20462.95,0.0,0.0,0.0,0.0,12.0,-7441.57,8.0,5593.25,18.0,-19427.07,4.0,-4330.56
255,2023-01-19,2023-01-26,neutral,"NVDA, META, AAPL","TSLA, MSFT, LLY",25.0,6.7,279945.14,4.15,2550000.0,4460421.58,1910421.58,3340564.29,790564.29,"For a 1-week horizon, I favor names with the strongest combination of bullish MACD, supportive EMA/SMA structure, solid ADX, and at least neutral-to-positive volume confirmation. NVDA, META, AMZN, AAPL, AVGO, and GOOGL screen best, while TSLA, MSFT, JPM, and LLY have weaker trend quality or bearish confirmation; I keep a sizable cash buffer because several leaders are near upper Bollinger ranges and short-term overbought conditions raise pullback risk.",12.0,32227.4,16.0,121167.74,14.0,47930.4,0.0,0.0,0.0,0.0,0.0,0.0,12.0,29666.75,10.0,20082.46,11.0,28870.39,0.0,0.0
256,2023-01-26,2023-02-02,neutral,"AVGO, NVDA, META","LLY, TSLA",15.0,8.48,378920.2,2.97,2560000.0,4849341.78,2289341.78,3450149.93,890149.93,"The portfolio leans into the strongest trend names with confirmed bullish MACD, strong ADX, and supportive volume/OBV, especially AVGO, NVDA, and META. I am moderating exposure because many tech names are short-term overbought near upper Bollinger Bands, so cash is kept elevated and weaker setups like LLY are avoided while TSLA is kept small due to high volatility and mixed longer-term trend structure.",8.0,17042.01,14.0,60272.35,12.0,151029.23,8.0,-2657.09,4.0,31240.23,7.0,20946.09,9.0,55513.07,8.0,37479.66,15.0,8054.65,0.0,0.0
257,2023-02-02,2023-02-09,bullish,"NVDA, AVGO, GOOGL","LLY, META, TSLA",15.0,-1.71,-83237.01,-2.32,2570000.0,4776104.77,2206104.77,3379702.57,809702.57,"The tape is broadly bullish with strong MACD, ADX, and volume confirmation across many growth names, but several stocks are stretched near or above upper Bollinger Bands with overbought momentum, so I am balancing participation with a meaningful cash buffer. I favor names with strong trend quality and relatively cleaner setups such as NVDA, AVGO, GOOGL, MSFT, and JPM, while keeping smaller weights in the most extended momentum names like META and TSLA and avoiding LLY due to bearish trend, negative MACD, weak OBV, and downside directional strength.",8.0,128.88,14.0,19680.01,4.0,-11172.08,12.0,6211.45,5.0,24584.5,10.0,-1799.76,9.0,-56822.15,10.0,-57415.46,13.0,-6632.39,0.0,0.0
258,2023-02-09,2023-02-16,neutral,"META, NVDA, AVGO","AMZN, GOOGL, LLY",20.0,-0.46,-21919.08,0.29,2580000.0,4764185.69,2184185.69,3399611.3,819611.3,"I favor stocks with strong trend confirmation, bullish MACD, solid ADX, and supportive moving-average structure, while trimming exposure where momentum looks stretched or volume/OBV confirmation is weaker. META, NVDA, and AVGO have the strongest trend setups, while AAPL, MSFT, and JPM add quality exposure with somewhat lower volatility; I am avoiding AMZN, GOOGL, and LLY due to weaker trend structure and holding elevated cash because several leaders are near overbought levels for a 1-week horizon.",12.0,10811.32,14.0,-10049.17,14.0,-20637.92,10.0,4771.79,4.0,-4875.68,12.0,-3202.6,0.0,0.0,0.0,0.0,14.0,1263.18,0.0,0.0
259,2023-02-16,2023-02-24,neutral,"MSFT, AAPL, NVDA","AMZN, GOOGL, LLY",20.0,-1.45,-69451.6,-2.91,2590000.0,4704734.09,2114734.09,3310232.5,720232.5,"I favor stocks with strong trend structure, positive or improving MACD, solid ADX, and supportive OBV, while keeping a meaningful cash buffer because several names show mixed momentum and the opportunity set is concentrated in large-cap growth. MSFT, AAPL, NVDA, and AVGO have the cleanest bullish technical profiles; META and JPM are included at smaller weights due to trend strength but weaker near-term MACD confirmation, while AMZN, GOOGL, and LLY are avoided because of bearish trend/momentum setups.",16.0,-34786.86,14.0,39005.89,8.0,-4540.52,8.0,-2396.86,6.0,-7315.82,16.0,-37676.27,0.0,0.0,0.0,0.0,12.0,-21741.17,0.0,0.0
260,2023-02-24,2023-03-03,neutral,"NVDA, META, AVGO","AMZN, GOOGL, LLY",25.0,3.37,158774.8,1.97,2600000.0,4873508.89,2273508.89,3385652.09,785652.09,"I favor stocks with strong medium-term trend structure and reasonable odds of a short-term bounce despite bearish MACD histograms. NVDA and META have the best combination of strong trend, high ADX, and supportive broader structure, while AVGO and AAPL offer oversold rebound potential with less extreme downside than the clearly broken setups in AMZN, GOOGL, and LLY. I am keeping a sizable cash buffer because many names show weakening momentum and broad short-horizon conditions look mixed rather than decisively risk-on.",8.0,11106.35,22.0,26904.31,16.0,65788.79,8.0,7306.45,7.0,1525.44,5.0,5741.6,0.0,0.0,0.0,0.0,9.0,40401.86,0.0,0.0
261,2023-03-03,2023-03-10,neutral,"AVGO, AAPL, META","AMZN, GOOGL, LLY",24.0,-2.82,-137719.14,-4.52,2610000.0,4745789.76,2135789.76,3242079.46,632079.46,"I favor stocks with strong trend structure, supportive ADX, and volume/OBV confirmation while discounting names with bearish EMA alignment or stretched short-term setups. AVGO, AAPL, and META have the best combination of trend strength and confirmation, while NVDA is kept smaller due to overbought conditions and weakening volume; meaningful cash is held because several mega-cap growth names show bearish MACD or negative trend alignment, suggesting a mixed one-week market backdrop.",14.0,-11452.95,10.0,-18908.52,12.0,-18157.95,8.0,-27222.01,4.0,-24048.42,8.0,-10253.28,0.0,0.0,0.0,0.0,20.0,-27676.0,0.0,0.0
262,2023-03-10,2023-03-17,neutral,"AVGO, META, NVDA","JPM, TSLA, AMZN",25.0,5.24,249132.21,1.06,2620000.0,5004921.97,2384921.97,3286461.79,666461.79,"I favor stocks with the strongest trend structure and better risk-adjusted technical setups over the next week. AVGO, META, and NVDA stand out with strong EMA alignment, positive or resilient trend strength, and relatively constructive momentum, while AAPL and MSFT get smaller weights due to mixed but not deeply bearish signals; elevated cash reflects broad market uncertainty and the number of bearish setups across mega-cap tech and financials.",8.0,16653.27,16.0,91450.33,18.0,76777.22,0.0,0.0,0.0,0.0,4.0,23600.07,0.0,0.0,0.0,0.0,24.0,29962.8,5.0,10688.53
263,2023-03-17,2023-03-24,bullish,"META, AAPL, AVGO","JPM, TSLA",10.0,2.39,119746.33,1.48,2630000.0,5134668.3,2504668.3,3345149.24,715149.24,"The portfolio leans into large-cap tech names with strong trend alignment, bullish MACD, supportive ADX, and generally positive volume confirmation. META, AAPL, AVGO, NVDA, and MSFT have the strongest upside setups, though several are short-term extended, so I keep some cash and diversify across multiple leaders rather than concentrating too heavily. I avoid JPM due to a strong bearish trend breakdown and TSLA due to weak trend structure, negative MACD, and elevated volatility.",14.0,23780.44,12.0,24656.46,16.0,42660.55,0.0,0.0,0.0,0.0,12.0,2455.15,8.0,-3324.7,10.0,18851.61,13.0,5372.82,5.0,5294.02
264,2023-03-24,2023-03-31,bullish,"MSFT, AAPL, GOOGL",JPM,5.0,2.47,126824.66,3.45,2640000.0,5271492.96,2631492.96,3470788.5,830788.5,"The portfolio leans into large-cap growth names with strong trend confirmation, bullish MACD, and high ADX readings, especially MSFT, AAPL, GOOGL, NVDA, and AVGO. I trim position sizes where momentum looks stretched near upper Bollinger Bands or where trend quality is less clean, and I avoid JPM because its trend, MACD, DI structure, and OBV are decisively bearish despite oversold conditions. A small cash buffer is retained for risk control given broad tech correlation and several names showing overbought short-term momentum.",14.0,20899.71,12.0,23007.79,8.0,11847.15,0.0,0.0,6.0,27640.33,16.0,22678.57,8.0,21641.89,14.0,-11680.9,12.0,5211.22,5.0,5578.89
265,2023-03-31,2023-04-10,bullish,"MSFT, AAPL, META","JPM, LLY",5.0,-0.58,-30461.59,0.05,2650000.0,5251031.37,2601031.37,3482659.02,832659.02,"The portfolio leans toward large-cap tech with the strongest trend quality, including MSFT, AAPL, META, GOOGL, and NVDA, where EMA structure, bullish MACD, strong ADX, and rising OBV support continued short-term momentum. I trimmed positions in names showing more mixed structure or elevated reversal risk near overbought levels, especially TSLA, AMZN, AVGO, and LLY, and kept a small cash buffer given broad crowding in momentum trades. JPM receives only a small weight because its trend setup is materially weaker than the growth names despite a modest MACD improvement.",16.0,-14707.47,11.0,-4141.23,12.0,8402.94,3.0,-2942.49,5.0,-29212.92,17.0,3394.59,8.0,-4581.49,12.0,16557.81,9.0,-10484.12,2.0,7252.79
266,2023-04-10,2023-04-17,neutral,"MSFT, GOOGL, AAPL","TSLA, JPM",20.0,0.37,19464.85,1.06,2660000.0,5280496.22,2620496.22,3529580.03,869580.03,"I favor large-cap tech names with strong trend structure, bullish MACD, and solid ADX readings, especially MSFT, GOOGL, AAPL, and META. I am trimming exposure where momentum looks extended or conflicted by weak volume/overbought conditions, and avoiding JPM and TSLA due to weaker trend quality and bearish directional setups. A 20% cash buffer is appropriate for a 1-week horizon given concentration risk in growth equities and mixed confirmation from volume.",12.0,12468.28,8.0,-8805.58,12.0,12082.61,0.0,0.0,0.0,0.0,14.0,-1501.65,8.0,2348.08,14.0,-3252.31,4.0,-10.06,8.0,6135.48
267,2023-04-17,2023-04-24,neutral,"GOOGL, MSFT, LLY","TSLA, JPM, NVDA",20.0,0.19,9885.37,-0.32,2670000.0,5300381.58,2630381.58,3528378.29,858378.29,"The portfolio leans toward stocks with strong trend structure, positive or stabilizing momentum, and solid ADX support while avoiding names with weak trend alignment or clear bearish setups. GOOGL, MSFT, AAPL, and LLY screen best on trend quality, while TSLA is avoided due to weak moving-average structure, bearish MACD, and high volatility; elevated cash reflects short 1-week horizon and broad overbought conditions across several leaders.",11.0,352.21,5.0,391.86,8.0,-11738.39,6.0,2043.1,0.0,0.0,12.0,-15453.82,7.0,12507.9,14.0,0.0,5.0,3027.43,12.0,18755.08
268,2023-04-24,2023-05-01,neutral,"AMZN, JPM, GOOGL",TSLA,10.0,2.52,133828.17,0.7,2680000.0,5444209.75,2764209.75,3563074.82,883074.82,"The portfolio leans toward stocks with strong trend structure and better near-term confirmation, especially JPM, AMZN, GOOGL, AAPL, and LLY. I am reducing exposure where MACD/volume confirmation is weaker or where momentum is stretched, and avoiding TSLA because it has the clearest bearish trend, negative EMA alignment, and strong downside ADX despite oversold conditions. A 10% cash buffer is appropriate given mixed momentum signals across many otherwise uptrending names.",10.0,13683.07,8.0,29346.33,6.0,45504.72,14.0,2482.93,0.0,0.0,8.0,35868.68,16.0,-33279.26,12.0,7396.55,6.0,1712.27,10.0,31112.87
269,2023-05-01,2023-05-08,neutral,"MSFT, AAPL, JPM","TSLA, AMZN",15.0,0.57,31084.92,-0.67,2690000.0,5485294.67,2795294.67,3549254.89,859254.89,"The portfolio leans toward high-quality uptrends with strong EMA alignment, bullish MACD, and solid ADX confirmation, especially AAPL, MSFT, and JPM, while keeping exposure moderated where momentum looks extended near upper Bollinger Bands. I am underweight or avoiding names with bearish trend structure or mixed signals such as TSLA, AMZN, and to a lesser extent NVDA/GOOGL, and I retain meaningful cash because several leaders appear short-term overbought for a 1-week horizon.",14.0,17605.01,8.0,3637.4,8.0,-17781.47,10.0,-15953.18,0.0,0.0,14.0,7721.86,5.0,10101.38,10.0,2900.09,8.0,-6080.47,8.0,28934.29
270,2023-05-08,2023-05-15,neutral,"MSFT, NVDA, AAPL","JPM, AVGO",20.0,0.92,50332.25,0.07,2700000.0,5545626.91,2845626.91,3561583.23,861583.23,"The portfolio leans toward stocks with the strongest trend quality and bullish confirmation from EMA alignment, MACD, and ADX, especially MSFT, NVDA, AAPL, and LLY. I am trimming exposure where momentum looks stretched near upper Bollinger bands or where MACD/DI signals are weakening, and I am keeping a meaningful cash buffer because this is a short 1-week horizon with elevated crowding in mega-cap growth. JPM and AVGO are avoided due to weaker momentum confirmation and bearish MACD/DI setups.",12.0,-5435.12,14.0,-5225.53,8.0,10534.98,0.0,0.0,4.0,-6960.69,16.0,2307.44,6.0,16730.45,8.0,35652.87,0.0,0.0,12.0,2727.84
271,2023-05-15,2023-05-22,bullish,"GOOGL, AAPL, NVDA","JPM, TSLA",20.0,3.49,193626.99,1.4,2710000.0,5749253.9,3039253.9,3621566.89,911566.89,"The portfolio tilts toward stocks with strong trend structure, bullish EMA alignment, positive or improving MACD, and solid ADX/OBV confirmation, while trimming names that look extended on short-term momentum. GOOGL, AAPL, NVDA, AMZN, and MSFT offer the best combination of trend strength and near-term continuation potential, while META and LLY are kept smaller due to mixed momentum or overbought conditions. JPM and TSLA are avoided because their setups are weaker or bearish, and a 20% cash buffer helps manage one-week horizon risk and high mega-cap correlation.",12.0,8252.56,11.0,46921.47,6.0,13201.77,0.0,0.0,0.0,0.0,10.0,21040.51,11.0,20938.52,14.0,57010.62,8.0,26793.44,8.0,-531.9
272,2023-05-22,2023-05-30,bullish,"NVDA, MSFT, AVGO","TSLA, LLY",8.0,7.94,457313.81,0.33,2720000.0,6216567.71,3496567.71,3643620.37,923620.37,"The portfolio leans bullish because most names show strong trend structure with 4/4 EMA alignment, positive or improving MACD, and solid ADX readings, but many are also short-term overbought near upper Bollinger Bands. I am emphasizing the strongest trend-plus-momentum setups with better confirmation such as NVDA, MSFT, AVGO, AAPL, AMZN, and GOOGL, while keeping some cash and smaller weights in stretched or mixed-signal names like TSLA and LLY to manage one-week pullback risk. JPM adds sector diversification but gets a modest weight due to weaker relative momentum and OBV softness.",10.0,10248.96,16.0,264095.12,8.0,26347.1,8.0,-1902.64,4.0,14990.47,12.0,21582.41,10.0,33300.62,10.0,-13862.74,10.0,106097.55,4.0,-3583.03
273,2023-05-30,2023-06-06,bullish,"GOOGL, MSFT, AAPL","TSLA, JPM, LLY",10.0,1.95,121632.1,1.87,2730000.0,6348199.82,3618199.82,3721879.02,991879.02,"The portfolio leans toward large-cap tech names with strong trend alignment, bullish MACD, and solid ADX, while favoring relatively less extended setups such as GOOGL, MSFT, and AAPL over the most overbought momentum names. I keep moderate exposure to NVDA, META, AMZN, and AVGO because their trends are powerful but short-term upside may be constrained by stretched momentum, and I underweight TSLA, JPM, and LLY due to weaker signal quality or mixed momentum. A 10% cash buffer helps manage one-week horizon risk given broad overbought conditions across growth stocks.",12.0,8049.23,8.0,-18094.01,10.0,20397.87,6.0,5109.54,4.0,24948.37,14.0,6500.85,10.0,25334.14,16.0,43020.66,5.0,-5169.82,5.0,11535.27
274,2023-06-06,2023-06-13,neutral,"MSFT, AAPL, GOOGL","TSLA, META, LLY",15.0,1.71,108612.87,2.02,2740000.0,6466812.69,3726812.69,3807121.68,1067121.68,"The portfolio leans into strong trend-following large-cap names with clean EMA alignment, bullish MACD, and strong ADX, while moderating exposure where momentum looks stretched near upper Bollinger bands or volume/OBV confirmation is weaker. MSFT, AAPL, and GOOGL offer the best balance of trend strength and lower short-term overheating risk, while JPM adds sector diversification; cash is held due to broad overbought conditions across many growth names and elevated one-week mean-reversion risk.",14.0,20364.97,8.0,31161.0,5.0,234.52,10.0,12229.06,3.0,32234.88,14.0,1627.28,8.0,200.88,12.0,-20856.05,6.0,29514.92,5.0,1901.42
275,2023-06-13,2023-06-21,neutral,"GOOGL, AMZN, JPM","TSLA, META, LLY",10.0,0.14,8879.21,-0.39,2750000.0,6485691.89,3735691.89,3802086.07,1052086.07,"The portfolio leans moderately bullish but stays selective because many names show strong trend alignment alongside short-term overbought conditions. I favor GOOGL, AMZN, JPM, AAPL, and MSFT for better balance between trend strength and less extreme momentum, while reducing exposure to names with higher reversal risk or bearish MACD divergence such as TSLA, META, and LLY. A 10% cash buffer helps manage one-week horizon risk in a crowded mega-cap growth tape.",12.0,2755.94,8.0,25552.32,6.0,14781.23,12.0,1641.78,0.0,0.0,10.0,-1414.36,12.0,-11229.34,16.0,-27449.17,8.0,-2106.38,6.0,6347.2
276,2023-06-21,2023-06-28,neutral,"AAPL, JPM, AVGO","GOOGL, TSLA",10.0,0.25,16242.42,0.33,2760000.0,6511934.31,3751934.31,3824794.78,1064794.78,"The portfolio leans toward stocks with strong trend structure, bullish EMA alignment, positive or improving MACD, and solid ADX, while trimming positions where momentum looks stretched or short-term confirmation is weak. AAPL, JPM, AVGO, and LLY offer the best mix of trend strength and comparatively better risk-adjusted setups, while NVDA, META, and TSLA remain attractive but are sized smaller due to overbought conditions and elevated volatility; cash is retained as a buffer given mixed breadth and several names showing weakening volume/OBV.",16.0,29886.68,8.0,-23275.54,9.0,7576.46,12.0,-20429.12,5.0,-4030.7,8.0,3567.61,7.0,15335.1,4.0,-797.48,11.0,236.02,10.0,8173.39
277,2023-06-28,2023-07-06,neutral,"LLY, AAPL, AMZN","JPM, GOOGL",30.0,1.1,71825.89,0.75,2770000.0,6593760.2,3823760.2,3863530.04,1093530.04,"For a 1-week horizon, I favor names with strong primary uptrends, solid EMA/SMA alignment, and stronger ADX/OBV support while discounting those showing short-term MACD deterioration or overbought extension. AAPL, LLY, AMZN, MSFT, META, and AVGO retain constructive trend structure, but elevated concentration in mega-cap tech and several bearish MACD readings argue for a sizable cash buffer. I would avoid JPM and GOOGL because their trend quality is weaker, momentum is softer, and downside directional signals are more pronounced.",12.0,10586.73,6.0,9383.9,8.0,12253.34,0.0,0.0,5.0,25834.23,9.0,9472.68,10.0,-3436.85,0.0,0.0,8.0,36.92,12.0,7694.94
278,2023-07-06,2023-07-13,neutral,"AAPL, MSFT, LLY","TSLA, GOOGL",10.0,1.97,130056.8,2.25,2780000.0,6733817.0,3953817.0,3960751.86,1180751.86,"The portfolio leans toward stocks with strong multi-timeframe uptrends, positive EMA/SMA structure, and either bullish or only mildly weakening momentum, with AAPL, MSFT, JPM, and LLY offering the best balance of trend quality and lower short-term volatility. Exposure is reduced in names showing bearish MACD divergence, overbought conditions, weaker trend alignment, or higher volatility such as TSLA and GOOGL, while a 10% cash buffer is retained for risk control given mixed short-term momentum across several mega-cap growth names.",18.0,-7870.39,8.0,48610.25,8.0,38755.45,10.0,26099.63,4.0,1299.07,12.0,3227.67,8.0,24447.7,4.0,9742.62,8.0,26390.12,10.0,-40645.32
279,2023-07-13,2023-07-20,neutral,"META, JPM, AAPL","LLY, TSLA",15.0,-0.7,-47174.58,0.58,2790000.0,6696642.42,3906642.42,3993893.09,1203893.09,"The portfolio leans moderately risk-on but keeps a meaningful cash buffer because many growth names are in strong uptrends yet also short-term extended, with several showing bearish MACD divergences or overbought momentum. I favor stocks with strong trend structure plus better confirmation from ADX, OBV, and MACD such as META, JPM, AAPL, and GOOGL, while trimming exposure to the most stretched names like NVDA and TSLA and avoiding LLY due to weak trend alignment, negative momentum, and downside pressure.",11.0,10083.52,7.0,-4692.23,12.0,-28119.14,12.0,39574.12,6.0,-21840.36,10.0,8285.61,8.0,-17434.5,11.0,-31807.6,8.0,-1224.0,0.0,0.0
280,2023-07-20,2023-07-27,neutral,"NVDA, MSFT, AAPL","TSLA, GOOGL",20.0,-0.46,-31024.77,0.07,2800000.0,6675617.65,3875617.65,4006638.03,1206638.03,"I favor stocks with strong multi-timeframe uptrends, positive or improving MACD, solid ADX, and supportive volume/OBV trends. NVDA and MSFT screen best on trend strength and momentum quality, while AAPL and META remain constructive but slightly less compelling due to softer momentum confirmation. I am keeping a meaningful cash buffer because several names are extended, mega-cap tech correlation is high, and JPM, AMZN, GOOGL, TSLA, and LLY show mixed or less favorable short-term setups for a 1-week horizon.",14.0,437.55,16.0,8957.91,10.0,20373.54,4.0,-223.34,0.0,0.0,16.0,-49960.98,4.0,-3529.81,0.0,0.0,8.0,3134.61,8.0,-10214.25
281,2023-07-27,2023-08-03,neutral,"GOOGL, JPM, AAPL","TSLA, MSFT, LLY",15.0,-0.63,-42272.58,-0.81,2810000.0,6643345.07,3833345.07,3984237.91,1174237.91,"I favor names with strong trend structure, supportive ADX, and either bullish or less-deteriorated momentum: GOOGL stands out with bullish MACD, strong DI spread, and volume confirmation, while JPM has the strongest trend strength and positive MACD. AAPL, NVDA, and AVGO remain in uptrends but have mildly weakening MACD, so I size them moderately; I avoid TSLA and MSFT because both show broken near-term trend alignment, bearish momentum, and weak volume/OBV, while keeping some cash due to mixed short-term signals across mega-cap tech.",12.0,-8511.86,10.0,-20173.38,8.0,2539.47,16.0,2262.53,0.0,0.0,0.0,0.0,4.0,1376.22,22.0,-10798.25,10.0,-6397.33,3.0,-2569.98
282,2023-08-03,2023-08-10,neutral,"GOOGL, META, JPM","TSLA, MSFT",15.0,0.06,4147.06,-0.65,2820000.0,6657492.13,3837492.13,3968163.77,1148163.77,"For a 1-week horizon, I favor names with the strongest trend structure and better near-term confirmation: GOOGL stands out with 4/4 EMA alignment, bullish MACD, and positive ADX, while META, JPM, and AVGO retain strong uptrends despite mild short-term momentum cooling. I am keeping meaningful cash because many mega-cap tech names show bearish MACD histograms, weak OBV, and low/soft volume, which raises short-term pullback risk; I avoid TSLA and MSFT due to the weakest near-term technical setups among the group.",5.0,-22970.17,6.0,-19074.47,14.0,-22157.28,12.0,-14247.14,0.0,0.0,0.0,0.0,10.0,49805.9,22.0,14130.26,11.0,-34799.66,5.0,53459.62
283,2023-08-10,2023-08-17,neutral,"AMZN, GOOGL, META","AVGO, TSLA, NVDA",15.0,-1.64,-109227.77,-2.16,2830000.0,6558264.36,3728264.36,3892339.42,1062339.42,"For a 1-week horizon, I favor names with the strongest combination of trend quality and near-term confirmation: AMZN and GOOGL have clean 4/4 EMA alignment, bullish MACD, and decent ADX, while META and JPM retain constructive medium-term trends despite short-term MACD softness. I am underweight or avoiding stocks showing strong bearish trend pressure and weak volume confirmation near lower Bollinger bands, including NVDA, TSLA, AVGO, and to a lesser extent AAPL/MSFT; I keep a meaningful cash buffer because several mega-cap tech names show short-term corrective behavior, making the overall setup mixed rather than fully risk-on.",5.0,-7436.63,3.0,4508.91,8.0,-36026.35,7.0,-14984.06,3.0,-21295.54,5.0,-6245.68,22.0,-48485.6,20.0,2364.91,2.0,-2499.62,10.0,20871.88
284,2023-08-17,2023-08-24,neutral,"GOOGL, LLY, AMZN","TSLA, JPM, META",20.0,1.04,68511.54,0.14,2840000.0,6636775.9,3796775.9,3907706.05,1067706.05,"For a 1-week horizon, I prefer names with stronger trend structure and better relative technical resilience. GOOGL and LLY stand out with 4/4 EMA alignment, strong broader trend support, and comparatively better momentum/volume confirmation, while AMZN and NVDA offer more balanced setups than the deeply broken oversold names. I am keeping a meaningful cash buffer because many large-cap tech charts still show bearish MACD readings and several stocks are only oversold within strong downswings, which raises short-term downside and correlation risk.",6.0,5390.51,8.0,46304.49,3.0,1147.36,2.0,-1237.38,0.0,0.0,5.0,3202.46,12.0,-12589.42,24.0,-1698.69,3.0,6518.23,17.0,21473.97
285,2023-08-24,2023-08-31,neutral,"NVDA, GOOGL, MSFT","META, JPM, TSLA",15.0,3.78,251461.57,3.08,2850000.0,6898237.47,4048237.47,4038405.36,1188405.36,"For a 1-week horizon, I favor names with stronger trend structure, supportive volume, and either bullish MACD or resilient price positioning: NVDA and GOOGL stand out most, while MSFT, AVGO, AMZN, and LLY provide diversified exposure with mixed but still acceptable setups. I am keeping a meaningful cash buffer because several mega-cap tech names show weakening short-term momentum, and bearish trend signals in AAPL, META, JPM, and TSLA reduce broad market conviction. The portfolio leans selectively bullish but remains risk-aware given elevated dispersion and short-horizon uncertainty.",3.0,12989.82,22.0,67963.05,0.0,0.0,0.0,0.0,0.0,0.0,12.0,19418.71,8.0,24885.08,20.0,65453.69,10.0,53231.15,10.0,7520.07
286,2023-08-31,2023-09-08,neutral,"NVDA, GOOGL, AVGO","JPM, LLY",10.0,-2.49,-172255.68,-1.07,2860000.0,6735981.78,3875981.78,4004986.25,1144986.25,"The portfolio tilts toward large-cap tech names with the strongest trend confirmation: NVDA, GOOGL, AVGO, AAPL, and MSFT all show favorable medium-term trend structure, generally bullish MACD/ADX profiles, and supportive OBV trends. I am moderating position sizes because several leaders are short-term overbought near or above upper Bollinger Bands, which raises pullback risk over a 1-week horizon; therefore I keep 10% in cash and avoid JPM, where trend and volume signals remain weak despite oversold conditions.",12.0,-42757.75,14.0,-74131.11,4.0,1867.79,0.0,0.0,10.0,-25643.57,12.0,16465.45,10.0,1101.23,14.0,1491.53,12.0,-58691.84,2.0,8042.57
287,2023-09-08,2023-09-15,neutral,"GOOGL, MSFT, AMZN","JPM, AVGO, AAPL",20.0,0.8,53852.72,-0.48,2870000.0,6799834.5,3929834.5,3995610.64,1125610.64,"For a 1-week horizon, I favor names with strong trend structure, bullish MACD confirmation, and supportive OBV/volume behavior: GOOGL, MSFT, AMZN, and META stand out as the best risk-adjusted longs. I am keeping a meaningful cash buffer because several stocks are extended or mixed on momentum, while JPM, AVGO, and AAPL show weaker short-term technical setups; LLY is strong structurally but extremely overbought, so I keep it small.",3.0,-3600.53,4.0,-9900.19,12.0,6576.36,0.0,0.0,8.0,56226.47,16.0,-13077.44,14.0,14757.9,18.0,9081.7,0.0,0.0,5.0,-6211.56
288,2023-09-15,2023-09-22,neutral,"GOOGL, AMZN, META","AAPL, NVDA, AVGO",14.0,-3.99,-271923.55,-2.92,2880000.0,6537910.95,3657910.95,3888614.32,1008614.32,"For a 1-week horizon, I favor names with the best combination of positive trend structure, bullish MACD, solid ADX, and manageable volatility: GOOGL, AMZN, META, MSFT, and JPM. I am avoiding AAPL and NVDA because both show weak near-term trend/momentum with bearish MACD and declining OBV, while AVGO also has soft trend confirmation; I keep a meaningful cash buffer because several leaders are somewhat extended and short-term market conditions look mixed rather than decisively risk-on.",0.0,0.0,0.0,0.0,14.0,-3904.81,14.0,-19732.55,8.0,-58590.54,12.0,-32690.18,14.0,-76533.63,16.0,-56699.06,0.0,0.0,8.0,-23772.79
289,2023-09-22,2023-09-29,neutral,"META, JPM, GOOGL","NVDA, TSLA, MSFT",35.0,-0.28,-18535.2,-0.68,2890000.0,6529375.75,3639375.75,3871984.69,981984.69,"The setup is broadly cautious for a 1-week horizon: many names show bearish MACD, weak EMA alignment, negative OBV trends, and prices near lower Bollinger Bands, which argues for elevated cash. I favor relatively resilient names with better balance between trend support and less-stretched downside conditions—META for stronger volume/OBV, JPM for lower volatility and improving MACD histogram, GOOGL for moderate trend support, and selective smaller positions in LLY, AVGO, and AAPL for potential oversold mean reversion. I avoid the weakest short-term technical profiles where strong downtrends and bearish momentum dominate, especially NVDA, TSLA, MSFT, and AMZN.",5.0,-6705.62,0.0,0.0,16.0,3958.35,14.0,-4466.22,0.0,0.0,0.0,0.0,0.0,0.0,12.0,3679.9,8.0,947.74,10.0,-15949.34
290,2023-09-29,2023-10-06,neutral,"META, GOOGL, NVDA","AAPL, MSFT, AMZN",40.0,3.0,196270.01,0.48,2900000.0,6735645.76,3835645.76,3900691.74,1000691.74,"The setup across the universe is mixed to bearish for a 1-week horizon, with many names below short-term averages and showing negative MACD. I favor relative-strength names with better trend structure or rebound potential such as META, GOOGL, and NVDA, while keeping a large cash buffer because broad participation and volume confirmation are weak. Small tactical exposure to TSLA and LLY captures oversold bounce potential, but risk is capped due to elevated volatility and bearish momentum.",0.0,0.0,14.0,47628.8,18.0,59675.81,0.0,0.0,8.0,21555.74,0.0,0.0,0.0,0.0,16.0,53730.22,0.0,0.0,4.0,13679.45
291,2023-10-06,2023-10-13,neutral,"NVDA, GOOGL, MSFT","AMZN, JPM",15.0,0.69,46650.78,0.46,2910000.0,6792296.54,3882296.54,3928536.3,1018536.3,"I favor stocks with strong trend structure, bullish MACD, supportive ADX, and positive OBV, while trimming names that look extended near upper Bollinger bands or have conflicting momentum. NVDA, GOOGL, MSFT, TSLA, and AAPL offer the best mix of trend quality and near-term upside, while AMZN and JPM show weaker technical setups; I keep a meaningful cash buffer because several leaders are somewhat overbought and the 1-week horizon increases reversal risk.",10.0,5168.79,14.0,-6211.74,8.0,-1266.02,0.0,0.0,10.0,-24364.38,12.0,1162.54,0.0,0.0,14.0,-1510.15,7.0,21183.59,10.0,52488.15
292,2023-10-13,2023-10-20,neutral,"NVDA, GOOGL, AVGO","TSLA, LLY, AMZN",15.0,-3.07,-208879.75,-2.39,2920000.0,6593416.79,3673416.79,3844431.3,924431.3,"The portfolio leans into the strongest trend-following setups with bullish MACD, strong ADX, and favorable EMA/SMA structure, especially NVDA, GOOGL, AVGO, AAPL, and MSFT. I am keeping meaningful cash because several names are extended near upper Bollinger bands and short-term momentum is mixed, which raises pullback risk over a 1-week horizon. TSLA is avoided due to weak trend strength, negative directional bias, and poor volume confirmation, while LLY is kept small because it appears overbought despite exceptional trend strength.",10.0,-22706.02,16.0,-97534.35,8.0,-10444.79,8.0,-18568.43,0.0,0.0,10.0,-2200.11,4.0,-9685.37,14.0,-12202.14,12.0,-27311.47,3.0,-8227.07
293,2023-10-20,2023-10-27,neutral,"LLY, MSFT, AVGO","TSLA, NVDA, JPM",15.0,-2.98,-197071.42,-2.5,2930000.0,6406345.38,3476345.38,3758251.26,828251.26,"For a 1-week horizon, I favor names with the strongest combination of trend quality and near-term technical resilience: LLY has the clearest bullish setup with 4/4 EMA alignment, strong MACD, and high ADX; MSFT and AVGO also show comparatively constructive trend and momentum profiles. I am keeping meaningful cash because many large-cap tech names still have weak OBV trends and mixed/bearish short-term momentum, while deeply oversold names like TSLA and NVDA can remain under pressure despite bounce potential. Small allocations to GOOGL, META, and AAPL reflect moderate upside participation without overcommitting into a mixed tape.",3.0,-5339.88,0.0,0.0,5.0,-12751.13,0.0,0.0,0.0,0.0,22.0,13964.06,0.0,0.0,18.0,-117721.97,17.0,-20081.08,20.0,-55141.42
294,2023-10-27,2023-11-03,bearish,"MSFT, AMZN, LLY","TSLA, JPM, NVDA",25.0,4.73,303330.89,5.85,2940000.0,6719676.27,3779676.27,3988558.34,1048558.34,"The setup is broadly risk-off for a 1-week horizon: most names show bearish MACD, weak EMA positioning, strong negative ADX trends, and declining OBV, so I am keeping a sizable cash buffer. MSFT stands out as the only clear technical leader with bullish MACD, full EMA alignment, and improving volume; AMZN, AVGO, and LLY get smaller tactical weights as relatively less-bearish or potentially mean-reverting setups, while deeply broken downtrends are avoided.",0.0,0.0,0.0,0.0,0.0,0.0,0.0,0.0,0.0,0.0,40.0,178905.16,15.0,81824.23,0.0,0.0,10.0,33920.09,10.0,8681.42
295,2023-11-03,2023-11-10,neutral,"MSFT, AMZN, NVDA","TSLA, GOOGL",15.0,4.64,312524.14,1.36,2950000.0,7042200.41,4092200.41,4053014.31,1103014.31,"I favor stocks with strong trend structure, bullish MACD, supportive ADX, and improving OBV, while trimming names that look extended or have weakening trend signals. MSFT, AMZN, NVDA, AAPL, and AVGO have the best combination of trend strength and momentum, though several are short-term overbought, so I keep a meaningful cash buffer. I avoid TSLA and GOOGL due to weaker trend/momentum alignment and allocate only modestly to defensive or mixed-signal names like JPM, META, and LLY.",12.0,44572.44,14.0,69711.7,8.0,24249.08,6.0,9685.09,0.0,0.0,16.0,51487.36,14.0,33716.36,0.0,0.0,12.0,68470.88,3.0,10631.23
296,2023-11-10,2023-11-17,bullish,"NVDA, MSFT, AMZN",TSLA,15.0,1.29,90968.44,2.31,2960000.0,7143168.85,4183168.85,4156887.54,1196887.54,"The setup is broadly bullish for large-cap growth: NVDA, MSFT, AMZN, AVGO, META, and AAPL all show strong trend confirmation via bullish MACD, positive EMA/SMA structure, and rising OBV. However, many are also short-term overbought near upper Bollinger Bands, so I am keeping a meaningful cash buffer and favoring the strongest trend names with some diversification into GOOGL, JPM, and LLY. TSLA is the clearest avoid given negative EMA alignment, weak relative trend structure, and down OBV despite a modest MACD histogram improvement.",8.0,9957.83,14.0,19670.58,8.0,10759.45,6.0,18464.89,0.0,0.0,12.0,412.06,11.0,8753.85,9.0,13020.43,10.0,14884.8,7.0,-4955.45
297,2023-11-17,2023-11-27,bullish,"MSFT, GOOGL, AAPL","LLY, JPM",5.0,0.13,9540.39,0.82,2970000.0,7162709.23,4192709.23,4200996.14,1230996.14,"The portfolio leans bullish because most names show strong medium-term uptrends with positive MACD, solid EMA alignment, and generally supportive ADX readings. I overweight MSFT, GOOGL, AAPL, and NVDA for the best blend of trend quality and relative signal strength, while trimming or underweighting JPM, TSLA, and LLY due to overbought conditions, mixed trend structure, or weaker momentum confirmation; a small cash buffer helps manage short-horizon pullback risk.",12.0,452.52,12.0,-18387.15,10.0,-725.91,4.0,692.76,6.0,3260.6,14.0,23719.47,10.0,12564.11,14.0,8141.22,10.0,-20111.95,3.0,-65.28
298,2023-11-27,2023-12-04,bullish,"MSFT, GOOGL, AAPL","LLY, TSLA, JPM",10.0,-2.33,-166968.41,0.49,2980000.0,7005740.82,4025740.82,4231472.95,1251472.95,"The setup is broadly bullish across large-cap equities, with most names showing strong EMA alignment, positive MACD, and solid ADX readings. I favor higher-quality trend names with better confirmation and less near-term overbought risk—MSFT, GOOGL, AAPL, AMZN, META, and AVGO—while keeping some cash because many stocks are extended near upper Bollinger Bands and volume confirmation is mixed. I underweight or avoid weaker risk-adjusted setups such as LLY due to bearish MACD, TSLA due to unstable trend structure and high volatility, and JPM due to overbought conditions despite strong trend strength.",12.0,-1632.65,8.0,-32495.9,10.0,-31459.63,5.0,11237.35,4.0,-607.65,14.0,-25117.08,12.0,-16838.12,13.0,-48806.6,10.0,-19829.42,2.0,-1418.71
299,2023-12-04,2023-12-11,neutral,"AAPL, JPM, MSFT","META, LLY",25.0,1.17,81820.53,1.16,2990000.0,7097561.35,4107561.35,4290696.29,1300696.29,"I favor stocks with the strongest trend structure and better risk-adjusted setups over the next week: AAPL, JPM, and MSFT have the best combination of positive longer-term trend, strong moving-average structure, and manageable volatility. I am keeping a sizable cash buffer because several names show bearish MACD, weak OBV, or oversold-but-still-falling profiles, which raises short-horizon reversal risk; small tactical weights in NVDA and GOOGL reflect possible oversold bounces rather than high-conviction trend continuation.",18.0,24999.34,3.0,5165.84,0.0,0.0,17.0,8379.46,8.0,9911.02,14.0,5747.3,10.0,5085.98,3.0,6545.2,2.0,15986.39,0.0,0.0
300,2023-12-11,2023-12-18,neutral,"AVGO, JPM, AAPL","LLY, META",15.0,4.42,314147.61,2.16,3000000.0,7421708.96,4421708.96,4393600.79,1393600.79,"I favor stocks with strong trend structure, supportive ADX, and either bullish or stabilizing momentum, while trimming names showing clear short-term MACD deterioration or weak volume confirmation. AVGO and JPM have the strongest trend strength, AAPL remains structurally strong despite slight momentum cooling, and TSLA offers moderate upside with higher volatility. I am keeping a meaningful cash buffer because several mega-cap tech names have mixed short-term momentum, suggesting a selective rather than fully risk-on stance for the coming week.",14.0,13959.05,3.0,15776.97,4.0,16903.62,16.0,50963.58,8.0,29267.48,9.0,2325.8,8.0,31881.47,5.0,6692.17,18.0,146377.48,0.0,0.0
301,2023-12-18,2023-12-26,neutral,"AAPL, GOOGL, NVDA","LLY, JPM, AVGO",15.0,0.68,50610.81,0.78,3010000.0,7482319.78,4472319.78,4437936.13,1427936.13,"The portfolio leans moderately bullish but keeps meaningful cash because many mega-cap names are extended near upper Bollinger Bands and showing overbought momentum, which raises short-term pullback risk over a 1-week horizon. I favor AAPL and GOOGL for cleaner trend quality with less extreme overbought conditions, while NVDA, META, TSLA, and AMZN retain smaller tactical weights due to strong trend/momentum but higher reversal risk; LLY is avoided because trend and MACD are bearish.",14.0,-15084.22,12.0,-14211.32,11.0,24219.58,4.0,3862.72,10.0,13355.14,6.0,2405.11,9.0,-2865.21,14.0,43824.1,5.0,-4895.08,0.0,0.0
302,2023-12-26,2024-01-03,neutral,"NVDA, GOOGL, MSFT","LLY, JPM",15.0,-2.74,-205064.72,-1.44,3020000.0,7287255.06,4267255.06,4383786.35,1363786.35,"The portfolio leans moderately bullish but stays selective and keeps meaningful cash because many names are extended with low volume confirmation and several overbought readings. Highest weights go to NVDA, GOOGL, and MSFT due to strong trend structure, favorable MACD/ADX combinations, and relatively better confirmation, while LLY is avoided for its bearish MACD, weak EMA alignment, and negative momentum; JPM is kept small because it looks stretched despite strong trend strength.",8.0,-27322.42,14.0,-36398.09,8.0,-17500.31,4.0,5232.48,7.0,-37115.61,12.0,-9742.86,10.0,-24126.24,14.0,-19270.81,8.0,-38820.87,0.0,0.0
303,2024-01-03,2024-01-10,neutral,"GOOGL, AVGO, LLY","AAPL, TSLA",20.0,2.9,211877.06,1.66,3030000.0,7509132.12,4479132.12,4466611.54,1436611.54,"For a 1-week horizon, I favor names with the best combination of trend strength and near-term technical resilience: GOOGL stands out with 4/4 EMA alignment, bullish MACD, and solid trend structure, while AVGO offers strong longer-term trend plus deeply oversold short-term momentum that could support a rebound. I keep moderate exposure to META, MSFT, JPM, LLY, NVDA, and AMZN but size them smaller due to mixed MACD/OBV signals or overbought conditions, and I avoid AAPL and TSLA because both show weak trend/momentum setups with bearish MACD and negative directional pressure. A 20% cash buffer is appropriate given mixed breadth across mega-cap tech and the short holding period.",0.0,0.0,6.0,62413.78,8.0,44062.74,8.0,-1056.28,0.0,0.0,8.0,19170.55,6.0,15511.64,22.0,38829.05,12.0,18190.4,10.0,14755.17
304,2024-01-10,2024-01-18,neutral,"NVDA, MSFT, GOOGL","TSLA, AAPL, AVGO",15.0,1.43,107430.98,-0.01,3040000.0,7626563.1,4586563.1,4475953.99,1435953.99,"I favor stocks with strong trend structure, bullish MACD or sustained price strength above key moving averages, and supportive ADX/OBV signals. NVDA, MSFT, GOOGL, META, and LLY have the best combination of trend persistence and relative strength, while AAPL and TSLA show weaker short-term technicals and are underweighted or avoided; cash is held due to several names being overbought and the 1-week horizon increasing mean-reversion risk.",3.0,2956.12,16.0,61027.41,12.0,13785.18,6.0,-9496.74,0.0,0.0,14.0,30526.77,8.0,-899.97,14.0,8878.37,2.0,8815.01,10.0,-8161.17
305,2024-01-18,2024-01-25,neutral,"GOOGL, MSFT, NVDA","TSLA, JPM",15.0,3.77,288274.67,2.42,3050000.0,7924837.77,4874837.77,4594598.26,1544598.26,"The portfolio leans toward stocks with strong trend alignment, positive MACD or resilient momentum, and supportive ADX/volume confirmation, while trimming names that look extended near upper Bollinger bands. GOOGL, MSFT, NVDA, AAPL, and LLY offer the best balance of trend strength and relative quality, while TSLA is avoided due to a strong bearish trend and JPM is kept small because of weakening momentum and poor confirmation. A 15% cash buffer is held to manage short-horizon risk given several mega-cap tech names are somewhat overbought.",10.0,22428.33,12.0,72371.3,8.0,27693.28,4.0,10071.4,0.0,0.0,12.0,25592.87,8.0,16914.86,14.0,62516.78,8.0,45977.86,9.0,4708.0
306,2024-01-25,2024-02-01,bullish,"GOOGL, MSFT, AVGO",TSLA,10.0,-0.97,-76895.63,0.24,3060000.0,7857942.14,4797942.14,4615637.29,1555637.29,"The portfolio leans bullish but stays selective because many mega-cap tech names show strong trend and MACD confirmation while also being short-term overbought near upper Bollinger Bands. I overweight GOOGL, AAPL, MSFT, and AVGO for the best combination of trend strength, ADX support, and volume/OBV confirmation, while keeping some cash and smaller positions in META, NVDA, and AMZN due to elevated momentum risk. I avoid TSLA because the trend is decisively bearish across EMA alignment, MACD, ADX, and OBV despite extreme oversold readings, and I keep JPM and LLY lighter due to weaker momentum confirmation.",12.0,-35847.14,10.0,18157.52,8.0,2583.19,4.0,1449.87,0.0,0.0,12.0,-2563.48,10.0,7695.91,14.0,-78340.0,12.0,-23216.17,8.0,33184.67
307,2024-02-01,2024-02-08,neutral,"META, MSFT, NVDA",TSLA,15.0,6.82,536550.22,1.86,3070000.0,8404492.36,5334492.36,4711871.58,1641871.58,"I favor stocks with strong multi-timeframe uptrends, bullish MACD, solid ADX, and supportive volume/OBV, while trimming names that look extended or have weakening short-term momentum. META, MSFT, AMZN, and NVDA have the best overall trend quality, but I keep some cash because several leaders are near overbought levels and short-horizon mean reversion risk is elevated. I avoid TSLA due to a strong bearish trend regime and keep AAPL/GOOGL smaller because their momentum and MACD profiles are weaker than the rest.",4.0,2459.0,12.0,99078.62,14.0,209878.22,8.0,3876.68,0.0,0.0,14.0,28180.24,12.0,62595.78,4.0,10590.17,8.0,39208.25,9.0,80683.25
308,2024-02-08,2024-02-15,neutral,"NVDA, MSFT, AVGO","TSLA, LLY",15.0,0.54,45757.83,0.74,3080000.0,8460250.19,5380250.19,4756836.47,1676836.47,"The portfolio leans moderately bullish but keeps meaningful cash because many leaders are extended and overbought after strong runs. Highest weights go to stocks with strong trend alignment, bullish MACD, solid ADX, and relatively better volume/OBV confirmation such as NVDA, MSFT, AVGO, and AMZN, while exposure is reduced in names showing bearish trend structure or elevated reversal risk like TSLA and the highly stretched LLY. JPM and AAPL provide some diversification with lower volatility profiles, while GOOGL and META are kept at moderate weights due to mixed momentum confirmation.",6.0,-11956.87,14.0,51034.78,8.0,20094.52,9.0,21965.29,0.0,0.0,13.0,-19943.55,11.0,-217.99,8.0,-14486.47,13.0,-8315.08,3.0,7583.2
309,2024-02-15,2024-02-23,neutral,"NVDA, AMZN, MSFT","AAPL, TSLA, GOOGL",15.0,2.68,226654.05,1.16,3090000.0,8696904.24,5606904.24,4822290.2,1732290.2,"I favor stocks with strong trend structure, positive EMA alignment, bullish or resilient MACD/ADX profiles, and acceptable momentum despite some overbought conditions. NVDA, AMZN, MSFT, META, AVGO, and LLY have the strongest medium-term trend support, while I keep a meaningful cash buffer because several leaders are extended and some names show weakening volume or bearish momentum divergences. I avoid AAPL and GOOGL due to weak trend/momentum setups, and TSLA due to mixed signals and elevated volatility for a 1-week horizon.",0.0,0.0,18.0,129239.57,12.0,0.0,8.0,15521.18,0.0,0.0,12.0,9450.28,14.0,36245.49,0.0,0.0,11.0,23052.54,10.0,13144.99
310,2024-02-23,2024-03-01,neutral,"NVDA, MSFT, AMZN","AAPL, TSLA",10.0,1.85,160798.77,0.98,3100000.0,8867703.01,5767703.01,4879866.16,1779866.16,"I favor stocks with strong medium-term uptrends, positive EMA alignment, solid ADX, and either bullish or only mildly weakening momentum, while trimming names that look extended or technically weak. NVDA, MSFT, AMZN, GOOGL, AVGO, and LLY offer the best balance of trend strength and near-term opportunity; AAPL and TSLA are avoided due to weaker trend structure, while a 10% cash buffer helps manage one-week horizon risk given stretched conditions in several leaders.",0.0,0.0,16.0,61191.47,8.0,26291.78,8.0,4921.56,0.0,0.0,14.0,15328.43,12.0,19285.65,12.0,-49497.99,10.0,69044.31,10.0,14233.55
311,2024-03-01,2024-03-08,neutral,"NVDA, MSFT, AVGO","AAPL, TSLA, GOOGL",20.0,-0.24,-21709.25,-0.22,3110000.0,8855993.76,5745993.76,4879091.96,1769091.96,"For a 1-week horizon, I favor names with strong trend structure, positive EMA alignment, supportive ADX, and either bullish or only mildly deteriorating MACD: NVDA, MSFT, AMZN, AVGO, and JPM stand out most on risk-adjusted momentum. I am keeping a meaningful cash buffer because several leaders are short-term overbought and extended near or above upper Bollinger Bands, while AAPL and GOOGL show clearer downside trend pressure and TSLA remains technically mixed with higher volatility.",0.0,0.0,16.0,90616.68,8.0,5160.84,12.0,16846.03,0.0,0.0,14.0,-27759.11,12.0,-17155.66,0.0,0.0,14.0,-80346.46,4.0,-9071.58
312,2024-03-08,2024-03-15,neutral,"NVDA, JPM, AMZN","TSLA, AAPL, GOOGL",15.0,-0.56,-49713.49,-0.37,3120000.0,8816280.27,5696280.27,4871034.46,1751034.46,"I favor stocks with strong trend structure, positive or stabilizing momentum, and reasonable volume confirmation over the next week. NVDA is the highest-conviction name given exceptional trend strength, bullish MACD, strong ADX, and strong volume; JPM, AMZN, and AVGO also screen well, though I size them below NVDA due to overbought conditions, mixed MACD, or weaker confirmation. I keep meaningful cash because several mega-cap names show bearish MACD divergences or weakening OBV, while AAPL and TSLA remain in clear downtrends despite oversold readings that could produce only short-lived bounces.",3.0,2944.43,22.0,6874.77,8.0,-30631.01,12.0,11757.26,0.0,0.0,8.0,17809.69,12.0,-5642.69,3.0,11333.75,12.0,-59523.94,5.0,-4635.76
313,2024-03-15,2024-03-22,neutral,"MSFT, NVDA, GOOGL","TSLA, AAPL",10.0,4.33,381997.91,2.23,3130000.0,9208278.18,6078278.18,4989984.84,1859984.84,"For a 1-week horizon, I favor names with strong underlying trend structure, supportive volume, and either bullish or improving momentum: MSFT, NVDA, GOOGL, AMZN, and JPM. I am avoiding clear downtrends like AAPL and TSLA despite oversold readings, while keeping a modest cash buffer because several leaders show late-cycle caution via bearish MACD divergences or overbought conditions.",0.0,0.0,16.0,103741.06,6.0,27873.62,12.0,35175.25,0.0,0.0,18.0,47003.41,12.0,27022.32,16.0,95927.5,4.0,33710.6,6.0,11544.14
314,2024-03-22,2024-04-01,neutral,"GOOGL, MSFT, JPM","AAPL, TSLA",15.0,-0.17,-15877.79,0.18,3140000.0,9202400.39,6062400.39,5009098.22,1869098.22,"For a 1-week horizon, I favor names with strong trend structure, supportive ADX, and either bullish or improving MACD/OBV confirmation. GOOGL, MSFT, JPM, and NVDA have the best combination of trend strength and near-term momentum, while AAPL and TSLA remain in weaker downtrends despite modest MACD improvement, so I avoid them. I keep a meaningful cash buffer because several leaders are near upper Bollinger bands or overbought, which raises short-term pullback risk.",0.0,0.0,12.0,-46059.62,8.0,-26382.39,14.0,15227.83,0.0,0.0,16.0,-14345.37,8.0,8658.08,18.0,51945.67,6.0,-1311.77,3.0,-3610.23
315,2024-04-01,2024-04-08,neutral,"GOOGL, NVDA, JPM","TSLA, AAPL, LLY",15.0,-0.02,-2060.19,-0.66,3150000.0,9210340.2,6060340.2,4986032.3,1836032.3,"I favor stocks with strong medium-term trend structure, supportive ADX, and either bullish or stabilizing momentum, while trimming names that look extended or have weakening confirmation from MACD/volume. GOOGL, NVDA, JPM, and MSFT offer the best balance of trend strength and near-term follow-through, while cash is kept elevated because several mega-cap names are overbought, volume confirmation is mixed, and the 1-week horizon increases reversal risk.",4.0,-3424.24,14.0,-46101.25,6.0,31386.1,12.0,-2556.17,0.0,0.0,12.0,52.08,10.0,21482.2,14.0,-5308.58,8.0,-7728.74,5.0,10138.42
316,2024-04-08,2024-04-15,neutral,"GOOGL, AMZN, META","AAPL, TSLA",10.0,-2.07,-190519.07,-2.75,3160000.0,9029821.13,5869821.13,4858591.33,1698591.33,"I favor stocks with strong multi-timeframe uptrends, positive or resilient momentum, and solid ADX confirmation, while trimming names that are extended near upper Bollinger bands or showing weakening MACD/volume confirmation. GOOGL, AMZN, META, and MSFT offer the best balance of trend strength and risk-adjusted setup for the next week, while AAPL and TSLA remain lower-conviction due to bearish broader trend structure and weaker confirmation; a 10% cash buffer helps manage short-horizon market risk and high mega-cap correlation.",3.0,6962.47,8.0,-9582.98,12.0,-40528.66,8.0,-57938.37,2.0,-12259.67,11.0,-26156.76,13.0,-10161.84,16.0,95.27,9.0,-15781.75,8.0,-25166.76
317,2024-04-15,2024-04-22,neutral,"GOOGL, AMZN, AAPL","TSLA, JPM",15.0,-2.34,-211977.51,-0.94,3170000.0,8827843.63,5657843.63,4822940.75,1652940.75,"I favor the strongest trend setups with supportive breadth and manageable volatility, led by GOOGL and AMZN, which both show 4/4 EMA alignment, bullish MACD, strong ADX, and constructive price positioning. AAPL and MSFT get moderate weights as higher-quality large caps with mixed but stabilizing signals, while AVGO, NVDA, META, and LLY are kept smaller due to weaker momentum confirmation or bearish MACD. I avoid TSLA and JPM because both have pronounced downside trend pressure despite oversold conditions, and I keep a meaningful cash buffer given mixed momentum across the broader list.",8.0,-28686.21,4.0,-27257.9,4.0,-13372.78,0.0,0.0,0.0,0.0,8.0,-22169.02,22.0,-69209.13,24.0,19893.91,10.0,-59472.78,5.0,-11703.59
318,2024-04-22,2024-04-29,neutral,"GOOGL, JPM, AMZN","TSLA, AAPL, AVGO",20.0,3.06,270266.16,2.07,3180000.0,9108109.79,5928109.79,4932941.96,1752941.96,"For a 1-week horizon, I favor relative strength and trend persistence over deep oversold mean-reversion setups. GOOGL stands out with the strongest trend structure (4/4 EMA alignment, price above key averages, positive ADX/DI profile, and improving OBV), while JPM and AMZN offer comparatively better balance between trend support and lower short-term downside risk. I keep meaningful cash because most names show bearish MACD, weak momentum, or are sitting near lower Bollinger bands in a fragile tape, so the portfolio stays selective and defensive rather than fully invested.",3.0,12246.36,4.0,36628.18,4.0,-36038.98,12.0,21668.84,0.0,0.0,5.0,1421.69,8.0,14880.17,34.0,189774.99,3.0,24719.34,7.0,4965.57
319,2024-04-29,2024-05-06,neutral,"GOOGL, JPM, AVGO","META, TSLA, LLY",15.0,1.54,139995.23,1.28,3190000.0,9258105.02,6068105.02,5006029.74,1816029.74,"I favor stocks with strong trend structure, supportive ADX, and either bullish MACD or resilient price action: GOOGL, JPM, AVGO, AAPL, and AMZN stand out on that basis. I am avoiding names with clearly negative short-term setups or unstable momentum despite rebound potential, especially META and TSLA, while keeping a meaningful cash buffer because this is a 1-week horizon and several mega-cap signals are mixed rather than uniformly bullish.",12.0,51776.15,8.0,36432.13,0.0,0.0,14.0,-8453.88,0.0,0.0,4.0,10236.76,12.0,46799.85,18.0,19262.45,14.0,-26996.99,3.0,10938.76
320,2024-05-06,2024-05-13,neutral,"NVDA, GOOGL, AMZN",META,10.0,-0.05,-4537.52,0.84,3200000.0,9263567.5,6063567.5,5058172.28,1858172.28,"I favor stocks with strong trend structure, bullish MACD, supportive ADX, and improving OBV, while trimming names that look extended near upper Bollinger bands or show weaker trend confirmation. NVDA, GOOGL, AMZN, AAPL, and MSFT offer the best balance of momentum and trend quality, while META is avoided due to bearish MACD and weaker intermediate trend; a 10% cash buffer helps manage short-horizon event and market risk.",12.0,27971.1,14.0,-24517.13,0.0,0.0,8.0,25989.31,6.0,-38735.82,10.0,403.41,12.0,-12553.94,14.0,8027.58,8.0,15391.32,6.0,-6513.35
321,2024-05-13,2024-05-20,neutral,"GOOGL, AAPL, MSFT",TSLA,10.0,2.29,212712.3,1.76,3210000.0,9486279.8,6276279.8,5157196.82,1947196.82,"The portfolio leans toward large-cap names with strong trend structure, bullish MACD, and generally supportive ADX/price positioning, while avoiding the weakest technical setup in TSLA. I favor GOOGL, AAPL, and MSFT for cleaner trend quality and lower near-term technical damage, while keeping a 10% cash buffer because several leaders are somewhat extended or showing mixed volume confirmation.",12.0,28436.02,11.0,49436.66,6.0,986.78,10.0,-14699.21,0.0,0.0,11.0,28650.96,9.0,-13554.71,13.0,55452.8,10.0,53054.81,8.0,24948.19
322,2024-05-20,2024-05-28,bullish,"MSFT, NVDA, GOOGL","TSLA, AMZN",5.0,3.81,361583.88,-0.05,3220000.0,9857863.68,6637863.68,5164759.74,1944759.74,"I favor stocks with the strongest trend quality, bullish MACD, supportive ADX, and positive OBV, while trimming names that look extended or have weaker confirmation. MSFT, NVDA, GOOGL, and AVGO have the best combination of trend strength and momentum, while AAPL is strong but more overbought, and AMZN, META, and TSLA get smaller weights due to weaker or mixed setups; a modest cash buffer helps manage short-horizon pullback risk.",8.0,-4175.5,16.0,306526.05,5.0,11221.18,8.0,15226.68,3.0,2931.12,16.0,17789.62,5.0,-3595.9,14.0,-3907.58,13.0,-1379.42,7.0,20947.64
323,2024-05-28,2024-06-04,bullish,"NVDA, MSFT, AVGO","TSLA, AMZN, JPM",15.0,-0.62,-60790.55,-0.27,3230000.0,9807073.13,6577073.13,5160890.32,1930890.32,"I favor large-cap names with strong trend structure, bullish EMA alignment, positive or improving MACD, and supportive ADX/OBV, while trimming positions where momentum looks stretched or confirmation is weaker. NVDA, MSFT, AAPL, AVGO, and GOOGL have the best combination of trend strength and near-term upside, but elevated overbought readings across parts of tech justify a meaningful cash buffer. I am underweight or avoiding names with weaker trend quality, bearish MACD/volume confirmation, or higher idiosyncratic volatility such as TSLA, AMZN, and JPM.",12.0,27174.41,14.0,30759.05,7.0,-4217.16,5.0,-840.87,0.0,0.0,14.0,-45748.25,3.0,-4566.9,11.0,-16060.45,12.0,-68435.45,7.0,21145.07
324,2024-06-04,2024-06-11,neutral,"GOOGL, LLY, NVDA","TSLA, AMZN",20.0,3.03,297148.33,1.62,3240000.0,10114221.47,6874221.47,5254659.55,2014659.55,"I favor stocks with strong trend structure, supportive EMA alignment, and either bullish MACD or resilient price action, while trimming positions where momentum is extended or short-term signals are deteriorating. GOOGL, LLY, NVDA, and AAPL have the best combination of trend quality and relative strength, but elevated overbought readings in several leaders justify a meaningful cash buffer. I am avoiding names with weaker intermediate setups and bearish momentum such as TSLA and AMZN, while keeping only modest exposure to mixed-signal names like MSFT, META, AVGO, and JPM.",12.0,77586.95,14.0,52798.06,6.0,37639.08,8.0,-18928.28,0.0,0.0,4.0,15676.36,0.0,0.0,16.0,25577.83,5.0,48026.07,15.0,58772.27
325,2024-06-11,2024-06-18,neutral,"MSFT, AVGO, META","JPM, TSLA",15.0,4.62,467616.74,2.15,3250000.0,10591838.21,7341838.21,5377806.34,2127806.34,"I favor stocks with strong multi-timeframe uptrends, bullish MACD, supportive ADX, and improving OBV, while trimming names that look extended or have weak volume confirmation. MSFT, AMZN, META, AVGO, and LLY offer the best balance of trend strength and relatively cleaner momentum, while AAPL and NVDA remain attractive but are sized smaller due to overbought conditions and short-term pullback risk. JPM and TSLA are avoided because their trend and momentum profiles are currently bearish or unstable for a 1-week horizon, and I keep a meaningful cash buffer given crowded mega-cap positioning and elevated short-term extension across several leaders.",8.0,27916.75,9.0,110553.38,11.0,-17512.45,0.0,0.0,0.0,0.0,14.0,44747.99,12.0,-28680.7,8.0,-7016.22,13.0,307626.57,10.0,29981.41
326,2024-06-18,2024-06-26,neutral,"MSFT, NVDA, META","JPM, GOOGL, AMZN",10.0,-0.56,-58937.54,-0.54,3260000.0,10542900.67,7282900.67,5358533.86,2098533.86,"The portfolio tilts toward stocks with strong trend structure, bullish MACD, solid EMA alignment, and supportive ADX/OBV, with highest conviction in MSFT, META, NVDA, AAPL, AVGO, and LLY. I am moderating position sizes in names that are technically extended or overbought and keeping a 10% cash buffer because several leaders are near upper Bollinger bands, while avoiding heavy exposure to weaker setups like JPM, AMZN, and GOOGL where momentum and trend strength are less compelling over a 1-week horizon.",11.0,-5659.85,12.0,-86140.91,12.0,34716.14,4.0,925.64,6.0,39606.35,13.0,17971.39,6.0,37579.95,5.0,26612.07,11.0,-136203.14,10.0,11654.82
327,2024-06-26,2024-07-03,neutral,"AMZN, GOOGL, META","TSLA, JPM, AVGO",10.0,2.6,274487.92,1.09,3270000.0,10827388.59,7557388.59,5427089.66,2157089.66,"The portfolio leans toward large-cap momentum names with strong trend structure and bullish MACD/ADX confirmation, while favoring relatively cleaner setups such as AMZN, GOOGL, META, and MSFT. I trimmed exposure to names showing short-term exhaustion, weaker confirmation, or elevated volatility like TSLA, AVGO, and NVDA, and kept a 10% cash buffer given broad overbought conditions across mega-cap growth after a strong run.",8.0,32858.74,7.0,10987.04,12.0,-7798.68,6.0,36111.73,3.0,80642.07,12.0,24113.71,14.0,30370.73,14.0,15587.16,6.0,54575.47,8.0,-2960.05
328,2024-07-03,2024-07-11,neutral,"GOOGL, MSFT, JPM","TSLA, NVDA, LLY",15.0,-0.03,-3760.51,0.91,3280000.0,10833628.08,7553628.08,5486584.08,2206584.08,"The portfolio leans toward stocks with strong trend structure, positive EMA/SMA alignment, solid ADX, and either bullish MACD or relatively balanced momentum, while trimming names that look extended near upper Bollinger bands or have weakening MACD/volume confirmation. GOOGL, MSFT, JPM, AAPL, and AMZN offer the best mix of trend persistence and comparatively manageable 1-week risk, while TSLA is avoided due to extreme overbought conditions and breakout extension; a meaningful cash buffer is kept because many mega-cap names are short-term stretched.",10.0,29447.56,8.0,-5947.55,6.0,3493.74,12.0,-7727.27,0.0,0.0,12.0,-17132.09,10.0,-13931.36,14.0,-2041.27,8.0,-11667.04,5.0,21744.77
329,2024-07-11,2024-07-18,neutral,"AAPL, GOOGL, JPM","TSLA, LLY, MSFT",15.0,-3.01,-326020.87,-0.69,3290000.0,10517607.2,7227607.2,5458852.35,2168852.35,"The portfolio tilts toward names with strong trend structure, bullish MACD, solid ADX, and relatively controlled short-term volatility, with highest conviction in AAPL, GOOGL, and JPM. I am underweight or limiting exposure to stocks showing bearish MACD divergences, weakening OBV, or elevated volatility/overbought risk such as TSLA, AVGO, MSFT, and LLY, while keeping a meaningful cash buffer for one-week horizon uncertainty.",14.0,-22614.52,8.0,-42965.96,7.0,-54556.54,12.0,15869.49,4.0,14756.3,6.0,-20504.4,8.0,-50257.06,14.0,-64464.57,5.0,-32020.15,7.0,-69263.45
330,2024-07-18,2024-07-25,neutral,"JPM, AAPL, TSLA","META, LLY, NVDA",38.0,-2.63,-276809.08,-2.58,3300000.0,10250798.12,6950798.12,5327841.34,2027841.34,"For a 1-week horizon, I favor names with the strongest combination of trend quality, momentum confirmation, and lower near-term downside risk. JPM stands out with 4/4 EMA alignment, bullish MACD, strong ADX, and supportive volume/OBV; AAPL and TSLA retain positive trend structure, though AAPL has some short-term MACD/OBV softness and TSLA carries higher volatility, so position sizes are moderated. I am keeping a large cash buffer because many mega-cap tech names show bearish MACD, weak OBV, and oversold conditions that may bounce but lack confirmation, making the opportunity set mixed rather than broadly bullish.",12.0,-37699.9,0.0,0.0,0.0,0.0,28.0,-18389.97,14.0,-171378.28,0.0,0.0,0.0,0.0,8.0,-49340.94,0.0,0.0,0.0,0.0
331,2024-07-25,2024-08-01,bearish,"JPM, AAPL","NVDA, META, TSLA",60.0,-0.08,-7888.36,0.85,3310000.0,10252909.76,6942909.76,5383446.12,2073446.12,"The setup is broadly defensive for a 1-week horizon: most names show bearish MACD, weak EMA alignment, negative OBV trends, and strong downside ADX readings despite being near oversold levels. JPM stands out as the only relatively stable long candidate with 4/4 EMA alignment, price above key moving averages, modest volatility, and improving OBV, while AAPL gets a smaller tactical allocation due to oversold conditions and lower volatility but still faces bearish trend pressure. High-beta tech names are avoided because they combine strong downtrends with elevated volatility, making risk-adjusted upside less attractive over the next 5 trading days.",8.0,3283.61,0.0,0.0,0.0,0.0,32.0,-11171.96,0.0,0.0,0.0,0.0,0.0,0.0,0.0,0.0,0.0,0.0,0.0,0.0
332,2024-08-01,2024-08-08,neutral,"META, AAPL, JPM","NVDA, TSLA, MSFT",40.0,-0.75,-76647.76,-2.28,3320000.0,10186262.0,6866262.0,5270680.44,1950680.44,"For a 1-week horizon, I favor names with relatively better trend resilience, stronger volume/OBV confirmation, and less severe downside momentum. META stands out with price above key EMAs, strong ADX with positive DI leadership, and strong volume; AAPL is near the lower Bollinger band with improving OBV and oversold conditions that support a short-term bounce. I am keeping a large cash buffer because most of the universe shows bearish MACD, weak EMA alignment, and elevated correlation across mega-cap tech, while avoiding the weakest technical setups with strong downside trend pressure and high volatility.",12.0,-28481.97,0.0,0.0,20.0,49032.02,8.0,-15397.33,0.0,0.0,0.0,0.0,5.0,-50932.62,8.0,-41974.8,0.0,0.0,7.0,11106.93
333,2024-08-08,2024-08-15,neutral,"LLY, META, JPM","NVDA, TSLA, MSFT",30.0,4.32,440758.68,4.23,3330000.0,10637020.68,7307020.68,5503789.56,2173789.56,"For a 1-week horizon, I favor relative strength and better near-term tape quality over long-term trend status. META and LLY stand out with the strongest combination of price resilience, supportive momentum/volume context, and less damaged trend structure, while JPM offers lower-volatility diversification and AMZN/AAPL/GOOGL receive smaller tactical weights as potential mean-reversion candidates. I am keeping a large cash buffer because most mega-cap tech names still show bearish MACD, weak EMA positioning, and strong negative ADX trends, which raises downside and correlation risk over the next 5 trading days.",6.0,32724.02,0.0,0.0,18.0,99755.83,12.0,44910.32,0.0,0.0,0.0,0.0,8.0,58004.31,6.0,-2756.26,0.0,0.0,20.0,208120.46
334,2024-08-15,2024-08-22,neutral,"NVDA, AAPL, AVGO","GOOGL, TSLA, JPM",15.0,-0.09,-9930.83,0.57,3340000.0,10637089.85,7297089.85,5545193.24,2205193.24,"The portfolio tilts toward stocks with strong trend structure, bullish MACD confirmation, and solid ADX readings, especially NVDA, AAPL, AVGO, META, and LLY. I am moderating position sizes because several leaders are short-term overbought near upper Bollinger Bands, which raises pullback risk over a 1-week horizon. Cash is kept elevated for risk control, while GOOGL is avoided due to weak trend alignment, bearish MACD, strong negative directional movement, and declining OBV.",13.0,-1170.26,14.0,10676.49,10.0,-10699.93,8.0,20453.55,3.0,-5190.76,8.0,-11086.27,8.0,-7002.49,0.0,0.0,12.0,-29147.44,9.0,23236.28
335,2024-08-22,2024-08-29,neutral,"NVDA, META, AAPL","TSLA, GOOGL",10.0,-1.33,-141941.6,0.38,3350000.0,10505148.25,7155148.25,5576466.41,2226466.41,"The portfolio leans toward stocks with strong trend confirmation, bullish MACD, and solid ADX readings, especially NVDA, META, AAPL, AVGO, and JPM. I am moderating position sizes because many leaders are near overbought levels with mixed volume/OBV confirmation, while keeping some exposure to mean-reversion candidates like AMZN and MSFT and holding 10% cash for risk control over the short 1-week horizon.",12.0,29931.16,14.0,-74083.92,12.0,-32930.26,10.0,27424.99,4.0,-8854.89,6.0,-3735.64,8.0,-19392.42,4.0,-5252.04,12.0,-42577.87,8.0,-12470.72
336,2024-08-29,2024-09-06,neutral,"LLY, AAPL, JPM","TSLA, GOOGL, AMZN",20.0,-3.95,-414924.59,-3.22,3360000.0,10100223.66,6740223.66,5406470.84,2046470.84,"I favor stocks with the strongest trend quality, positive MACD, and high ADX support, which points most clearly to AAPL, JPM, and LLY. I am keeping a meaningful cash buffer because several mega-cap tech names show mixed or weakening intermediate trends, while JPM looks short-term overbought and broad market leadership appears somewhat narrow for a 1-week horizon.",18.0,-73883.8,6.0,-79192.24,8.0,-29137.73,16.0,-73820.4,0.0,0.0,5.0,-14533.67,3.0,-1337.91,2.0,-14117.26,4.0,-53430.06,18.0,-75471.52
337,2024-09-06,2024-09-13,neutral,"TSLA, GOOGL, JPM","AVGO, META, MSFT",15.0,4.66,471041.4,4.01,3370000.0,10581265.06,7211265.06,5633486.52,2263486.52,"The setup is broadly mixed-to-defensive: many names show bearish MACD, weak OBV, and price below short-term averages, so I am keeping a meaningful cash buffer. I favor stocks with either better near-term reversal potential from oversold conditions at relatively moderate volatility (GOOGL, JPM, LLY) or improving internal momentum/volume despite mixed trend signals (TSLA, AMZN), while keeping exposure light in names with stronger downside trend confirmation and elevated volatility such as AVGO, NVDA, META, and MSFT.",8.0,6153.49,4.0,63986.52,3.0,14763.06,12.0,-46482.47,18.0,168917.93,3.0,21813.62,10.0,89074.26,14.0,61336.61,3.0,67958.68,10.0,23519.7
338,2024-09-13,2024-09-20,neutral,"NVDA, MSFT, TSLA","JPM, GOOGL",20.0,1.29,136534.77,1.11,3380000.0,10727799.83,7347799.83,5706146.18,2326146.18,"I favor stocks with strong medium-term trend structure, positive or improving MACD, supportive ADX, and rising OBV, while trimming names that are technically extended near upper Bollinger bands. NVDA, MSFT, TSLA, AMZN, and AVGO have the best combination of trend and momentum, but elevated short-term overbought readings across several mega-cap tech names justify a meaningful cash buffer. I avoid JPM and GOOGL because both show the weakest near-term setups, with bearish trend/momentum alignment and stronger downside trend pressure.",8.0,21706.14,16.0,-44108.04,7.0,51906.53,0.0,0.0,12.0,43930.59,12.0,13813.73,10.0,29021.05,0.0,0.0,10.0,21537.49,5.0,-1272.73
339,2024-09-20,2024-09-27,neutral,"AMZN, AAPL, MSFT","JPM, META, LLY",15.0,0.56,60065.21,0.57,3390000.0,10797865.04,7407865.04,5748536.83,2358536.83,"The portfolio leans into large-cap tech names with strong trend structure, bullish MACD setups, and generally supportive ADX readings, while moderating exposure where momentum looks stretched near upper Bollinger Bands or overbought oscillators. AMZN, AAPL, MSFT, and GOOGL offer the best balance of trend strength and comparatively manageable short-term risk, while cash is kept elevated due to broad concentration risk, stretched momentum in several leaders, and mixed confirmation from OBV in some names.",12.0,-2315.07,8.0,39989.05,6.0,6897.75,0.0,0.0,8.0,80079.42,12.0,-21462.28,14.0,-28480.95,12.0,2835.58,8.0,7982.75,5.0,-25461.04
340,2024-09-27,2024-10-04,neutral,"AAPL, MSFT, NVDA","JPM, LLY, TSLA",15.0,0.37,39550.23,0.26,3400000.0,10847415.28,7447415.28,5773752.66,2373752.66,"I favor large-cap tech names with strong trend structure, bullish MACD, and generally supportive ADX readings, while sizing down positions that look extended near upper Bollinger bands or show overbought momentum. AAPL, MSFT, AMZN, NVDA, GOOGL, and AVGO offer the best balance of trend persistence and manageable short-term risk; META and TSLA remain positive but are more stretched, so they get smaller weights. I avoid JPM due to weak trend confirmation and bearish MACD, and LLY due to clear downside momentum despite oversold conditions; a 15% cash buffer helps manage one-week horizon risk and sector concentration.",14.0,-6576.1,12.0,37604.96,6.0,32665.9,0.0,0.0,5.0,-21536.06,14.0,-42280.01,12.0,-10073.62,11.0,22551.82,11.0,27193.34,0.0,0.0
341,2024-10-04,2024-10-11,neutral,"NVDA, GOOGL, AVGO","MSFT, LLY",15.0,1.01,109727.07,1.15,3410000.0,10967142.34,7557142.34,5850374.13,2440374.13,"I favor stocks with strong trend structure, bullish MACD, and supportive ADX/OBV while trimming names that look extended or technically deteriorating. NVDA, GOOGL, AVGO, and AAPL offer the best mix of trend strength and near-term follow-through potential; META is strong but overbought, while MSFT and LLY have the weakest short-term setups, so I avoid them and keep a meaningful cash buffer for risk control.",12.0,4308.5,16.0,137395.15,8.0,-8730.53,6.0,34142.1,5.0,-70073.05,0.0,0.0,8.0,10757.87,16.0,-39722.57,14.0,41649.6,0.0,0.0
342,2024-10-11,2024-10-18,neutral,"NVDA, META, AVGO","TSLA, MSFT",15.0,0.38,42176.54,0.86,3420000.0,11019318.88,7599318.88,5911032.32,2491032.32,"I favor stocks with strong EMA alignment, bullish MACD, and supportive ADX/OBV trends, while trimming names that look extended or technically weak over a 1-week horizon. NVDA, META, AVGO, and AAPL have the best combination of trend strength and positive momentum, while TSLA and MSFT show weaker near-term setups; I keep a meaningful cash buffer because several leaders are near overbought levels and market breadth risk remains elevated.",12.0,43127.07,14.0,36481.9,12.0,-30098.53,8.0,12167.74,0.0,0.0,4.0,1940.62,10.0,988.3,6.0,726.25,12.0,-11540.88,7.0,-11615.94
343,2024-10-18,2024-10-25,neutral,"NVDA, AAPL, AMZN","TSLA, MSFT",15.0,-0.38,-42321.73,-0.95,3430000.0,10986997.15,7556997.15,5864819.03,2434819.03,"Portfolio tilts toward names with the strongest trend confirmation, bullish EMA alignment, positive MACD/ADX structure, and supportive OBV, led by NVDA, AAPL, and AMZN. I am reducing exposure where momentum is stretched or mixed despite strong trends (JPM, META, AVGO) and avoiding clear technical breakdowns or weak setups such as TSLA and underweighting MSFT/GOOGL. A 15% cash buffer is appropriate for a 1-week horizon given elevated concentration risk in mega-cap tech and several overbought readings.",16.0,-26958.47,18.0,50926.68,6.0,-3696.4,8.0,-11980.2,0.0,0.0,4.0,10539.78,12.0,-8123.61,5.0,6242.88,9.0,-38019.24,7.0,-21253.16
344,2024-10-25,2024-11-01,neutral,"NVDA, JPM, AAPL","AVGO, LLY, TSLA",20.0,-1.49,-163404.7,-1.38,3440000.0,10833592.45,7393592.45,5793652.7,2353652.7,"Portfolio leans moderately risk-on but keeps meaningful cash because several mega-cap names show strong longer-term trend alignment while short-term momentum is mixed and some leaders are extended. Highest allocations go to NVDA, JPM, AAPL, and MSFT due to stronger trend quality, supportive ADX/MACD profiles, and relatively better risk-adjusted setups; AVGO and LLY are avoided because of bearish MACD, weaker trend structure, and negative volume confirmation, while TSLA is kept small due to overbought, high-volatility conditions.",12.0,-48472.14,16.0,-76327.89,8.0,-9346.25,12.0,3739.7,6.0,-49537.35,12.0,-54801.34,8.0,47306.47,6.0,24034.1,0.0,0.0,0.0,0.0
345,2024-11-01,2024-11-08,neutral,"GOOGL, AMZN, JPM","LLY, MSFT, AAPL",28.0,6.84,741970.44,4.75,3450000.0,11585562.89,8135562.89,6079586.38,2629586.38,"I favor names with the strongest combination of trend strength, positive EMA alignment, supportive ADX, and either bullish MACD or resilient price action: GOOGL, AMZN, JPM, TSLA, and to a smaller extent NVDA. I am avoiding stocks with clearly bearish trend structures or weak confirmation such as MSFT, LLY, AAPL, META, and AVGO, while keeping a sizable cash buffer because several leaders are extended and some momentum readings show mixed short-term follow-through risk over a 1-week horizon.",0.0,0.0,8.0,78355.77,0.0,0.0,14.0,95604.94,12.0,377544.12,0.0,0.0,18.0,101078.3,20.0,89387.31,0.0,0.0,0.0,0.0
346,2024-11-08,2024-11-15,neutral,"JPM, GOOGL, NVDA","LLY, TSLA",15.0,-2.29,-265279.47,-2.08,3460000.0,11330283.41,7870283.41,5962946.93,2502946.93,"Portfolio leans into the strongest trend-following setups with bullish MACD, strong EMA alignment, and supportive ADX/OBV signals, especially JPM, GOOGL, NVDA, and AMZN. I am trimming exposure where momentum looks extended near upper Bollinger bands or overbought readings are elevated, and holding meaningful cash because this is a short 1-week horizon with several mega-cap names already stretched. LLY is avoided due to clear bearish trend/momentum deterioration, while AAPL and MSFT receive smaller weights because their signals are mixed and less compelling than the leaders.",5.0,-5006.9,14.0,-62128.9,8.0,-55500.67,14.0,57062.81,4.0,-721.97,5.0,-10345.83,13.0,-40332.15,14.0,-53338.94,8.0,-94966.93,0.0,0.0
347,2024-11-15,2024-11-22,neutral,"JPM, AMZN, GOOGL","LLY, META, AVGO",15.0,0.61,69443.41,1.67,3470000.0,11409726.82,7939726.82,6072470.55,2602470.55,"Portfolio tilts toward names with the strongest trend quality and positive MACD/EMA structure, especially JPM, AMZN, GOOGL, and TSLA, while keeping exposure moderate in mega-cap tech where signals are mixed. Cash is elevated because several stocks show weakening breadth, bearish MACD divergences, or oversold downtrends, which argues for a balanced rather than fully invested stance over a 1-week horizon.",8.0,19636.33,9.0,-215.66,3.0,3106.87,16.0,23964.79,12.0,135099.01,6.0,3279.12,14.0,-43019.31,14.0,-71148.79,3.0,-1258.96,0.0,0.0
348,2024-11-22,2024-12-02,neutral,"JPM, AAPL, NVDA","LLY, MSFT, META",18.0,1.54,176057.49,1.36,3480000.0,11595784.31,8115784.31,6165407.29,2685407.29,"I favor names with the strongest trend confirmation and relatively better risk-adjusted setups over the next week: JPM and AAPL have the cleanest bullish trend structures, while NVDA retains a strong primary uptrend despite short-term MACD softness. I keep moderate exposure to oversold rebound candidates GOOGL and AMZN, limit TSLA and AVGO due to elevated volatility and mixed short-term momentum, and avoid META, MSFT, and LLY because their trend and MACD profiles are currently bearish. A meaningful cash buffer is appropriate given mixed breadth across mega-cap tech and several overbought conditions.",18.0,86918.49,12.0,-32050.86,0.0,0.0,18.0,-19021.39,8.0,11738.45,0.0,0.0,8.0,62984.61,12.0,55975.79,6.0,9512.38,0.0,0.0
349,2024-12-02,2024-12-09,neutral,"AAPL, META, AMZN","AVGO, LLY, TSLA",16.0,2.97,344959.07,0.17,3490000.0,11950743.38,8460743.38,6186149.27,2696149.27,"Portfolio leans toward large-cap quality names with strong trend structure and relatively cleaner risk-adjusted setups. AAPL, META, AMZN, MSFT, and GOOGL offer the best balance of bullish trend, acceptable momentum, and manageable volatility, while cash is kept elevated because several names are extended or showing bearish MACD divergences. NVDA and TSLA get only small tactical weights due to mixed momentum and higher volatility, while AVGO and LLY are avoided because their trend alignment is weak or negative despite isolated positive signals.",16.0,55493.08,4.0,602.77,14.0,56843.54,8.0,-9199.79,4.0,42511.32,12.0,48601.14,14.0,118597.0,12.0,31510.02,0.0,0.0,0.0,0.0
350,2024-12-09,2024-12-16,bullish,"GOOGL, META, MSFT","TSLA, LLY, NVDA",15.0,6.52,780188.08,0.35,3500000.0,12740931.45,9240931.45,6217770.42,2717770.42,"The portfolio leans toward high-quality uptrends with strong trend confirmation but avoids overcommitting to names that are extended and overbought near upper Bollinger bands. GOOGL, META, and MSFT offer the best balance of bullish trend structure and less extreme momentum, while AAPL, AMZN, AVGO, and especially TSLA look stronger trend-wise but more vulnerable to short-term pullbacks; NVDA and LLY have mixed technicals, and JPM has weaker confirmation, so sizing is smaller with a meaningful cash buffer.",8.0,16635.98,4.0,-23471.7,14.0,29119.67,6.0,-12450.83,3.0,67412.09,12.0,17924.22,10.0,36185.36,16.0,232326.37,9.0,427482.61,3.0,-10975.7
351,2024-12-16,2024-12-23,neutral,"GOOGL, MSFT, META","LLY, JPM, AVGO",25.0,-1.51,-193085.47,-1.99,3510000.0,12557845.98,9047845.98,6103582.44,2593582.44,"I favor high-quality uptrends with strong EMA alignment, bullish MACD, solid ADX, and supportive OBV/volume, which points most clearly to GOOGL, MSFT, META, AAPL, and AMZN. I am keeping a sizable cash buffer because many leaders are short-term overbought near upper Bollinger Bands, while NVDA and JPM have mixed-to-bearish trend signals and LLY remains in a broader downtrend. Small tactical weights in NVDA, JPM, TSLA, and AVGO reflect either oversold bounce potential or strong trend persistence, but with tighter risk due to elevated volatility or stretched momentum.",10.0,21485.2,4.0,29636.26,12.0,-59783.78,3.0,-1900.03,3.0,-26784.06,14.0,-64591.84,10.0,-43081.54,16.0,-21059.2,3.0,-27006.47,0.0,0.0
352,2024-12-23,2024-12-30,neutral,"GOOGL, AAPL, AVGO","JPM, LLY, META",25.0,-0.81,-101437.11,-1.09,3520000.0,12466408.87,8946408.87,6047069.0,2527069.0,"I favor stocks with strong trend structure, bullish or improving MACD, solid ADX, and supportive OBV, while discounting names showing bearish momentum divergences or weak trend alignment. GOOGL, AAPL, and AVGO stand out on trend strength and confirmation, while elevated cash reflects short-horizon caution given stretched mega-cap positioning, mixed momentum in several names, and likely holiday-thinned trading conditions.",16.0,-24183.52,6.0,-11769.7,4.0,-7215.75,0.0,0.0,5.0,-19248.71,3.0,-9026.33,8.0,-16797.33,18.0,-39402.45,15.0,26206.68,0.0,0.0
