week,date,next_date,market_outlook,top_picks,avoid,cash_pct,week_return_pct,week_pnl,spy_return_pct,total_invested,portfolio_value,total_pnl,spy_value,spy_total_pnl,reasoning,AAPL_weight,AAPL_pnl,NVDA_weight,NVDA_pnl,META_weight,META_pnl,JPM_weight,JPM_pnl,TSLA_weight,TSLA_pnl,MSFT_weight,MSFT_pnl,AMZN_weight,AMZN_pnl,GOOGL_weight,GOOGL_pnl,AVGO_weight,AVGO_pnl,LLY_weight,LLY_pnl
1,2016-01-04,2016-01-11,bearish,"AVGO, GOOGL, MSFT","AAPL, META, AMZN",35.0,-4.5,-450.11,-4.43,10000.0,9549.89,-450.11,9556.76,-443.24,"The overall setup is cautious to bearish for the 1-week horizon: most names show bearish MACD, weak price vs short-term averages, and negative directional movement, so a large cash position is warranted. AVGO stands out with the strongest trend structure (4/4 EMA alignment, golden cross, strong ADX), while GOOGL and MSFT have relatively stable longer-term trend support despite short-term softness; TSLA and NVDA get smaller tactical allocations because oversold conditions and some volume/OBV support could allow a short rebound, but conviction is lower. I avoid names with the clearest downside trend pressure and weak confirmation such as AAPL, META, AMZN, JPM, and LLY.",0.0,0.0,8.0,-66.48,0.0,0.0,0.0,0.0,12.0,-83.58,12.0,-54.74,0.0,0.0,13.0,-45.14,20.0,-200.17,0.0,0.0
2,2016-01-11,2016-01-19,bearish,"MSFT, GOOGL, AMZN","AAPL, JPM, TSLA",30.0,-2.18,-426.28,-2.11,20000.0,19123.61,-876.39,19144.47,-855.53,"The overall setup is defensive: nearly every stock shows bearish MACD, weak OBV, and strong negative trend pressure via ADX with -DI dominant, so a large cash position is warranted. I favor MSFT, GOOGL, AMZN, LLY, and a smaller NVDA position because they retain some longer-term support through positive 2/4 EMA alignment or golden cross signals while sitting near lower Bollinger Bands with oversold momentum, offering the best rebound potential over a 1-week horizon. I avoid names with the weakest trend structures and/or more negative sentiment such as AAPL, JPM, TSLA, META, and AVGO.",0.0,0.0,8.0,-123.83,0.0,0.0,0.0,0.0,0.0,0.0,22.0,-143.09,12.0,-164.29,18.0,-67.16,0.0,0.0,10.0,72.09
3,2016-01-19,2016-01-26,bearish,"LLY, MSFT, GOOGL","JPM, AAPL, AMZN",55.0,0.16,47.85,1.14,30000.0,29171.46,-828.54,29476.12,-523.88,"The broad setup is defensive: most stocks show bearish MACD, weak price vs EMAs/SMAs, strong negative ADX trends, and prices near lower Bollinger Bands amid negative market-news backdrop. I am concentrating only in the relatively stronger names—LLY for its stable trend profile, neutral momentum, positive +DI, rising OBV, and low volatility; MSFT and GOOGL for their golden crosses, partial EMA support, and oversold conditions that could allow a short-term rebound—while keeping a large cash buffer due to widespread market weakness and high downside trend strength elsewhere.",0.0,0.0,0.0,0.0,0.0,0.0,0.0,0.0,0.0,0.0,12.0,111.29,0.0,0.0,8.0,47.66,0.0,0.0,25.0,-111.1
4,2016-01-26,2016-02-02,bearish,"MSFT, GOOGL, LLY","TSLA, JPM, META",35.0,-0.82,-319.98,-0.02,40000.0,38851.48,-1148.52,39467.81,-532.19,"The overall setup is cautious: most stocks show weak short-term trend structure with prices below key EMAs/SMAs, bearish or only marginal MACD readings, and elevated ADX confirming downside pressure in many names. I favor relatively stronger, more defensive setups in MSFT, GOOGL, and LLY due to golden-cross support, less damaged trend profiles, and mixed-to-stabilizing momentum/volume signals, while keeping a large cash buffer because broad conditions across the list remain mostly bearish. AAPL and AMZN receive smaller weights as potential short-term rebound candidates given improving OBV or MACD histogram, but conviction is limited by still-negative trend alignment and mixed news.",8.0,-172.69,0.0,0.0,0.0,0.0,0.0,0.0,0.0,0.0,18.0,112.18,8.0,-256.17,16.0,402.46,0.0,0.0,15.0,-405.76
5,2016-02-02,2016-02-09,neutral,"GOOGL, MSFT, AVGO","TSLA, AMZN, AAPL",20.0,-7.81,-3817.43,-2.49,50000.0,45034.05,-4965.95,48237.36,-1762.64,"I favor GOOGL, MSFT, AVGO, and a smaller META position because they show the strongest combination of bullish trend structure and supportive momentum: GOOGL has 4/4 EMA alignment, golden cross, bullish MACD, strong ADX, high volume, and very positive news; MSFT has a golden cross, improving MACD, neutral momentum, and positive earnings-related news; AVGO has positive price vs EMAs, bullish MACD, strong ADX, and favorable acquisition news; META has the strongest trend metrics but is extended above its upper Bollinger Band and overbought, so I size it smaller. I avoid AAPL, JPM, TSLA, AMZN, and LLY because most have bearish trend alignment and/or bearish MACD despite some oversold readings, which is less attractive for a 1-week risk-adjusted horizon; I keep 20% in cash because several names remain technically weak and the opportunity set is mixed rather than broadly bullish.",0.0,0.0,0.0,0.0,12.0,-770.81,0.0,0.0,0.0,0.0,22.0,-754.34,0.0,0.0,28.0,-1399.35,18.0,-892.92,0.0,0.0
6,2016-02-09,2016-02-17,bearish,"GOOGL, MSFT, NVDA","TSLA, AMZN, LLY",40.0,3.77,2075.1,4.02,60000.0,57109.14,-2890.86,60577.15,577.15,"The overall setup is bearish: most names are below key EMAs/SMAs, MACD is negative for nearly all stocks, ADX often confirms strong downtrends, and OBV is broadly weak, so a large cash position is warranted. Within that backdrop, GOOGL has the best relative balance of positive news and a still-intact longer-term golden cross, while MSFT, NVDA, AAPL, and AVGO are near oversold/lower-band conditions that could support a short-term rebound despite weak trend structure. I am avoiding the weakest high-ADX downtrends such as TSLA, AMZN, JPM, META, and LLY where bearish momentum remains dominant.",8.0,145.08,10.0,468.51,0.0,0.0,0.0,0.0,0.0,0.0,12.0,471.23,0.0,0.0,20.0,485.95,10.0,504.32,0.0,0.0
7,2016-02-17,2016-02-24,neutral,"MSFT, META, AVGO","TSLA, LLY",12.0,0.26,175.81,0.17,70000.0,67284.95,-2715.05,70694.26,694.26,"I favor names with the best combination of constructive trend structure, improving MACD, supportive ADX, and positive OBV, while avoiding the clearest downtrends. MSFT stands out with positive EMA/SMA structure, golden cross, bullish MACD histogram, and strong ADX; META and AVGO also have solid trend backdrops, while AAPL and JPM show short-term recovery signals but are somewhat overbought. I underweight or avoid TSLA and LLY because both have -4/4 EMA alignment, bearish MACD, and relatively strong ADX confirming downtrends; AMZN and NVDA get smaller positions due to mixed trend signals and higher uncertainty, and I keep some cash for risk control over the 1-week horizon.",14.0,-193.43,8.0,807.44,12.0,128.6,10.0,-300.32,0.0,0.0,18.0,-244.26,4.0,100.22,10.0,-101.49,12.0,-20.95,0.0,0.0
8,2016-02-24,2016-03-02,neutral,"NVDA, META, AVGO","JPM, LLY",20.0,3.16,2443.2,3.0,80000.0,79728.15,-271.85,83116.74,3116.74,"I favor NVDA, META, and AVGO because they show the best combination of bullish MACD, supportive trend structure, and improving OBV, with NVDA standing out on strong ADX and positive news, and META showing the cleanest broad trend with 4/4 EMA alignment and a golden cross. I keep moderate exposure to MSFT, AMZN, GOOGL, AAPL, and TSLA where momentum has improved but trend confirmation is mixed or short-term overbought conditions raise pullback risk. I avoid JPM and LLY because both have clearly bearish longer-term trend setups with -4/4 EMA alignment and no golden cross, while holding 20% cash to manage one-week horizon uncertainty and elevated mixed signals across the universe.",4.0,149.59,18.0,542.12,16.0,355.19,0.0,0.0,7.0,282.28,8.0,191.41,8.0,292.04,6.0,119.51,13.0,511.06,0.0,0.0
9,2016-03-02,2016-03-09,neutral,"NVDA, AVGO, MSFT","LLY, JPM",12.0,-0.17,-153.81,0.19,90000.0,89574.35,-425.65,93294.58,3294.58,"The strongest risk-adjusted setups are NVDA, AVGO, MSFT, AMZN, and META due to bullish MACD, generally favorable EMA/SMA structures, and positive or at least non-negative trend strength; NVDA and AVGO stand out most with strong ADX and cleaner trend alignment. However, many names are short-term overbought on stochastic/Williams %R and sitting near upper Bollinger Bands on below-average volume, so I am keeping a meaningful cash buffer and limiting exposure to weaker trend structures like LLY, JPM, and mixed-alignment rebound setups such as AAPL and TSLA.",8.0,26.36,14.0,-461.45,10.0,-199.12,5.0,-48.05,6.0,582.56,12.0,-22.37,11.0,-352.81,8.0,-136.58,14.0,457.65,0.0,0.0
10,2016-03-09,2016-03-16,neutral,"AVGO, NVDA, AAPL","LLY, TSLA, JPM",20.0,3.32,3302.31,1.99,100000.0,102876.65,2876.65,105346.16,5346.16,"I favor AVGO, NVDA, AAPL, and MSFT because they show the best combination of bullish MACD, supportive trend structure, and acceptable momentum; AVGO and NVDA stand out with 4/4 EMA alignment and golden crosses, while AAPL has strong ADX and improving OBV. I keep moderate exposure to META, AMZN, GOOGL, JPM, and TSLA due to mixed signals such as weak/negative ADX direction, overbought conditions, or poor volume confirmation, and I avoid LLY because its -4/4 EMA alignment, lack of golden cross, and weak volume/OBV make it the weakest setup. A 20% cash buffer is appropriate given several names are near upper Bollinger ranges and volume confirmation is generally muted.",12.0,573.11,14.0,601.9,6.0,259.52,4.0,-13.48,5.0,315.11,10.0,284.55,6.0,158.05,5.0,219.28,18.0,904.27,0.0,0.0
11,2016-03-16,2016-03-23,neutral,"MSFT, AVGO, NVDA","LLY, JPM, TSLA",15.0,0.86,974.29,0.45,110000.0,113850.94,3850.94,115866.9,5866.9,"The strongest long setups are MSFT, AVGO, NVDA, META, and GOOGL because they show bullish MACD, positive/mostly strong EMA and SMA structure, rising OBV, and generally supportive ADX/trend readings. I am moderating position sizes because many tech names are near upper Bollinger Bands with overbought stochastic readings, which raises short-term pullback risk over a 1-week horizon; therefore I keep a meaningful cash buffer and underweight weaker or mixed names like JPM, TSLA, and especially LLY, which has clearly bearish trend structure and falling OBV.",8.0,13.63,12.0,544.26,10.0,36.22,3.0,58.62,4.0,13.22,15.0,-118.38,8.0,-72.96,10.0,2.98,15.0,496.68,0.0,0.0
12,2016-03-23,2016-03-31,neutral,"AVGO, META, MSFT","LLY, JPM, AMZN",15.0,1.67,2071.85,1.14,120000.0,125922.79,5922.79,127297.74,7297.74,"The portfolio leans toward stocks with the strongest technical trend confirmation: full or near-full EMA alignment, bullish MACD, supportive ADX, and generally positive SMA structure, which favors META, MSFT, GOOGL, AVGO, and AAPL. I reduced weights in names showing overbought short-term momentum or weaker trend quality such as NVDA, TSLA, AMZN, and JPM, while avoiding LLY due to clearly bearish trend structure (-4/4 EMA alignment, bearish MACD, weak SMA setup) and keeping 15% in cash to manage one-week horizon risk.",12.0,400.5,8.0,345.33,12.0,206.01,4.0,-59.51,8.0,320.06,12.0,346.98,5.0,261.02,12.0,104.76,12.0,146.69,0.0,0.0
13,2016-03-31,2016-04-07,neutral,"MSFT, AVGO, GOOGL","JPM, LLY",15.0,0.35,469.64,-0.76,130000.0,136392.42,6392.42,136248.89,6248.89,"The portfolio tilts toward stocks with the strongest trend confirmation: MSFT, GOOGL, AVGO, NVDA, and META all show bullish MACD, favorable EMA/SMA structures, and generally positive ADX/OBV setups. I reduced weights in AAPL, NVDA, and AMZN because they are near upper Bollinger Bands with overbought momentum, kept a modest TSLA position due to strong volume/OBV despite a slightly bearish MACD histogram, and avoided JPM and LLY because their trend structures are weak or bearish; 15% cash is held to manage short-horizon risk given several names are extended.",8.0,-44.89,12.0,-91.56,11.0,-60.28,0.0,0.0,6.0,973.59,14.0,-265.31,7.0,-35.42,13.0,-64.39,14.0,57.89,0.0,0.0
14,2016-04-07,2016-04-14,neutral,"AAPL, MSFT, GOOGL",JPM,10.0,1.69,2478.15,1.99,140000.0,148870.57,8870.57,149160.26,9160.26,"The portfolio leans toward stocks with strong trend structure and acceptable momentum, especially names with 4/4 EMA alignment, positive or near-positive trend confirmation, and relatively controlled volatility such as MSFT, GOOGL, META, NVDA, and AVGO. AAPL also earns a solid weight due to bullish MACD, very strong ADX, and supportive news, while TSLA and LLY are sized smaller because both look extended near upper Bollinger ranges with overbought signals; JPM is avoided because its trend is decisively bearish with -4/4 EMA alignment, bearish MACD, weak relative position, and falling OBV. Holding 10% cash reflects mixed short-term confirmation across several otherwise bullish setups, with multiple names showing bearish MACD histograms or weakening OBV.",14.0,672.21,11.0,640.85,10.0,-360.7,0.0,0.0,8.0,-243.15,12.0,290.32,10.0,725.74,11.0,323.5,9.0,327.32,5.0,102.06
15,2016-04-14,2016-04-21,neutral,"AMZN, MSFT, AAPL","META, NVDA, JPM",10.0,-0.52,-829.75,0.46,150000.0,158040.82,8040.82,159894.75,9894.75,"I favor stocks with the strongest trend structure and confirmation from the most predictive indicators: AMZN, MSFT, GOOGL, and AAPL all show prices above key moving averages, generally strong EMA/SMA trends, and supportive ADX/OBV profiles. I am trimming exposure where short-term momentum looks stretched or conflicted—especially NVDA, JPM, AVGO, LLY, and TSLA due to overbought readings or bearish MACD divergence—and avoiding META because its MACD, DI structure, and OBV trend are clearly weaker than the rest. Holding 10% cash reflects the fact that many leaders are near upper Bollinger Bands and overbought on stochastic, which raises 1-week pullback risk.",12.0,-1042.51,6.0,-111.26,0.0,0.0,8.0,205.09,9.0,-202.67,13.0,156.69,15.0,393.5,12.0,113.34,8.0,-597.79,7.0,255.85
16,2016-04-21,2016-04-28,neutral,"AMZN, MSFT, NVDA","AAPL, AVGO, META",20.0,-3.48,-5853.45,-0.73,160000.0,162187.37,2187.37,168659.02,8659.02,"I favor stocks with the strongest combination of bullish trend structure and confirmation from MACD/ADX, especially AMZN, MSFT, NVDA, JPM, and LLY. AMZN and MSFT have strong EMA alignment and constructive trend signals, while JPM and LLY show very strong ADX and bullish MACD, though both are somewhat extended so position sizes are moderated. I avoid AAPL and AVGO because both have bearish MACD, weak/negative trend alignment, oversold readings without volume confirmation, and falling OBV; I also keep elevated cash because several otherwise strong names are near overbought levels and GOOGL/MSFT news flow is mixed to negative.",0.0,0.0,12.0,-116.31,0.0,0.0,10.0,0.0,6.0,-23.55,16.0,-2834.22,18.0,-1390.13,8.0,-1291.59,0.0,0.0,10.0,-197.65
17,2016-04-28,2016-05-05,neutral,"META, NVDA, JPM","AAPL, MSFT, GOOGL",15.0,-0.81,-1398.17,-1.2,170000.0,170789.2,789.2,176523.23,6523.23,"I favor stocks with the strongest trend confirmation and relatively supportive volume: META has 4/4 EMA alignment, bullish MACD, strong ADX, and rising OBV; NVDA also has 4/4 EMA alignment, a golden cross, positive ADX structure, and improving OBV. JPM and AMZN have constructive medium-term trend setups, though both show some short-term mixed momentum, while AVGO and LLY are smaller positions due to weaker confirmation. I avoid AAPL, MSFT, and GOOGL because their trend indicators are decisively bearish with negative MACD, strong downside ADX readings, weak OBV, and negative news flow for AAPL/MSFT/GOOGL; cash is kept elevated to manage one-week horizon risk and tech concentration.",0.0,0.0,20.0,-1170.11,22.0,350.48,14.0,-894.51,4.0,-1005.97,0.0,0.0,12.0,1959.5,0.0,0.0,8.0,-503.56,5.0,-133.99
18,2016-05-05,2016-05-12,neutral,"AMZN, META, NVDA","AAPL, TSLA, MSFT",40.0,3.14,5677.03,0.78,180000.0,186466.22,6466.22,187970.15,7970.15,"I favor AMZN and META because they have the strongest bullish technical setups: 4/4 EMA alignment, bullish MACD, positive ADX trend structure, and prices above key moving averages. NVDA gets a smaller allocation as a potential oversold rebound candidate with a golden cross and price still above longer-term averages, but its bearish MACD and weak volume reduce conviction. I am keeping a large cash position because many other names show strong bearish trend signals, including negative EMA alignment, bearish MACD, high ADX downtrends, and weak OBV/volume.",0.0,0.0,8.0,248.15,24.0,909.7,0.0,0.0,0.0,0.0,0.0,0.0,28.0,4519.17,0.0,0.0,0.0,0.0,0.0,0.0
19,2016-05-12,2016-05-19,neutral,"META, AMZN, NVDA","AAPL, TSLA, JPM",25.0,1.21,2371.58,-1.14,190000.0,198837.8,8837.8,195708.28,5708.28,"I favor stocks with the strongest trend confirmation and relatively supportive news: META and AMZN have 4/4 EMA alignment, bullish MACD, strong ADX, and positive/constructive news flow, though both are somewhat overbought so position sizes are capped. NVDA and MSFT offer more balanced setups with improving longer-term structure, while GOOGL and LLY are smaller allocations due to mixed technicals; I avoid AAPL, TSLA, JPM, and AVGO because their MACD/ADX/trend combinations are bearish with weak price positioning and limited confirming volume, and I keep elevated cash because several leaders are extended and the opportunity set is mixed.",0.0,0.0,12.0,5289.17,18.0,-1020.23,0.0,0.0,0.0,0.0,12.0,-383.56,18.0,-956.1,10.0,-344.32,0.0,0.0,5.0,-213.38
20,2016-05-19,2016-05-26,neutral,"AMZN, JPM, NVDA","TSLA, AAPL, LLY",36.0,1.98,4130.47,2.52,200000.0,212968.27,12968.27,210886.26,10886.26,"I favor AMZN, JPM, and NVDA because they show the strongest combination of trend strength and supportive structure: AMZN has 4/4 EMA alignment, a golden cross, strong ADX, and positive OBV; JPM has 4/4 EMA alignment, positive DI leadership, rising OBV, and above-average volume; NVDA has the strongest trend metrics with 4/4 EMA alignment, bullish MACD, and very strong ADX, though its overbought condition keeps the weight moderate. I keep meaningful cash because several large-cap tech names have mixed or weakening short-term signals despite some bullish longer-term trends: AAPL, TSLA, GOOGL, AVGO, and LLY all have unfavorable EMA/MACD setups or weak confirmation, while META and MSFT are only modest tactical positions due to mixed momentum and trend readings.",0.0,0.0,14.0,1489.43,6.0,285.34,14.0,756.41,0.0,0.0,8.0,521.26,22.0,1078.03,0.0,0.0,0.0,0.0,0.0,0.0
21,2016-05-26,2016-06-03,neutral,"JPM, NVDA, AVGO",LLY,15.0,0.38,854.29,0.45,210000.0,223822.57,13822.57,221878.01,11878.01,"The strongest setups are JPM, NVDA, AMZN, and AVGO, which combine bullish MACD or strong EMA/SMA trend structure with solid ADX and generally supportive OBV trends; JPM stands out for trend strength without the extreme overbought conditions seen in some tech names. I am keeping moderate exposure to AAPL, META, MSFT, GOOGL, and TSLA because they show mixed but still constructive signals, while holding meaningful cash since several leaders are near or above upper Bollinger Bands with overbought stochastic readings, increasing short-term pullback risk over a 1-week horizon. LLY is avoided because its MACD is bearish, ADX is weak, OBV is down, and there is no supportive news catalyst provided.",8.0,-442.34,10.0,405.39,8.0,-149.3,14.0,-187.21,7.0,-425.0,10.0,-42.97,10.0,331.53,8.0,-25.9,10.0,1390.09,0.0,0.0
22,2016-06-03,2016-06-10,neutral,"NVDA, AVGO, AMZN",LLY,18.0,-0.54,-1258.73,-0.1,220000.0,232563.84,12563.84,231646.51,11646.51,"The portfolio tilts toward stocks with the strongest trend confirmation and supportive momentum, especially NVDA, AVGO, AMZN, and JPM, which show strong EMA/SMA structure, bullish MACD, and solid ADX readings. I reduce size where overbought conditions or mixed confirmations raise short-term pullback risk, and I keep a meaningful cash buffer because several names are extended near upper Bollinger Bands while others like LLY and AAPL/META show weaker or mixed setups. Overall, the opportunity set is moderately positive but not broad enough to justify full deployment.",8.0,173.83,14.0,-197.2,4.0,-146.05,10.0,-289.38,5.0,-10.68,9.0,-125.96,12.0,-295.07,8.0,-67.87,12.0,-300.33,0.0,0.0
23,2016-06-10,2016-06-17,neutral,"AVGO, NVDA, AMZN","LLY, META, JPM",20.0,-1.48,-3584.16,-1.18,230000.0,238979.68,8979.68,238798.34,8798.34,"I favor AVGO, NVDA, and AMZN because they show the strongest trend structures: 4/4 EMA alignment or strong bullish trend context, positive/strong ADX, and generally supportive momentum, with AVGO standing out on bullish MACD, very strong ADX, and rising OBV. AAPL and GOOGL have mixed but improving setups with bullish MACD, while TSLA is kept smaller due to conflicting trend signals despite bullish MACD, oversold momentum, and strong volume; I avoid META, JPM, and LLY because bearish MACD, weak/negative trend confirmation, and declining OBV outweigh any oversold bounce potential. Given several mixed signals across the universe, I keep a meaningful cash buffer for risk control over the 1-week horizon.",10.0,-859.02,16.0,436.83,0.0,0.0,0.0,0.0,8.0,-294.46,6.0,-381.66,14.0,-544.92,8.0,-765.94,18.0,-1174.99,0.0,0.0
24,2016-06-17,2016-06-24,bearish,"NVDA, AVGO, AMZN","AAPL, META, GOOGL",30.0,-1.69,-4213.18,-1.59,240000.0,244766.5,4766.5,244846.89,4846.89,"The overall setup is cautious to bearish because most names show negative MACD, weak OBV trends, and prices near lower Bollinger Bands, so a large cash position is warranted. NVDA and AVGO stand out with the strongest trend structure via 4/4 EMA alignment, golden crosses, strong ADX, and relatively constructive volume/OBV, while AMZN has a still-positive longer trend despite short-term weakness. MSFT gets a smaller weight because news is supportive, but its technicals remain clearly bearish, and the other names are avoided due to stronger downtrend signals and poor confirmation.",0.0,0.0,32.0,-1688.29,0.0,0.0,0.0,0.0,0.0,0.0,8.0,-119.19,12.0,-314.26,0.0,0.0,18.0,-2091.43,0.0,0.0
25,2016-06-24,2016-07-01,bearish,"LLY, GOOGL, NVDA","JPM, TSLA, META",20.0,3.02,7692.5,3.29,250000.0,262459.0,12459.0,263223.06,13223.06,"The overall setup is defensive-to-neutral because most stocks show bearish MACD readings, weak price vs. short/intermediate moving averages, and elevated volume on selloffs, consistent with broad risk-off conditions. I favor LLY for relative stability given near-flat moving average positioning, neutral momentum, and improving OBV; GOOGL and NVDA get selective allocations because both are deeply oversold and GOOGL has the strongest ADX/OBV combination while NVDA retains the best longer-term trend structure and supportive news. I avoid JPM and TSLA due to strongly negative technicals plus adverse news, and keep a sizable cash buffer because many names are oversold but still in confirmed downtrends.",8.0,543.36,14.0,725.36,0.0,0.0,0.0,0.0,0.0,0.0,8.0,543.99,10.0,973.93,16.0,1490.23,6.0,565.31,18.0,2850.32
26,2016-07-01,2016-07-11,neutral,"AMZN, NVDA, MSFT","GOOGL, JPM, LLY",25.0,3.92,10670.54,1.66,260000.0,283129.54,23129.54,277752.51,17752.51,"I favor AMZN, NVDA, MSFT, TSLA, and AVGO because they show the best mix of supportive trend structure or improving momentum: AMZN and NVDA have strong EMA alignment and golden crosses, MSFT and TSLA have bullish MACD histograms with improving price action, and AVGO retains a strong longer-term trend despite short-term MACD softness. I avoid AAPL, GOOGL, JPM, and META due to bearish MACD readings combined with weak or negative EMA alignment, while LLY looks technically extended with overbought RSI, stochastic, CCI, and price above the upper Bollinger Band; given mixed signals across the universe, I keep a meaningful cash buffer.",0.0,0.0,18.0,5633.68,0.0,0.0,0.0,0.0,12.0,1250.42,14.0,1066.18,20.0,2110.05,0.0,0.0,11.0,610.21,0.0,0.0
27,2016-07-11,2016-07-18,neutral,"NVDA, AMZN, LLY","TSLA, JPM, AVGO",10.0,1.29,3791.55,1.41,270000.0,296921.09,26921.09,291811.19,21811.19,"The strongest 1-week setups are NVDA, AMZN, LLY, and META: each has bullish MACD, strong ADX, rising OBV, and mostly favorable trend structure, though several are short-term overbought so position sizes are moderated. I keep meaningful but smaller exposure in AAPL, MSFT, and GOOGL where momentum is positive but trend alignment is less clean, while underweighting JPM, TSLA, and AVGO due to weaker alignment, mixed/negative news, or weaker confirmation; 10% cash is held because many names are near upper Bollinger Bands and overbought readings raise pullback risk.",8.0,689.15,14.0,749.45,10.0,373.03,5.0,397.77,4.0,76.68,8.0,610.9,14.0,-964.19,9.0,943.23,6.0,555.49,12.0,360.02
28,2016-07-18,2016-07-25,bullish,"NVDA, MSFT, AMZN","TSLA, JPM",10.0,1.38,4220.81,0.11,280000.0,311141.9,31141.9,302145.94,22145.94,"The portfolio leans bullish but stays diversified because most names show positive MACD, strong or improving trend structure, and generally favorable ADX readings, while many are also short-term overbought on stochastic/Williams %R and sitting near upper Bollinger Bands. Highest weights go to NVDA, MSFT, AMZN, AAPL, AVGO, and LLY due to stronger trend confirmation or cleaner momentum/trend balance, while exposure is reduced in TSLA, JPM, META, and GOOGL where overbought conditions, weaker volume confirmation, mixed alignment, or less supportive news increase near-term pullback risk; 10% cash is held for risk control.",10.0,-765.54,12.0,1884.29,8.0,464.87,5.0,-21.59,3.0,153.02,12.0,1890.66,12.0,177.13,8.0,140.83,10.0,-482.14,10.0,779.29
29,2016-07-25,2016-08-01,neutral,"NVDA, GOOGL, MSFT","AAPL, AMZN, AVGO",20.0,1.44,4614.06,0.13,290000.0,325755.96,35755.96,312563.65,22563.65,"The strongest setups are in NVDA, GOOGL, MSFT, META, and LLY, which generally show bullish MACD, strong or improving trend structure, and positive ADX/OBV support; however, several are also overbought, so position sizes are moderated and 20% is held in cash for risk control over the 1-week horizon. I am avoiding AAPL and AMZN because their trend signals are mixed or weakening relative to the group, with AAPL showing negative EMA alignment and AMZN showing bearish MACD plus weak OBV, while AVGO also has weak volume and less convincing directional strength.",0.0,0.0,14.0,847.85,12.0,849.13,8.0,-28.15,10.0,0.0,12.0,-101.88,0.0,0.0,14.0,2577.04,0.0,0.0,10.0,470.08
30,2016-08-01,2016-08-08,bullish,"META, MSFT, TSLA","AAPL, GOOGL, LLY",10.0,1.22,4087.63,0.51,300000.0,339843.58,39843.58,324214.17,24214.17,"The strongest risk-adjusted setups are in META, MSFT, TSLA, and AVGO: all have 4/4 EMA alignment, bullish MACD, supportive SMA trends, and mostly neutral-to-manageable momentum, which is preferable for a 1-week horizon. I reduced exposure to names with stronger overbought stretch or weaker confirmation—AAPL, GOOGL, AMZN, and LLY are technically strong but extended near or above upper Bollinger Bands, while JPM has weaker ADX and soft volume/OBV; a 10% cash buffer helps manage short-term reversal risk.",6.0,552.23,8.0,951.69,12.0,307.91,8.0,968.32,11.0,-618.2,12.0,1053.89,9.0,-46.45,8.0,143.87,11.0,1093.24,5.0,-318.89
31,2016-08-08,2016-08-15,neutral,"META, NVDA, AVGO","TSLA, LLY",18.0,1.31,4566.88,0.48,310000.0,354410.47,44410.47,335808.19,25808.19,"The strongest candidates are stocks with 4/4 EMA alignment, bullish MACD, solid ADX, and relatively less extreme momentum: META, NVDA, AVGO, MSFT, and AMZN stand out, while META is especially attractive because its RSI/stochastic are not as stretched as many peers. I reduced weights in AAPL, GOOGL, and JPM because they are extended near upper Bollinger Bands with overbought readings, and I avoided TSLA and LLY due to weaker or conflicting setups: TSLA has bearish MACD, weak ADX/OBV, and negative news, while LLY has bearish MACD, negative DI trend, and falling OBV. A meaningful cash buffer is appropriate because many names show strong uptrends but also short-term overbought conditions, increasing 1-week pullback risk.",8.0,286.66,12.0,3030.3,14.0,-531.78,8.0,-160.89,0.0,0.0,10.0,36.16,10.0,88.08,8.0,25.38,12.0,1792.97,0.0,0.0
32,2016-08-15,2016-08-22,neutral,"NVDA, AVGO, JPM","LLY, TSLA",15.0,-0.41,-1476.89,-0.26,320000.0,362933.57,42933.57,344924.22,24924.22,"The strongest risk-adjusted setups are NVDA, AVGO, JPM, AMZN, and AAPL because they combine strong trend structure (4/4 EMA alignment, mostly bullish MACD, solid ADX) with generally supportive or non-damaging news. I reduced weights in names showing short-term overbought conditions or weakening confirmation such as AAPL, MSFT, and GOOGL, kept only a small position in TSLA due to weak ADX and bearish MACD, and avoided LLY because its technical profile is the weakest with 2/4 EMA alignment, bearish MACD, negative directional bias, and poor volume/OBV confirmation. Cash is elevated to manage concentration and short-horizon pullback risk given several tech names are overbought.",10.0,-322.87,14.0,-372.63,6.0,44.12,12.0,53.22,3.0,-128.91,9.0,-51.1,11.0,-469.97,8.0,-325.91,12.0,97.15,0.0,0.0
33,2016-08-22,2016-08-29,neutral,"NVDA, AVGO, GOOGL","TSLA, LLY",13.0,0.21,790.89,-0.08,330000.0,373724.47,43724.47,354648.28,24648.28,"The portfolio emphasizes stocks with the strongest trend structure and confirmation: NVDA and AVGO have 4/4 EMA alignment, bullish MACD, very strong ADX, and supportive OBV trends, while AAPL, MSFT, and GOOGL also show strong multi-timeframe uptrends despite short-term MACD softness. I reduced exposure where momentum is stretched or mixed and avoided TSLA and LLY because both have weak EMA alignment, bearish MACD, poor momentum, and unfavorable volume/OBV signals; cash is held to manage the broad pattern of bullish longer-term trends but mixed short-term momentum across many names.",14.0,-813.17,14.0,-347.2,8.0,574.34,6.0,391.07,0.0,0.0,12.0,333.68,5.0,289.96,14.0,-74.03,14.0,436.25,0.0,0.0
34,2016-08-29,2016-09-06,neutral,"AVGO, MSFT, NVDA","TSLA, LLY",25.0,0.21,793.54,0.31,340000.0,384518.0,44518.0,365767.06,25767.06,"I favor stocks with strong trend structure (4/4 EMA alignment, SMA50>SMA200 where present) and solid ADX/OBV support, while discounting names with bearish MACD rollover or stretched momentum. AVGO, MSFT, NVDA, and AMZN have the best mix of established uptrends and acceptable momentum, while AAPL and GOOGL look more mixed but still constructive; I avoid TSLA and LLY because their trend/momentum profiles are clearly weaker, and I keep elevated cash because many otherwise strong names show bearish MACD histograms or overbought conditions for a 1-week horizon.",8.0,252.9,12.0,839.37,5.0,483.67,6.0,168.51,0.0,0.0,12.0,-388.35,10.0,874.62,8.0,470.61,14.0,-1907.8,0.0,0.0
35,2016-09-06,2016-09-13,neutral,"AAPL, AMZN, GOOGL","TSLA, AVGO, LLY",26.0,-1.57,-6184.63,-2.65,350000.0,388333.37,38333.37,365816.56,15816.56,"The strongest long candidates are the names with 4/4 EMA alignment, golden crosses, and supportive ADX/volume trends, especially AAPL, AMZN, GOOGL, JPM, and MSFT. I am moderating exposure where short-term momentum looks stretched or mixed—such as overbought readings in AMZN, META, JPM, and NVDA, or bearish MACD in AAPL, MSFT, NVDA, and GOOGL—and keeping a large cash buffer for risk control over the 1-week horizon. TSLA, AVGO, and LLY are avoided because their setups are materially weaker, with bearish MACD, poor/negative trend alignment, and weak OBV or strong downside directional pressure.",14.0,128.21,8.0,-1625.08,8.0,-613.08,10.0,-532.35,0.0,0.0,10.0,-739.59,12.0,-1671.95,12.0,-1130.8,0.0,0.0,0.0,0.0
36,2016-09-13,2016-09-20,neutral,"META, AAPL, GOOGL","TSLA, NVDA, JPM",25.0,1.88,7485.46,0.59,360000.0,405818.84,45818.84,378051.57,18051.57,"I favor AAPL and META because both have the strongest trend structure in the group with 4/4 EMA alignment, golden crosses, and relatively constructive momentum; META also has a bullish MACD, while AAPL has strong volume and OBV support despite short-term overbought readings. GOOGL, AMZN, and LLY receive smaller allocations as more tactical positions: GOOGL and AMZN are near lower Bollinger ranges with oversold momentum that could support a short-term bounce, while LLY has a bullish MACD histogram and stronger ADX/OBV profile. I am keeping a sizable cash position because many names show bearish MACD, weak OBV, and negative directional movement, which argues for a cautious one-week stance rather than full deployment.",20.0,4147.53,0.0,0.0,22.0,985.1,0.0,0.0,0.0,0.0,0.0,0.0,8.0,804.41,15.0,837.86,0.0,0.0,10.0,710.57
37,2016-09-20,2016-09-27,neutral,"AAPL, AMZN, LLY","TSLA, MSFT, AVGO",25.0,1.51,6275.1,1.01,370000.0,422093.94,52093.94,391960.93,21960.93,"I favor stocks with strong trend structure (4/4 EMA alignment, golden cross), supportive ADX, and either bullish MACD or only mild MACD deterioration. AAPL stands out with the strongest trend and bullish MACD, while AMZN, NVDA, GOOGL, and LLY have solid uptrends with generally constructive momentum and/or supportive news or volume trends. I am keeping a sizable cash position because several names show bearish MACD, weak volume ratios, or overbought/late-stage conditions, and I want to limit short-horizon downside risk over the next week.",18.0,-316.33,12.0,2728.64,6.0,9.7,3.0,-18.77,0.0,0.0,0.0,0.0,14.0,2677.86,10.0,569.31,0.0,0.0,12.0,624.69
38,2016-09-27,2016-10-04,neutral,"AAPL, GOOGL, MSFT","JPM, META, AVGO",20.0,0.21,900.28,-0.41,380000.0,432994.22,52994.22,400301.17,20301.17,"The portfolio emphasizes names with strong trend structure and supportive confirmation: AAPL, MSFT, GOOGL, AMZN, and LLY all have 4/4 EMA alignment, golden crosses, and generally bullish MACD/ADX setups, with AAPL/AMZN/GOOGL/MSFT also showing improving OBV. I reduced weights where short-term overbought or mixed signals raise pullback risk, especially NVDA and AMZN near/above upper Bollinger Bands, and kept minimal or zero exposure to weaker setups like JPM, which has bearish MACD, negative CCI, down OBV, and stronger -DI than +DI. Given several leaders are extended and many opportunities are concentrated in tech, I retain meaningful cash for 1-week risk control.",14.0,-48.15,8.0,914.32,4.0,-67.15,0.0,0.0,3.0,352.71,13.0,-688.21,11.0,1043.66,14.0,-592.44,3.0,-137.33,10.0,122.86
39,2016-10-04,2016-10-11,neutral,"AMZN, GOOGL, AAPL","META, MSFT, AVGO",18.0,-0.08,-340.64,-0.58,390000.0,442653.58,52653.58,407912.24,17912.24,"I favor stocks with strong trend structure, supportive moving-average alignment, and either bullish MACD or strong ADX/OBV confirmation. AMZN stands out with 4/4 EMA alignment, bullish MACD, and very strong ADX, while GOOGL and AAPL offer cleaner trend-following setups with less extreme momentum; LLY also has bullish MACD and solid trend support. I am keeping meaningful cash because several names show mixed short-term signals despite positive longer-term trends: META, MSFT, and JPM have bearish MACD or weak ADX, while NVDA and AMZN are technically strong but somewhat overbought, and TSLA has improving momentum but mixed EMA alignment.",12.0,1552.44,8.0,-1125.97,0.0,0.0,8.0,909.94,10.0,-2369.93,0.0,0.0,18.0,-289.69,14.0,523.78,0.0,0.0,12.0,458.79
40,2016-10-11,2016-10-18,neutral,"AAPL, AMZN, JPM","TSLA, NVDA, MSFT",18.0,-0.52,-2366.68,0.13,400000.0,450286.89,50286.89,418460.49,18460.49,"The strongest long setups are AAPL, AMZN, JPM, and LLY: all have 4/4 EMA alignment, golden crosses, and supportive MACD/ADX profiles, with AAPL and JPM also showing strong directional strength and AMZN showing the highest ADX. GOOGL and META retain smaller weights because their trend structure is positive but MACD is bearish or trend strength is weaker, while AVGO gets only a small allocation due to weak ADX and mixed directional readings. I am avoiding TSLA, NVDA, and MSFT because their MACD and directional indicators are bearish or mixed, and I keep elevated cash to manage short-horizon risk given several names are near upper Bollinger levels or showing overbought conditions.",18.0,819.69,0.0,0.0,6.0,-65.33,14.0,-565.91,0.0,0.0,0.0,0.0,18.0,-1308.94,10.0,666.48,4.0,105.77,12.0,-2018.45
41,2016-10-18,2016-10-25,neutral,"GOOGL, AAPL, AMZN","TSLA, LLY, META",20.0,1.86,8581.36,0.22,410000.0,468868.25,58868.25,429382.75,19382.75,"The strongest long setups are GOOGL and AAPL: both have full bullish trend alignment, golden crosses, and favorable ADX/MACD profiles, with GOOGL additionally showing strong volume and OBV confirmation. AMZN and NVDA retain positive longer-trend structure but have mixed short-term signals from bearish MACD or weak directional confirmation, so they receive smaller weights, while TSLA and LLY are avoided due to clearly bearish trend/momentum combinations and stronger downside directional readings. A 20% cash position reflects mixed breadth across the list, with several names showing bullish long-term trend but weakening short-term momentum and soft volume/OBV.",18.0,550.14,8.0,2907.81,4.0,532.71,6.0,448.73,0.0,0.0,8.0,2126.61,10.0,986.83,24.0,949.39,2.0,79.14,0.0,0.0
42,2016-10-25,2016-11-01,neutral,"GOOGL, AAPL, META","TSLA, LLY",20.0,-2.64,-12653.82,-1.48,420000.0,466214.43,46214.43,432899.78,12899.78,"The portfolio leans toward stocks with strong trend structure (4/4 EMA alignment, golden crosses), supportive MACD/ADX, and generally positive volume confirmation, with highest conviction in GOOGL, AAPL, META, MSFT, and AMZN. I reduced weights where momentum looks stretched or confirmation is weaker—especially NVDA and MSFT due to overbought readings, JPM due to weak volume/negative news, and held 20% cash for risk control given several names are near upper Bollinger bands. TSLA and LLY are avoided because their trend setups are materially weaker: TSLA has -4/4 EMA alignment and no golden cross, while LLY has bearish MACD, strong negative DI dominance, and price below key EMAs.",12.0,-3285.05,8.0,-1503.17,12.0,-1211.92,6.0,70.99,0.0,0.0,10.0,-934.33,10.0,-2853.67,14.0,-1866.7,8.0,-1069.97,0.0,0.0
43,2016-11-01,2016-11-08,neutral,"NVDA, MSFT, JPM","TSLA, LLY, AMZN",25.0,1.35,6406.43,1.47,430000.0,482620.86,52620.86,449406.5,19406.5,"I favor NVDA, MSFT, and JPM because they have the strongest technical setups: 4/4 EMA alignment, golden crosses, bullish MACD, and relatively constructive momentum, with NVDA also supported by positive recent news and strong volume. GOOGL gets a smaller position because news is mixed-positive and the longer-term trend is intact, but near-term MACD and momentum are weaker. I avoid AAPL, AMZN, TSLA, LLY, AVGO, and META due to bearish MACD/ADX combinations, weak OBV trends, and in several cases strong downside trend pressure despite some oversold readings; the elevated cash weight reflects mixed overall breadth and short 1-week horizon uncertainty.",0.0,0.0,24.0,3492.49,0.0,0.0,18.0,1317.42,0.0,0.0,22.0,1173.8,0.0,0.0,11.0,422.72,0.0,0.0,0.0,0.0
44,2016-11-08,2016-11-15,neutral,"MSFT, NVDA, JPM","LLY, TSLA, META",30.0,3.75,18456.22,1.95,440000.0,511077.09,71077.09,468354.02,28354.02,"I favor stocks with the strongest trend structure and relatively supportive confirmation: MSFT, NVDA, JPM, GOOGL, and AVGO all have positive EMA alignment and golden crosses, while MSFT/JPM/AVGO also show bullish MACD or stronger trend quality. I avoid AAPL, META, AMZN, TSLA, and LLY because their MACD setups are bearish and/or trend alignment is weak to strongly negative, with LLY and TSLA especially showing poor technical structure. Given several leaders are near upper Bollinger bands or overbought and some mixed volume confirmation exists, I keep a sizable cash buffer for risk control over the 1-week horizon.",0.0,0.0,16.0,16647.76,0.0,0.0,14.0,9188.33,0.0,0.0,18.0,-1763.04,0.0,0.0,12.0,-2680.6,10.0,-2936.23,0.0,0.0
45,2016-11-15,2016-11-22,neutral,"NVDA, JPM, LLY","TSLA, META, AMZN",30.0,2.1,10939.51,1.05,450000.0,532016.59,82016.59,483394.39,33394.39,"I favor NVDA and JPM because they have the strongest trend confirmation in the set: 4/4 EMA alignment, bullish MACD, strong ADX, rising OBV, above-average volume, and clearly positive news flow. MSFT and LLY get smaller allocations as more balanced risk-adjusted positions: MSFT has an intact longer trend but mixed short-term momentum, while LLY has improving MACD histogram, strong ADX, and steadier momentum without extreme overbought conditions. I avoid the large-cap tech names with 0/4 EMA alignment and bearish MACD (META, AMZN, GOOGL), as well as TSLA and AAPL where trend and volume remain weak; elevated overbought readings in NVDA and JPM justify keeping a meaningful 30% cash buffer.",0.0,0.0,24.0,10824.16,0.0,0.0,22.0,-1198.92,0.0,0.0,12.0,2389.85,0.0,0.0,0.0,0.0,0.0,0.0,12.0,-1075.6
46,2016-11-22,2016-11-30,neutral,"MSFT, AAPL, AVGO","META, TSLA, GOOGL",20.0,-2.25,-12202.39,-0.09,460000.0,529814.2,69814.2,492947.0,32947.0,"I favor stocks with the strongest trend confirmation from the most predictive indicators: MSFT, AAPL, and AVGO all show strong EMA alignment, bullish MACD, positive OBV trends, and relatively controlled volatility, while NVDA also has very strong trend strength but gets a smaller weight because momentum is extremely overbought and volatility is high. I avoid META, TSLA, and GOOGL because their trend structures are weaker or bearish by EMA/MACD, and I keep a meaningful cash buffer since several otherwise strong names are already near overbought levels with below-average volume, which raises short-horizon pullback risk over the next week.",14.0,-868.78,10.0,-759.3,0.0,0.0,8.0,905.55,0.0,0.0,16.0,-1220.23,10.0,-2399.05,0.0,0.0,14.0,-2799.18,8.0,-5061.39
47,2016-11-30,2016-12-07,neutral,"MSFT, JPM, NVDA","LLY, TSLA, META",30.0,1.64,8877.97,1.91,470000.0,548692.17,78692.17,512577.8,42577.8,"I favor MSFT, JPM, NVDA, and AAPL because they show the strongest combination of bullish MACD, supportive longer-term trend structure, and relatively better volume/OBV confirmation, with MSFT standing out as the cleanest balanced setup and JPM/NVDA showing very strong trend strength via high ADX. I avoid META, AMZN, TSLA, and LLY because their price is below key EMAs with weaker trend alignment; LLY is the clearest bearish case with -4/4 EMA alignment, bearish MACD, very strong negative ADX trend, and negative news. Given several mixed or overbought readings across the universe, I keep a sizable cash buffer for one-week risk control.",12.0,298.92,14.0,2352.43,0.0,0.0,16.0,4201.62,0.0,0.0,18.0,1789.8,0.0,0.0,5.0,542.34,5.0,-307.13,0.0,0.0
48,2016-12-07,2016-12-14,neutral,"MSFT, NVDA, JPM","LLY, META, AVGO",24.0,1.52,8478.74,0.57,480000.0,567170.91,87170.91,525555.97,45555.97,"I favor stocks with the strongest combination of trend strength, supportive MACD/OBV, and acceptable short-term risk. MSFT, NVDA, and JPM have the best primary trend setups, though JPM and NVDA are somewhat overbought, so position sizes are capped; AAPL, GOOGL, AMZN, and TSLA get smaller allocations due to mixed but improving momentum. I avoid META, AVGO, and LLY because their trend structures are weaker or clearly bearish, with LLY showing the strongest negative setup and AVGO/META lacking enough confirmation for a 1-week long allocation; elevated cash reflects mixed signals and overbought conditions across several leaders.",10.0,2093.27,14.0,1135.4,0.0,0.0,12.0,526.33,8.0,1281.97,14.0,1669.64,8.0,-92.82,10.0,1864.96,0.0,0.0,0.0,0.0
49,2016-12-14,2016-12-21,neutral,"AAPL, MSFT, GOOGL","LLY, AMZN, META",15.0,1.67,9631.09,0.54,490000.0,586802.0,96802.0,538450.24,48450.24,"The portfolio emphasizes names with the strongest trend confirmation: AAPL, MSFT, GOOGL, and AVGO all show bullish MACD, positive/mostly positive EMA structure, solid ADX, and supportive volume/OBV trends. I reduced exposure where signals are mixed or stretched near upper Bollinger Bands and overbought levels—especially NVDA, JPM, and TSLA—and avoided LLY due to -4/4 EMA alignment, price below key averages, weak volume, and a stronger bearish trend backdrop despite a mildly improving MACD histogram. Holding 15% cash helps manage short-horizon risk given several leaders are extended.",16.0,1499.15,6.0,3367.87,4.0,-224.7,8.0,1100.8,5.0,1308.65,16.0,1267.04,4.0,53.45,14.0,-562.16,12.0,1820.98,0.0,0.0
50,2016-12-21,2016-12-29,neutral,"AAPL, MSFT, AVGO","META, LLY",10.0,0.03,159.36,-0.63,500000.0,596961.36,96961.36,545000.72,45000.72,"The portfolio emphasizes stocks with the strongest combination of bullish trend structure and confirmation from MACD/ADX, especially AAPL, MSFT, GOOGL, and AVGO, all of which show strong EMA alignment, bullish MACD, and solid trend strength without the same degree of technical deterioration seen elsewhere. I reduced exposure to names with stretched overbought conditions or mixed signals such as NVDA, JPM, TSLA, and AMZN, and avoided META and LLY because their EMA alignment is negative/mixed, volume confirmation is weak or deteriorating, and their setups are less favorable for a 1-week risk-adjusted horizon. A 10% cash buffer is retained because several leading names are near upper Bollinger Bands and overbought, increasing short-term pullback risk.",16.0,-269.15,8.0,2526.39,0.0,0.0,7.0,-414.17,8.0,1604.5,16.0,-961.82,8.0,-337.67,14.0,-958.76,13.0,-1029.96,0.0,0.0
51,2016-12-29,2017-01-06,neutral,"AAPL, MSFT, AVGO","META, LLY, AMZN",25.0,-0.03,-153.31,1.27,510000.0,606808.05,96808.05,562075.96,52075.96,"The portfolio tilts toward stocks with the strongest trend structure and acceptable momentum: AAPL, MSFT, AVGO, and NVDA all have strong EMA/SMA setups, positive or improving MACD profiles, and generally supportive ADX readings, though NVDA gets a smaller weight because negative short-seller news and high ATR raise near-term risk. I am avoiding META due to clearly bearish trend signals and weak volume/OBV, and avoiding LLY because mixed trend alignment, no golden cross, and overbought short-term momentum reduce risk-adjusted appeal; elevated cash reflects mixed breadth, several bearish MACD/volume divergences, and the short 1-week horizon.",18.0,1104.39,12.0,-5444.82,0.0,0.0,6.0,299.58,8.0,3241.2,12.0,-69.45,4.0,978.56,5.0,844.05,10.0,-1106.82,0.0,0.0
52,2017-01-06,2017-01-13,neutral,"GOOGL, AAPL, MSFT","AVGO, NVDA, TSLA",12.0,1.25,7724.99,-0.07,520000.0,624533.04,104533.04,571672.99,51672.99,"The portfolio leans toward stocks with the strongest trend confirmation and better risk-adjusted setups: GOOGL, AAPL, and MSFT all have strong EMA/SMA trends, supportive OBV, and relatively moderate volatility, while AMZN and META have bullish momentum but are extended near or above upper Bollinger Bands so position sizes are smaller. I am underweight or avoiding names with weaker confirmation or higher reversal risk: NVDA has bearish MACD, weak volume, and mixed news after a huge prior run; TSLA is very overbought despite strong trend strength; AVGO has bearish trend pressure with ADX favoring sellers; and some cash is held because several growth names are short-term stretched.",16.0,945.82,4.0,78.97,8.0,1971.22,6.0,249.26,5.0,1177.0,14.0,-192.39,10.0,1638.9,17.0,728.1,0.0,0.0,8.0,1128.12
53,2017-01-13,2017-01-23,bullish,"AMZN, GOOGL, AAPL","NVDA, TSLA, META",15.0,0.49,3140.58,-0.4,530000.0,637673.62,107673.62,579367.27,49367.27,"The strongest 1-week setups are AMZN, GOOGL, AAPL, and JPM because they combine strong trend structure (4/4 EMA alignment or strong SMA trend), supportive ADX, and mostly constructive MACD/news, while volume/OBV confirmation is better than many peers. I am reducing exposure to names with short-term reversal risk or weaker confirmation—NVDA has bearish MACD, weak ADX, low volume, and falling OBV; META and TSLA are technically strong but very overbought near/above upper Bollinger Bands; MSFT and AVGO are more mixed with bearish MACD. Holding 15% cash reflects broad bullish trend conditions but elevated overbought readings across several tech names.",12.0,665.24,0.0,0.0,6.0,175.02,12.0,-2625.98,4.0,1192.47,8.0,210.49,16.0,91.95,16.0,1648.23,6.0,2225.87,5.0,-442.69
54,2017-01-23,2017-01-30,neutral,"GOOGL, MSFT, AMZN","JPM, NVDA, TSLA",15.0,1.05,6818.69,0.62,540000.0,654492.31,114492.31,593015.77,53015.77,"The strongest 1-week setups are GOOGL, MSFT, AAPL, and AMZN due to 4/4 EMA alignment, generally bullish longer-term trend structure, and mostly supportive MACD/ADX profiles, with GOOGL standing out on strong volume and positive news. I am trimming position sizes in names with stretched momentum or mixed confirmation—TSLA, AVGO, META, and AAPL are near overbought extremes, NVDA has bearish MACD and weak volume, and JPM has the weakest technical profile with bearish MACD and negative DI leadership. A 15% cash buffer is appropriate because many tech names are extended near upper Bollinger Bands, which raises short-term pullback risk over a 5-day horizon.",11.0,919.62,4.0,1215.35,9.0,926.83,3.0,538.5,4.0,177.97,12.0,2678.76,11.0,1088.85,16.0,-2528.02,7.0,2900.65,8.0,-1099.83
55,2017-01-30,2017-02-06,neutral,"AMZN, MSFT, JPM","LLY, GOOGL, TSLA",15.0,1.11,7385.24,0.61,550000.0,671877.55,121877.55,606672.83,56672.83,"The portfolio leans toward stocks with the strongest trend confirmation: AMZN, MSFT, AAPL, META, and JPM all show strong EMA/SMA structure, generally bullish MACD, and supportive ADX/OBV readings. I am trimming exposure where momentum looks stretched or mixed—AAPL, TSLA, AVGO, and NVDA are near overbought levels, while GOOGL and LLY have weaker technical setups with bearish MACD or poor EMA alignment; cash is held to manage short-horizon risk given several names are extended near upper Bollinger bands.",12.0,5677.37,8.0,3522.38,10.0,547.92,12.0,685.88,5.0,946.51,13.0,-1976.22,15.0,-2729.58,3.0,-53.48,7.0,764.46,0.0,0.0
56,2017-02-06,2017-02-13,neutral,"NVDA, AVGO, AAPL","TSLA, JPM",10.0,0.52,3533.34,1.68,560000.0,685410.89,125410.89,627016.71,67016.71,"The portfolio leans moderately bullish because many names show strong medium-term trend structure via positive EMA alignment, golden crosses, and generally solid ADX readings, but several are also stretched or showing short-term MACD deterioration. Highest weights go to NVDA, AVGO, and AAPL for strong trend strength and bullish trend confirmation, while GOOGL and AMZN get smaller contrarian allocations near lower Bollinger positions/oversold momentum despite weaker short-term technicals; cash is retained because multiple leaders are overbought and several mega-cap tech names are highly correlated.",12.0,2247.01,14.0,-7266.93,8.0,822.0,7.0,759.15,4.0,2415.68,8.0,925.74,8.0,1951.31,9.0,1295.18,12.0,59.44,8.0,324.75
57,2017-02-13,2017-02-21,neutral,"GOOGL, MSFT, JPM","NVDA, TSLA, AVGO",20.0,1.36,9445.62,1.6,570000.0,704856.51,134856.51,647197.16,77197.16,"The portfolio tilts toward names with strong trend structure and less extreme short-term momentum: GOOGL, MSFT, JPM, AAPL, and META all have 4/4 EMA alignment, golden crosses, and generally supportive ADX/OBV trends, though several show mild MACD softness. I reduced exposure or avoided stocks with weaker near-term confirmation or elevated reversal risk, especially NVDA with bearish MACD and down OBV, and TSLA/AVGO where momentum is stretched into overbought territory; a 20% cash buffer helps manage one-week horizon risk given many stocks are trading near upper Bollinger bands.",12.0,2134.93,0.0,0.0,10.0,-171.18,14.0,3158.71,0.0,0.0,14.0,242.13,8.0,1324.1,16.0,1367.33,0.0,0.0,6.0,1389.6
58,2017-02-21,2017-02-28,neutral,"MSFT, GOOGL, JPM","AVGO, NVDA, TSLA",15.0,-0.87,-6232.69,-0.01,580000.0,708623.82,128623.82,657141.52,77141.52,"The overall setup is moderately bullish because every stock shows strong longer-term trend structure with 4/4 EMA alignment and mostly positive ADX readings, but many names are also stretched near upper Bollinger Bands with overbought momentum, which raises short-term pullback risk over a 1-week horizon. I favor MSFT, GOOGL, and JPM because they combine strong trend alignment, bullish or improving MACD, solid ADX, and less extreme momentum than AAPL, AMZN, AVGO, or LLY; I keep meaningful cash due to widespread overbought conditions and mixed volume confirmation.",8.0,121.29,3.0,-1826.95,9.0,875.66,12.0,-367.61,5.0,-3530.6,14.0,-791.44,11.0,-1046.69,14.0,-511.44,4.0,-244.62,5.0,1089.71
59,2017-02-28,2017-03-07,neutral,"GOOGL, JPM, MSFT","NVDA, TSLA",15.0,0.91,6543.11,0.22,590000.0,725166.93,135166.93,668636.84,78636.84,"The strongest 1-week setups are GOOGL, JPM, and MSFT: all have solid trend structure with 4/4 EMA alignment and golden crosses, while GOOGL and JPM also show positive or improving MACD and reasonable momentum without the extreme overbought conditions seen in AAPL and LLY. I reduced exposure to names with bearish trend/momentum combinations or weak confirmation, especially NVDA and TSLA, and kept a meaningful cash buffer because several otherwise bullish stocks show negative MACD histograms, low volume confirmation, or stretched Bollinger/RSI readings that raise short-term pullback risk.",8.0,1061.78,0.0,0.0,8.0,746.52,16.0,1002.39,0.0,0.0,10.0,471.73,10.0,83.34,18.0,952.24,8.0,2267.64,7.0,-42.53
60,2017-03-07,2017-03-14,neutral,"MSFT, JPM, AVGO","NVDA, TSLA",10.0,0.96,7039.05,-0.04,600000.0,742205.98,142205.98,678350.41,78350.41,"I favor stocks with strong trend structure (4/4 EMA alignment, golden cross), supportive ADX, and either bullish or only mildly negative MACD while avoiding names with clearer short-term technical deterioration. MSFT, JPM, AVGO, LLY, and GOOGL offer the best balance of trend strength, moderate momentum, and lower near-term reversal risk, while AAPL and META remain in uptrends but look extended with overbought readings and weakening MACD/OBV. I am avoiding NVDA and TSLA because both have weaker EMA alignment, bearish MACD, negative DI control, low volume confirmation, and price sitting closer to lower Bollinger ranges; I keep 10% cash for 1-week risk control given several leaders show late-stage momentum cooling.",6.0,-167.57,0.0,0.0,8.0,865.29,14.0,112.58,0.0,0.0,16.0,18.27,8.0,452.56,12.0,1529.87,14.0,2394.13,12.0,1833.92
61,2017-03-14,2017-03-21,neutral,"GOOGL, AVGO, META",NVDA,10.0,-1.57,-11831.55,-0.91,610000.0,740374.43,130374.43,682094.12,72094.12,"The strongest setups are GOOGL, AVGO, and META due to 4/4 EMA alignment, golden crosses, strong ADX, and bullish or improving momentum/OBV, though overbought readings argue for position sizing discipline rather than maximum concentration. JPM, MSFT, AMZN, AAPL, and LLY have solid trend structures but mixed MACD or softer volume confirmation, while NVDA is the weakest with only 2/4 EMA alignment, bearish MACD, and weaker trend balance; a 10% cash buffer helps manage short-horizon pullback risk given several names are near upper Bollinger bands.",8.0,368.03,0.0,0.0,12.0,-524.81,10.0,-3386.63,6.0,-1280.5,8.0,-186.85,8.0,-658.56,16.0,-2191.9,14.0,-3450.2,8.0,-520.13
62,2017-03-21,2017-03-28,neutral,"AAPL, NVDA, LLY","JPM, GOOGL",10.0,2.37,17760.33,0.68,620000.0,768134.75,148134.75,696802.32,76802.32,"I favor stocks with the strongest trend structure and acceptable momentum: AAPL, NVDA, META, AVGO, and LLY all have 4/4 EMA alignment and golden crosses, with AAPL/NVDA also supported by stronger volume or OBV and constructive news. I reduce exposure where MACD is bearish, OBV is weakening, or directional indicators show downside pressure; JPM and GOOGL look weakest due to bearish MACD, negative DI dominance, and poor price positioning, while a 10% cash buffer helps manage the mixed short-term momentum backdrop.",20.0,4249.77,18.0,2270.04,12.0,2112.82,0.0,0.0,6.0,4807.93,8.0,1009.69,6.0,683.45,0.0,0.0,10.0,1712.49,10.0,914.13
63,2017-03-28,2017-04-04,neutral,"TSLA, MSFT, NVDA","JPM, GOOGL",10.0,1.55,12054.01,0.07,630000.0,790188.76,160188.76,707282.97,77282.97,"I favor stocks with strong trend structure (4/4 EMA alignment, golden cross), supportive ADX, and either bullish or only mildly negative momentum signals. TSLA, MSFT, NVDA, LLY, AAPL, and AVGO stand out most, though AAPL and META are sized smaller because they are notably overbought and showing bearish MACD histograms; cash is retained because several large-cap names show mixed momentum and two names, JPM and GOOGL, have clearly weaker technical setups with bearish MACD and poor directional confirmation.",10.0,524.91,12.0,-5991.54,8.0,-13.18,0.0,0.0,18.0,13251.71,14.0,734.15,6.0,2772.38,0.0,0.0,10.0,-700.81,12.0,1476.39
64,2017-04-04,2017-04-11,neutral,"MSFT, META, AMZN","NVDA, JPM, LLY",25.0,-0.49,-3938.72,-0.18,640000.0,796250.04,156250.04,716003.31,76003.31,"I favor stocks with strong trend structure and better short-term confirmation: MSFT, META, and AMZN/META show 4/4 EMA alignment, golden crosses, and solid ADX or MACD support, while MSFT stands out for having bullish MACD, neutral momentum, low ATR, and improving OBV. I am keeping meaningful cash because several leaders are extended or showing short-term exhaustion—AAPL, TSLA, AMZN, and LLY are near or above upper Bollinger Bands with overbought momentum, while NVDA and JPM have bearish trend/momentum mixes with weak OBV and negative MACD setups. The portfolio stays diversified across tech and healthcare, but avoids forcing exposure where the 1-week risk/reward looks less attractive based on the provided indicators and news.",8.0,-1388.46,0.0,0.0,14.0,-1430.67,0.0,0.0,8.0,1056.03,18.0,-547.86,10.0,-394.43,8.0,-952.83,4.0,-206.12,5.0,-74.38
65,2017-04-11,2017-04-19,neutral,"AMZN, LLY, MSFT","NVDA, JPM, GOOGL",30.0,-1.28,-10321.69,-0.69,650000.0,795928.35,145928.35,720999.98,70999.98,"I favor stocks with the strongest trend structure and better short-term confirmation: AMZN and TSLA have 4/4 EMA alignment, golden crosses, strong ADX, and bullish/positive MACD profiles, while MSFT and LLY also show solid uptrends with lower volatility. AAPL remains investable due to strong longer-term trend alignment, but its bearish MACD, negative DI dominance, and weakening OBV reduce conviction. I avoid NVDA, META, JPM, GOOGL, and AVGO because their MACD/ADX setups are bearish or weak, several are below key short-term averages, and volume/OBV confirmation is generally poor; elevated cash reflects mixed breadth and the short 1-week horizon.",8.0,-432.66,0.0,0.0,0.0,0.0,0.0,0.0,12.0,-999.75,14.0,-758.46,20.0,-564.69,0.0,0.0,0.0,0.0,16.0,-7566.12
66,2017-04-19,2017-04-26,neutral,"TSLA, GOOGL, META","LLY, JPM, NVDA",22.0,1.98,15929.42,2.12,660000.0,821857.78,161857.78,746532.01,86532.01,"I favor stocks with the strongest trend structure and better confirmation from ADX, EMA alignment, and price vs moving averages: TSLA, GOOGL, META, and AMZN stand out, with TSLA showing bullish MACD and very strong trend strength, while GOOGL has 4/4 EMA alignment and positive MACD histogram. AAPL and MSFT get smaller allocations because they are near lower Bollinger ranges and oversold, which supports rebound potential, but both still have bearish MACD and weaker volume/OBV confirmation. I avoid NVDA, JPM, AVGO, and LLY because their short-term technicals are mostly bearish with weak EMA alignment and negative MACD, and I keep meaningful cash due to several names showing late-cycle momentum or mixed confirmation over a 1-week horizon.",8.0,1374.93,0.0,0.0,14.0,3402.28,0.0,0.0,18.0,2207.91,8.0,2765.74,14.0,1266.08,16.0,4912.49,0.0,0.0,0.0,0.0
67,2017-04-26,2017-05-03,neutral,"MSFT, GOOGL, AVGO","LLY, TSLA",18.0,1.94,16117.51,0.03,670000.0,847975.29,177975.29,756785.69,86785.69,"The strongest setups are MSFT, GOOGL, and AVGO, supported by strong trend structure (4/4 EMA alignment or strong SMA trend), bullish or improving MACD, solid ADX, and generally positive OBV trends. AAPL and AMZN have good trend support but slightly weaker near-term momentum due to bearish MACD histograms, while META is technically very strong but extremely overbought, so position size is moderated; LLY is avoided because of weak trend alignment, bearish MACD, strong negative ADX/-DI configuration, lower Bollinger position, and falling OBV. Given several names are extended near upper Bollinger Bands and overbought readings are common across leaders, I keep a meaningful cash buffer for 1-week risk control.",10.0,1956.91,6.0,110.36,8.0,2379.33,8.0,-1076.14,6.0,136.78,12.0,1839.57,10.0,2903.71,12.0,6658.67,10.0,1208.33,0.0,0.0
68,2017-05-03,2017-05-10,bullish,"AAPL, AMZN, AVGO","LLY, JPM",20.0,2.59,22259.79,0.58,680000.0,880235.07,200235.07,771254.86,91254.86,"The strongest long setups are AAPL, MSFT, AMZN, and AVGO, supported by bullish MACD, positive EMA/SMA structure, golden crosses, and generally rising OBV; AAPL and AMZN also have supportive recent news catalysts. I am trimming or underweighting names with stretched short-term momentum and elevated overbought readings such as GOOGL, META, and AMZN, while keeping cash due to broad tech concentration and the risk of near-term pullbacks after strong runs. LLY is avoided because its technical profile is the weakest here, with bearish MACD, negative DI trend control, price below key moving averages, and declining OBV.",12.0,4340.64,8.0,11219.08,8.0,-682.76,4.0,169.62,7.0,2742.03,11.0,314.22,12.0,866.52,6.0,346.83,12.0,2943.61,0.0,0.0
69,2017-05-10,2017-05-17,bullish,"MSFT, AAPL, AVGO","LLY, TSLA, JPM",15.0,-1.04,-9253.92,-1.69,690000.0,880981.15,190981.15,768064.16,78064.16,"The overall setup is moderately bullish because most names show strong trend structure with 4/4 EMA alignment, golden crosses, and positive MACD, especially MSFT, AAPL, AMZN, GOOGL, META, and AVGO. I am tilting toward stocks with strong trend and ADX support but reducing size where momentum is stretched near upper Bollinger Bands or clearly overbought, such as NVDA, GOOGL, AAPL, and TSLA; I am avoiding LLY due to weak trend alignment, bearish MACD, negative directional bias, and no supportive news, while keeping 15% in cash for short-horizon risk control.",12.0,-1665.79,8.0,3775.56,10.0,-3222.36,4.0,-1287.04,5.0,-2615.52,14.0,-2595.15,10.0,-393.07,10.0,-1181.28,12.0,-69.26,0.0,0.0
70,2017-05-17,2017-05-24,neutral,"NVDA, AVGO, GOOGL","JPM, LLY, META",10.0,3.95,35172.05,2.03,700000.0,926153.2,226153.2,793868.43,93868.43,"I favor stocks with the strongest trend structure and confirmation from the most predictive indicators: NVDA, AVGO, GOOGL, AAPL, and AMZN all have 4/4 EMA alignment, golden crosses, and strong ADX readings, while NVDA and AVGO also have bullish MACD and supportive volume/OBV. MSFT gets a smaller weight because its longer-term trend remains constructive despite short-term bearish MACD, while META, JPM, TSLA, and LLY are avoided due to weaker EMA alignment, bearish MACD, negative OBV trends, and stronger downside directional signals; 10% is held in cash to manage concentration and short-horizon risk.",14.0,2565.32,20.0,15341.63,0.0,0.0,0.0,0.0,0.0,0.0,8.0,1362.62,14.0,4698.98,16.0,5362.33,18.0,5841.17,0.0,0.0
71,2017-05-24,2017-06-01,neutral,"AAPL, MSFT, AMZN","JPM, LLY, TSLA",18.0,1.12,10522.26,1.14,710000.0,946675.47,236675.47,813056.08,103056.08,"The strongest risk-adjusted setups are AAPL, MSFT, AMZN, GOOGL, and AVGO because they all have 4/4 EMA alignment, golden crosses, and generally positive OBV trends, with AMZN and AVGO also showing bullish MACD. I am moderating exposure where momentum looks stretched or mixed—especially NVDA, AMZN, and GOOGL with overbought readings, and AAPL/MSFT/META with bearish MACD histograms—while avoiding JPM and LLY due to weak or negative trend structure, bearish MACD, and less supportive directional signals. Holding meaningful cash is appropriate because many growth names are extended near upper Bollinger Bands, which raises short-horizon pullback risk over a 1-week horizon.",16.0,-156.29,8.0,3129.32,4.0,371.86,0.0,0.0,3.0,2729.52,16.0,2896.78,14.0,2085.54,12.0,1227.25,9.0,-1761.71,0.0,0.0
72,2017-06-01,2017-06-08,neutral,"MSFT, META, NVDA","JPM, AVGO, LLY",25.0,2.93,28004.01,0.17,720000.0,984679.48,264679.48,824476.42,104476.42,"The strongest risk-adjusted setups are MSFT, META, and NVDA: all have 4/4 EMA alignment, golden crosses, supportive or bullish MACD, and generally positive OBV trends, with MSFT standing out for strong ADX and relatively moderate volatility. I am trimming exposure to names that look extended or less confirmed over a 1-week horizon—AMZN, GOOGL, TSLA, and NVDA have overbought momentum, while AAPL and AVGO show weaker MACD/volume confirmation; JPM is avoided because it has 0/4 EMA alignment, bearish MACD, strong negative DI dominance, and falling OBV. Given the short horizon and concentration of bullish signals in large-cap tech, I keep a meaningful cash buffer for risk control.",8.0,904.32,10.0,10324.88,10.0,2007.69,0.0,0.0,8.0,6662.47,16.0,4039.57,8.0,1100.42,8.0,1238.28,2.0,1660.59,5.0,65.79
73,2017-06-08,2017-06-15,bullish,"MSFT, AAPL, GOOGL","JPM, TSLA, NVDA",15.0,-3.04,-30241.1,-0.0,730000.0,964438.37,234438.37,834442.27,104442.27,"The overall setup is moderately bullish because most names show 4/4 EMA alignment, golden crosses, positive OBV trends, and generally strong ADX readings, but several stocks are also short-term stretched near or above upper Bollinger Bands with overbought RSI/stochastic readings. I favor MSFT, AAPL, and GOOGL for combining strong trend structure with comparatively better balance between momentum and risk, while keeping smaller weights in very extended names like NVDA and TSLA and a meaningful cash buffer due to broad tech crowding and short-horizon mean-reversion risk.",14.0,-9613.75,6.0,-2824.72,8.0,-2525.44,4.0,758.75,5.0,717.78,16.0,-4534.47,9.0,-4084.97,10.0,-4367.86,8.0,-4977.16,5.0,1210.74
74,2017-06-15,2017-06-22,neutral,"JPM, LLY, NVDA","AAPL, AMZN, GOOGL",30.0,1.55,15117.24,0.1,740000.0,989555.61,249555.61,845322.79,105322.79,"The setup is mixed to slightly cautious: several large-cap tech names show bearish MACD, weak OBV, and downside pressure after the recent tech selloff news, so I am keeping a large cash buffer. I favor JPM, LLY, NVDA, and a smaller TSLA position because they have the strongest combination of trend strength and/or bullish MACD/ADX, with JPM and LLY offering lower ATR-based volatility than the momentum tech names. I avoid AAPL, AMZN, GOOGL, META, MSFT, and AVGO because their short-term momentum and volume confirmation are weaker, with many sitting near lower Bollinger ranges and showing bearish MACD histograms.",0.0,0.0,18.0,6906.85,0.0,0.0,22.0,1114.33,12.0,2264.88,0.0,0.0,0.0,0.0,0.0,0.0,0.0,0.0,18.0,4831.18
75,2017-06-22,2017-06-29,neutral,"LLY, META, AMZN","AAPL, MSFT, GOOGL",20.0,-1.67,-16703.37,-0.61,750000.0,982852.24,232852.24,850075.05,100075.05,"The best risk-adjusted setups are in names with strong trend structure and either bullish or improving confirmation: LLY has the strongest trend and MACD/ADX profile with strong volume, META has 4/4 EMA alignment with bullish MACD and low ATR, and AMZN/JPM offer constructive trend setups with less extreme momentum than TSLA or NVDA. I am avoiding or underweighting stocks where bearish MACD, weak volume, or trend conflict reduce short-horizon conviction, including AAPL and MSFT, while keeping elevated cash because many tech names are extended or showing mixed momentum/volume signals despite positive longer-term trend alignment.",0.0,0.0,8.0,-5902.52,14.0,-2152.89,12.0,5692.75,6.0,-3426.51,0.0,0.0,14.0,-3545.61,0.0,0.0,11.0,-4505.44,15.0,-2863.15
76,2017-06-29,2017-07-07,neutral,"LLY, JPM, MSFT","GOOGL, AAPL, AMZN",40.0,0.58,5757.23,0.31,760000.0,998609.47,238609.47,862783.17,102783.17,"The strongest long setups are LLY and JPM: both have 4/4 EMA alignment, golden crosses, positive MACD, strong ADX, and supportive OBV trends, though JPM is sized smaller because RSI 72.2 and price above the upper Bollinger Band raise short-term pullback risk. MSFT gets a smaller tactical allocation because it is near the lower Bollinger Band with oversold stochastic and Williams %R, which could support a short-term bounce despite bearish trend and OBV; most other names show bearish MACD, weak/negative DI structure, and declining OBV, so a large cash position is warranted for risk-adjusted discipline.",0.0,0.0,0.0,0.0,0.0,0.0,18.0,6305.88,0.0,0.0,8.0,1124.93,0.0,0.0,0.0,0.0,0.0,0.0,34.0,-1673.57
77,2017-07-07,2017-07-14,neutral,"JPM, NVDA, AVGO","TSLA, AAPL, GOOGL",35.0,2.53,25478.29,1.42,770000.0,1034087.76,264087.76,885219.96,115219.96,"I favor names with strong trend structure and better confirmation while keeping a large cash buffer because many stocks show mixed short-term signals, especially bearish MACD readings across much of the universe. JPM stands out with the strongest trend strength (ADX 59.99), bullish MACD, and strong price leadership despite overbought risk; NVDA, AVGO, AMZN, META, and LLY have constructive longer-trend setups via 4/4 EMA alignment and golden crosses, but weaker momentum confirmation keeps position sizes moderate. I avoid TSLA, AAPL, MSFT, and GOOGL due to bearish MACD/trend pressure and weaker near-term setups, with TSLA the clearest avoid given strong downtrend readings, oversold breakdown, high volatility, and falling OBV.",0.0,0.0,12.0,15001.37,8.0,4544.87,18.0,-3095.16,0.0,0.0,0.0,0.0,10.0,2375.3,0.0,0.0,12.0,5389.46,5.0,1262.46
78,2017-07-14,2017-07-21,bullish,"NVDA, META, MSFT",TSLA,8.0,1.27,13288.59,0.54,780000.0,1057376.36,277376.36,900032.47,120032.47,"The strongest setups are NVDA, META, MSFT, and GOOGL because they combine 4/4 EMA alignment, bullish MACD, solid ADX, and generally supportive or at least non-negative news/OBV trends. I am trimming position sizes in names showing short-term overbought conditions near or above the upper Bollinger Band such as AAPL, META, MSFT, AVGO, and LLY, while avoiding TSLA due to bearish MACD, weak EMA structure, strong negative directional trend, and unfavorable news sentiment. A modest cash buffer is appropriate given broad bullish trends but stretched momentum across many names.",8.0,689.33,16.0,3190.12,12.0,3493.13,8.0,-1231.41,0.0,0.0,12.0,1738.71,8.0,1989.36,12.0,2171.28,8.0,941.11,8.0,306.97
79,2017-07-21,2017-07-28,bullish,"MSFT, GOOGL, AMZN","JPM, TSLA",15.0,-0.81,-8635.51,0.01,790000.0,1058740.85,268740.85,910142.78,120142.78,"The portfolio leans toward stocks with the strongest trend confirmation: broad 4/4 EMA alignment, bullish MACD, strong ADX, and golden cross support, especially MSFT, GOOGL, AMZN, and AAPL. I am trimming position sizes where momentum is stretched near upper Bollinger Bands and overbought stochastic/RSI readings, while avoiding JPM and TSLA because their MACD and directional signals are bearish; a 15% cash buffer helps manage short-horizon pullback risk given many names are extended.",11.0,-601.62,8.0,-1884.55,8.0,4164.86,0.0,0.0,0.0,0.0,14.0,-1518.79,13.0,-761.67,14.0,-5339.23,8.0,-924.38,9.0,-1770.13
80,2017-07-28,2017-08-04,neutral,"MSFT, AMZN, AAPL","NVDA, GOOGL, JPM",30.0,-0.21,-2192.14,0.2,800000.0,1066548.71,266548.71,922006.3,122006.3,"I favor names with the cleanest trend structure and supportive momentum: MSFT, AMZN, AAPL, and AVGO all have 4/4 EMA alignment, golden crosses, and bullish or improving MACD, while AAPL/MSFT/AMZN also show strong ADX readings. META has the strongest trend and volume confirmation, but its RSI, stochastic, and Bollinger position indicate an overbought setup, so I keep it smaller. I avoid NVDA, JPM, GOOGL, and LLY because bearish MACD and/or weak directional confirmation outweigh their longer-term uptrends, and I keep a sizable cash buffer given mixed volume/OBV signals across many names and the short 1-week horizon.",14.0,6895.68,0.0,0.0,8.0,-1403.08,0.0,0.0,0.0,0.0,18.0,-948.29,18.0,-6121.75,0.0,0.0,12.0,-614.7,0.0,0.0
81,2017-08-04,2017-08-11,neutral,"AAPL, META, NVDA","AMZN, GOOGL, LLY",30.0,-0.95,-10187.45,-1.33,810000.0,1066361.26,256361.26,919612.77,109612.77,"I favor AAPL, META, and NVDA because they show the strongest combination of 4/4 EMA alignment, golden crosses, positive or near-positive momentum, and solid ADX trend strength; AAPL and META also have bullish MACD, while NVDA retains a strong broader uptrend despite a slightly bearish MACD histogram. I keep moderate exposure to TSLA for strong sentiment and trend strength but size it smaller due to extreme overbought readings and high volatility, while JPM, MSFT, and AVGO receive limited weights because of mixed momentum or weakening MACD. I avoid AMZN, GOOGL, and LLY because their 2/4 EMA alignment, bearish MACD, weaker price positioning, and softer volume/OBV profiles make their near-term risk/reward less attractive, and I hold elevated cash to manage one-week horizon risk and sector concentration.",20.0,2352.03,12.0,-8691.68,16.0,-1563.88,6.0,-1544.83,8.0,231.65,4.0,-106.65,0.0,0.0,0.0,0.0,4.0,-864.09,0.0,0.0
82,2017-08-11,2017-08-18,neutral,"AAPL, TSLA, META","NVDA, AMZN, GOOGL",38.0,-0.53,-5671.03,-0.58,820000.0,1070690.23,250690.23,924243.35,104243.35,"AAPL and TSLA receive the largest weights because they show the strongest bullish technical setups: 4/4 EMA alignment, golden crosses, positive MACD histograms, and solid ADX readings, with AAPL also supported by rising OBV. META and MSFT retain smaller positions because their longer-term trends remain positive, but bearish MACD and weak volume/OBV reduce conviction. I am holding a large cash buffer because several major names including NVDA, AMZN, GOOGL, AVGO, JPM, and LLY show bearish MACD, weak EMA alignment, and declining OBV, which argues for a cautious one-week posture despite some oversold readings.",24.0,32.8,0.0,0.0,12.0,-514.87,0.0,0.0,18.0,-5635.81,8.0,446.85,0.0,0.0,0.0,0.0,0.0,0.0,0.0,0.0
83,2017-08-18,2017-08-25,neutral,"AAPL, MSFT, AVGO","LLY, GOOGL, AMZN",30.0,0.2,2164.72,0.76,830000.0,1082854.95,252854.95,941364.42,111364.42,"I favor AAPL and MSFT because both have strong 4/4 EMA alignment, golden crosses, prices above key moving averages, and relatively stable volatility; AAPL also has a slightly bullish MACD while MSFT has supportive OBV. AVGO and META receive smaller allocations because their longer-term trend structure is constructive, but bearish MACD/weak volume reduce conviction; TSLA gets a modest weight due to bullish MACD but only mixed trend confirmation. I am avoiding NVDA, AMZN, GOOGL, JPM, and LLY because their MACD and directional indicators are bearish, OBV is weak, and several are near lower Bollinger ranges with strong negative DI, so I keep a sizable cash buffer for risk control over the 1-week horizon.",22.0,3562.55,0.0,0.0,8.0,-562.9,0.0,0.0,8.0,146.8,20.0,983.97,0.0,0.0,0.0,0.0,12.0,-1965.7,0.0,0.0
84,2017-08-25,2017-09-01,neutral,"AAPL, MSFT, JPM","AMZN, META, LLY",28.0,1.42,15504.44,1.34,840000.0,1108359.4,268359.4,964123.96,124123.96,"I favor AAPL and MSFT because both show strong primary uptrends with 4/4 EMA alignment, golden crosses, neutral-to-positive momentum, and relatively contained volatility; AAPL also has supportive news and rising OBV. JPM is included as a lower-volatility diversifier with solid trend structure, while NVDA and TSLA get smaller weights due to positive longer-term trend but weaker short-term confirmation from bearish MACD and light volume. I avoid META, AMZN, AVGO, and LLY because their short-term setups are weaker, with bearish MACD, poor EMA alignment or stronger negative directional pressure; elevated cash reflects mixed market breadth and several conflicting signals across the universe.",22.0,6301.76,8.0,3549.2,0.0,0.0,12.0,-271.12,6.0,1384.71,18.0,3025.52,0.0,0.0,6.0,1514.37,0.0,0.0,0.0,0.0
85,2017-09-01,2017-09-11,neutral,"AAPL, MSFT, NVDA","META, JPM",15.0,-0.13,-1455.88,0.55,850000.0,1116903.51,266903.51,979508.41,129508.41,"I favor AAPL and MSFT most because both show strong 4/4 EMA alignment, golden crosses, bullish MACD, and supportive OBV trends; AAPL has stronger ADX while MSFT has the best volume confirmation. NVDA also has a strong trend structure and positive news flow, though its low ADX and overbought short-term momentum warrant a smaller weight. I avoid META and JPM because META’s MACD is bearish despite strong trend readings, while JPM has weak ADX, bearish MACD, and declining OBV; I keep some cash because many tech names are near upper Bollinger Bands or overbought, which raises 1-week pullback risk.",18.0,-3129.13,14.0,-1341.1,0.0,0.0,0.0,0.0,8.0,2086.94,18.0,2232.52,8.0,-26.52,10.0,-1022.04,6.0,-1324.9,3.0,1068.34
86,2017-09-11,2017-09-18,neutral,"MSFT, META, TSLA","JPM, AVGO",15.0,1.08,12127.94,0.7,860000.0,1139031.46,279031.46,996454.35,136454.35,"The strongest 1-week setups are MSFT, META, and TSLA: all have strong long-term trend structure (4/4 EMA alignment for MSFT/META/TSLA), supportive or bullish MACD for MSFT and META, and improving volume/OBV. I sized AAPL, NVDA, GOOGL, AMZN, and LLY more moderately because trend is positive but several show mixed short-term signals such as bearish/flat MACD, overbought momentum, weak ADX, or less consistent EMA alignment. I avoid JPM and AVGO due to the clearest bearish technical profiles, and keep 15% in cash because many growth names are extended near upper Bollinger Bands, suggesting upside exists but short-term pullback risk is elevated.",10.0,-1974.66,8.0,9895.47,12.0,-2727.81,0.0,0.0,12.0,7923.56,16.0,964.71,8.0,-347.53,9.0,-1455.81,0.0,0.0,10.0,-149.99
87,2017-09-18,2017-09-25,neutral,"MSFT, LLY, NVDA","META, AMZN, GOOGL",15.0,-2.97,-34120.43,-0.32,870000.0,1114911.02,244911.02,1003270.35,133270.35,"I favor MSFT, LLY, NVDA, JPM, TSLA, AVGO, and to a lesser extent AAPL because they show the strongest combination of bullish trend structure, positive MACD, and generally supportive ADX/OBV signals. MSFT and LLY stand out as higher-quality risk-adjusted setups with strong trend alignment but less extreme overbought conditions than NVDA and TSLA, while AAPL gets only a small weight due to bearish MACD despite oversold momentum. I avoid META, AMZN, and GOOGL because their EMA alignment and/or MACD are weak, ADX does not confirm strong upside, and volume/OBV trends are not supportive; I keep 15% in cash to manage short-horizon risk given several leaders are already extended near upper Bollinger bands.",8.0,-4704.19,12.0,-12167.33,0.0,0.0,10.0,1483.93,10.0,-11940.98,18.0,-5228.41,0.0,0.0,0.0,0.0,10.0,-6581.77,17.0,5018.31
88,2017-09-25,2017-10-02,neutral,"LLY, JPM, GOOGL","AMZN, AVGO",20.0,2.12,23819.76,1.36,880000.0,1148730.78,268730.78,1027069.33,147069.33,"I favor JPM and LLY because they have the strongest trend setups: 4/4 EMA alignment, bullish MACD, positive ADX trend strength, golden crosses, and supportive OBV trends. GOOGL and NVDA get moderate allocations due to relatively better balance between technicals and news, while AAPL, META, TSLA, and MSFT only receive small tactical positions because they are oversold but still have bearish MACD/OBV pressure. I avoid AMZN and AVGO because their trend indicators are notably weaker, with bearish MACD, poor EMA alignment, strong negative DI readings, and declining OBV; I keep 20% in cash given the broadly mixed-to-weak short-term technical backdrop across mega-cap tech.",3.0,730.75,8.0,4210.24,2.0,911.7,22.0,7151.92,4.0,-451.28,6.0,1243.74,0.0,0.0,12.0,4795.45,0.0,0.0,23.0,5227.24
89,2017-10-02,2017-10-09,neutral,"GOOGL, MSFT, NVDA","TSLA, AMZN, AVGO",25.0,1.55,17982.25,0.65,890000.0,1176713.03,286713.03,1043768.89,153768.89,"I favor stocks with the strongest trend structure and confirmation from the most predictive indicators: GOOGL, MSFT, NVDA, and LLY all have 4/4 EMA alignment and generally constructive trend setups, with GOOGL and LLY also showing bullish MACD and strong ADX. I keep positions smaller in JPM and META because trend is positive but momentum is stretched or mixed, while AAPL gets only a small weight due to bearish MACD and weak directional setup. I avoid TSLA, AMZN, and AVGO because their EMA alignment and MACD are bearish, and TSLA also has negative news plus weak OBV; elevated cash reflects several overbought readings across leaders and mixed short-term momentum.",3.0,458.8,14.0,5790.97,8.0,1657.38,8.0,127.87,0.0,0.0,14.0,3652.82,0.0,0.0,18.0,5355.09,0.0,0.0,10.0,939.32
90,2017-10-09,2017-10-16,neutral,"NVDA, GOOGL, JPM",TSLA,10.0,1.81,21435.67,0.53,900000.0,1208148.69,308148.69,1059329.2,159329.2,"The strongest 1-week setups are in NVDA, GOOGL, JPM, MSFT, and LLY, which combine bullish MACD, favorable EMA/SMA trends, and generally positive ADX readings; NVDA and GOOGL stand out with 4/4 EMA alignment and strong directional strength, while JPM and LLY show especially strong trend confirmation. I reduced weights in names that are extended near upper Bollinger bands or showing weaker confirmation from volume/overbought momentum, and I avoided TSLA because its MACD is bearish, price is below key short EMAs, ADX favors sellers, and recent news is negative due to production bottlenecks. A 10% cash buffer is kept because many growth names are technically strong but short-term overbought, which raises pullback risk over a 5-day horizon.",6.0,1845.88,14.0,11237.94,7.0,972.77,12.0,2112.24,0.0,0.0,11.0,2327.05,10.0,1838.17,14.0,2852.95,4.0,48.16,12.0,-1799.49
91,2017-10-16,2017-10-23,bullish,"MSFT, AAPL, GOOGL",TSLA,15.0,-0.8,-9750.59,0.32,910000.0,1208398.11,298398.11,1072763.98,162763.98,"Most names show strong bullish trend structure with 4/4 EMA alignment, golden crosses, positive MACD, and generally rising OBV, which supports a moderately bullish 1-week stance. I overweight AAPL, MSFT, GOOGL, JPM, and AMZN because they combine strong trend and ADX support with fewer technical flaws than peers, while keeping some cash because many tech names are overbought near upper Bollinger Bands. I avoid TSLA due to weak 2/4 EMA alignment, low ADX, negative DI leadership, and falling OBV; I keep NVDA and META smaller despite strong trends because their momentum is especially stretched.",13.0,-3674.72,8.0,-644.98,8.0,-1814.8,12.0,2241.02,0.0,0.0,13.0,2406.47,11.0,-5331.42,12.0,-3448.23,3.0,-355.56,5.0,871.63
92,2017-10-23,2017-10-30,neutral,"MSFT, JPM, NVDA","TSLA, AMZN, AVGO",25.0,2.44,29775.12,0.25,920000.0,1248173.22,328173.22,1085469.95,165469.95,"I favor MSFT, JPM, NVDA, and LLY because they show the strongest trend structure: 4/4 EMA alignment, golden crosses, bullish or still-strong MACD setups, and high ADX readings indicating durable trends. I reduce exposure where momentum is stretched or confirmation is weak, and avoid TSLA and AMZN due to bearish MACD, weak/negative trend signals, and declining OBV; AAPL, META, and GOOGL receive smaller weights because their signals are mixed rather than decisively bullish.",8.0,6584.66,12.0,5368.82,4.0,2447.17,14.0,3554.41,0.0,0.0,18.0,14077.4,0.0,0.0,8.0,4706.76,0.0,0.0,11.0,-6964.1
93,2017-10-30,2017-11-06,bullish,"GOOGL, MSFT, AAPL","TSLA, LLY",25.0,1.27,15984.75,0.82,930000.0,1274157.97,344157.97,1104429.65,174429.65,"The overall setup is moderately bullish because most names show 4/4 EMA alignment, golden crosses, bullish MACD, positive OBV trends, and generally strong ADX readings, but many are also overbought and trading at or above upper Bollinger Bands, which raises short-term pullback risk over a 1-week horizon. I favor GOOGL, MSFT, AAPL, and AMZN because they combine strong trend structure with supportive volume/news, while GOOGL looks relatively less stretched than several peers; I keep elevated cash due to broad overbought conditions and avoid TSLA and LLY because both have bearish MACD, weak/negative trend structure, and declining OBV.",10.0,5682.63,8.0,2859.04,8.0,167.89,7.0,-547.11,0.0,0.0,12.0,1043.82,10.0,1111.11,15.0,1744.48,5.0,3922.9,0.0,0.0
94,2017-11-06,2017-11-13,bullish,"GOOGL, MSFT, AVGO","TSLA, LLY",20.0,-0.61,-7778.46,-0.2,940000.0,1276379.52,336379.52,1112190.99,172190.99,"The portfolio leans bullish but selective: GOOGL, MSFT, AAPL, AVGO, AMZN, and NVDA all have strong trend structure with 4/4 EMA alignment, golden crosses, bullish MACD, and solid ADX, but several are also overbought, so position sizes are moderated and 20% is held in cash. GOOGL stands out for strong trend with less extreme momentum than AAPL/MSFT/AMZN/AVGO, while AVGO has a strong catalyst and volume confirmation; META and JPM receive smaller weights due to weaker momentum confirmation or bearish MACD, and TSLA and LLY are avoided because their MACD, EMA structure, and directional indicators are bearish despite oversold readings.",12.0,305.41,8.0,1470.21,8.0,-798.27,7.0,-2604.52,0.0,0.0,12.0,-985.09,9.0,877.64,14.0,-255.14,10.0,-5788.7,0.0,0.0
95,2017-11-13,2017-11-20,neutral,"NVDA, AMZN, AVGO","TSLA, JPM, LLY",20.0,0.16,2071.68,-0.01,950000.0,1288451.2,338451.2,1122060.57,172060.57,"I favor stocks with the strongest trend structure and supportive momentum: NVDA, AMZN, AVGO, GOOGL, and AAPL all have 4/4 EMA alignment and golden crosses, while NVDA/AMZN/AVGO also show bullish MACD and generally favorable news. I trimmed AAPL, MSFT, and AMZN versus a fully aggressive stance because several leaders are overbought, volume confirmation is weak across much of the list, and OBV is down for most names. I avoid JPM, TSLA, and LLY due to bearish MACD/weak trend setups, and keep 20% in cash for one-week risk control given mixed momentum breadth.",11.0,-3245.33,16.0,1403.5,4.0,-8.64,0.0,0.0,0.0,0.0,9.0,-1359.45,14.0,-456.15,12.0,-969.61,14.0,6707.36,0.0,0.0
96,2017-11-20,2017-11-28,neutral,"AVGO, NVDA, AMZN","TSLA, LLY, JPM",10.0,1.88,24409.74,1.77,960000.0,1322860.94,362860.94,1152089.7,192089.7,"I favor stocks with strong trend structure (4/4 EMA alignment, golden cross) and either strong ADX or supportive momentum/news, while discounting names with bearish MACD, weak volume, or mixed trend signals. AVGO, NVDA, and AMZN stand out on trend strength and sentiment, while MSFT and GOOGL offer lower-volatility exposure with oversold short-term momentum that could support a 1-week rebound; I keep 10% in cash because many names show bearish MACD histograms and soft volume/OBV confirmation.",10.0,2360.43,16.0,-3128.32,4.0,1069.33,3.0,924.55,0.0,0.0,12.0,4436.73,16.0,12411.91,12.0,4311.5,17.0,2023.62,0.0,0.0
97,2017-11-28,2017-12-05,neutral,"GOOGL, META, AVGO","TSLA, NVDA",15.0,-2.53,-33757.15,0.12,970000.0,1299103.79,329103.79,1163504.23,193504.23,"The strongest risk-adjusted setups are GOOGL, META, AVGO, AAPL, MSFT, and AMZN, with broad 4/4 EMA alignment, golden crosses, generally supportive ADX readings, and mostly bullish or stable MACD profiles. I am trimming or avoiding names where short-term reversal risk is higher despite strong trends—especially NVDA and TSLA, and sizing down JPM, MSFT, AMZN, and LLY because of overbought readings, bearish/weak confirmation, or mixed volume/OBV; the 15% cash position reflects caution given several leaders are extended near upper Bollinger Bands.",10.0,-2641.52,0.0,0.0,12.0,-8408.37,8.0,4586.64,0.0,0.0,10.0,-5166.25,10.0,-5810.05,18.0,-9857.97,10.0,-7567.59,7.0,1107.95
98,2017-12-05,2017-12-12,neutral,"LLY, JPM, AMZN","NVDA, META, TSLA",45.0,0.61,7966.55,1.36,980000.0,1317070.33,337070.33,1189511.28,209511.28,"I am emphasizing the few names with the strongest near-term technical setups and keeping a large cash buffer because most stocks show bearish MACD, weak EMA alignment, or negative directional strength despite longer-term golden crosses. LLY has the cleanest bullish profile with 4/4 EMA alignment, bullish MACD, strong ADX, rising OBV, and relatively low ATR; JPM also has 4/4 EMA alignment, bullish MACD, and strong trend strength, though its overbought readings justify a smaller weight. AMZN retains a positive primary trend with 4/4 EMA alignment and strong longer-term structure, but bearish MACD/ADX and weak OBV reduce conviction, so it gets only a modest allocation.",0.0,0.0,0.0,0.0,0.0,0.0,20.0,2798.53,0.0,0.0,0.0,0.0,10.0,2696.03,0.0,0.0,0.0,0.0,25.0,2471.98
99,2017-12-12,2017-12-19,neutral,"MSFT, LLY, JPM","NVDA, META, AVGO",15.0,0.59,7870.01,0.66,990000.0,1334940.34,344940.34,1207405.26,217405.26,"I favor stocks with the strongest trend structure and confirmation from ADX, EMA alignment, golden cross, and OBV: MSFT, LLY, JPM, GOOGL, and AAPL stand out, while AMZN gets a smaller weight because its long-term trend is strong but MACD is bearish and volume is light. I avoid NVDA, META, and AVGO because their MACD/OBV/trend mixes are weaker or clearly negative, and keep a meaningful cash buffer because several leaders are near overbought levels and some market signals are mixed rather than uniformly bullish. TSLA receives only a small tactical weight due to strong momentum and volume, but its extreme overbought readings and weak SMA/golden-cross backdrop raise short-horizon reversal risk.",12.0,2634.06,0.0,0.0,0.0,0.0,14.0,-591.19,6.0,-2318.47,16.0,620.17,8.0,2032.04,14.0,5493.41,0.0,0.0,15.0,0.0
100,2017-12-19,2017-12-27,bullish,"LLY, MSFT, GOOGL","NVDA, AVGO",10.0,-1.15,-15507.11,0.06,1000000.0,1329433.23,329433.23,1218088.73,218088.73,"The portfolio emphasizes names with the strongest technical trend structure: AAPL, MSFT, GOOGL, JPM, and LLY all show 4/4 EMA alignment, golden crosses, bullish or supportive MACD, and generally positive ADX/OBV profiles. LLY stands out for especially strong ADX and low volatility, while AAPL/MSFT/GOOGL combine strong trend quality with manageable ATR. I reduced exposure to AMZN and META because momentum is less clean or near overbought, kept only a small TSLA position due to conflicting signals despite strong MACD/ADX, and avoided NVDA and AVGO because both have bearish MACD with weaker alignment or directional confirmation.",14.0,-4250.4,0.0,0.0,8.0,-1132.84,12.0,1075.87,4.0,-3161.89,14.0,-263.21,8.0,-463.95,14.0,-3414.36,0.0,0.0,16.0,-3896.32
101,2017-12-27,2018-01-04,neutral,"MSFT, GOOGL, AMZN","TSLA, AVGO, META",15.0,2.56,34321.15,1.6,1010000.0,1373754.38,363754.38,1247797.55,237797.55,"I favor stocks with the strongest trend structure and relatively supportive confirmation: MSFT, AMZN, GOOGL, JPM, and NVDA all have positive EMA alignment and golden crosses, while MSFT/AMZN also show OBV support and JPM has the strongest ADX-backed uptrend among the leaders. I underweight or avoid names with weaker/bearish setups or negative news flow, including TSLA, AAPL, META, AVGO, and LLY, where bearish MACD, weaker EMA alignment, lower-band positioning, or adverse sentiment raise short-term downside risk; I keep 15% in cash because many otherwise strong names still show bearish MACD histograms and muted volume.",4.0,763.14,10.0,11154.56,3.0,1518.01,14.0,4176.48,0.0,0.0,18.0,3938.11,16.0,4954.14,17.0,7637.38,0.0,0.0,3.0,179.34
102,2018-01-04,2018-01-11,bullish,"GOOGL, NVDA, MSFT","TSLA, LLY",15.0,1.86,25683.72,1.66,1020000.0,1409438.1,389438.1,1278682.7,258682.7,"The strongest long setups are GOOGL, NVDA, and MSFT: all have 4/4 EMA alignment, golden crosses, positive or near-positive MACD profiles, and supportive ADX/OBV trends, with GOOGL and NVDA showing especially strong trend strength. AAPL, AMZN, META, JPM, and AVGO remain investable because their broader trends are still bullish, but several are extended near or above upper Bollinger Bands with overbought stochastic readings, so position sizes are moderated; TSLA is avoided due to negative EMA alignment, bearish MACD, weak OBV, and negative news, while LLY is skipped because momentum is mixed and MACD is bearish. Cash is held to manage short-horizon risk given how many names are technically extended after strong runs.",10.0,1799.41,14.0,9514.4,8.0,2065.92,8.0,1827.42,0.0,0.0,12.0,1849.04,10.0,7675.0,16.0,3291.43,7.0,-2338.9,0.0,0.0
103,2018-01-11,2018-01-19,bullish,"MSFT, AAPL, GOOGL","META, AVGO",15.0,1.73,24581.42,1.55,1030000.0,1444019.52,414019.52,1308704.76,278704.76,"The overall setup is moderately bullish because most names show strong trend structure with 4/4 EMA alignment, bullish MACD, and solid ADX, but many are also short-term overbought near upper Bollinger Bands, which raises 1-week pullback risk. I favor MSFT, AAPL, and GOOGL for their strong trend quality with relatively lower volatility and less extreme momentum than AMZN/JPM/NVDA, while keeping meaningful exposure to NVDA for its strong ADX/MACD and positive news catalyst. I avoid META and AVGO because META’s news appears unrelated to the company and its OBV is weakening, while AVGO has weaker trend confirmation with only 2/4 EMA alignment, negative DI leadership, and soft volume/OBV.",14.0,3605.22,12.0,4583.68,0.0,0.0,8.0,2223.14,6.0,3041.74,16.0,4950.6,8.0,1592.12,14.0,5620.05,0.0,0.0,7.0,-1035.15
104,2018-01-19,2018-01-26,bullish,"AAPL, MSFT, GOOGL","META, LLY",10.0,1.66,24140.01,2.2,1040000.0,1478159.52,438159.52,1347720.19,307720.19,"The overall setup is moderately bullish because most names show strong trend structure with 4/4 EMA alignment, golden crosses, bullish MACD readings, and generally strong ADX, but many are also short-term overbought near upper Bollinger Bands, which argues for some cash and selectivity. I favor AAPL, MSFT, and GOOGL for their strong trend quality and relatively cleaner risk-adjusted profiles, while keeping smaller positions in more extended names like NVDA, TSLA, and JPM; I avoid META and LLY because their MACD/OBV combinations are weaker and technical conviction is lower.",16.0,-9060.16,8.0,6682.75,0.0,0.0,10.0,4258.75,5.0,-1489.25,16.0,10494.8,12.0,14484.72,13.0,7283.19,10.0,-8514.81,0.0,0.0
105,2018-01-26,2018-02-02,bullish,"META, MSFT, GOOGL","AAPL, AVGO",20.0,-1.81,-26956.99,-3.88,1050000.0,1461202.54,411202.54,1304990.59,254990.59,"The strongest long candidates are META, MSFT, GOOGL, and NVDA because they show 4/4 EMA alignment, bullish MACD, strong ADX, and generally supportive news/OBV trends. However, many leaders are also overbought near upper Bollinger Bands, so I am keeping a meaningful cash buffer and moderating exposure; AAPL and AVGO are avoided due to bearish MACD, weak EMA alignment, negative DI dominance, and falling OBV, while TSLA and LLY receive smaller weights because their signals are more mixed.",0.0,0.0,12.0,-7199.58,14.0,307.01,8.0,-2087.93,8.0,312.53,12.0,-4328.77,8.0,2369.08,12.0,-10279.62,0.0,0.0,6.0,-6049.7
106,2018-02-02,2018-02-09,neutral,"MSFT, AMZN, META","AAPL, AVGO, LLY",31.0,-3.59,-52823.32,-5.06,1060000.0,1418379.22,358379.22,1248393.66,188393.66,"I favor MSFT, AMZN, and META because they show the strongest combination of 4/4 EMA alignment, golden cross support, solid or bullish MACD, and generally constructive news, with MSFT and META also showing healthier OBV/volume confirmation than most peers. NVDA and JPM retain smaller positions due to strong broader trend structure but weakening short-term momentum, while I avoid AAPL, GOOGL, AVGO, and LLY because their MACD/ADX setups are bearish with weak EMA alignment and heavy downside pressure; elevated cash reflects mixed short-term signals and broad technical deterioration in several names.",0.0,0.0,8.0,-725.72,14.0,-15338.29,8.0,-4366.73,5.0,-7132.39,18.0,-10387.16,16.0,-14873.02,0.0,0.0,0.0,0.0,0.0,0.0
107,2018-02-09,2018-02-16,bearish,"NVDA, MSFT, JPM","TSLA, LLY, AAPL",38.0,3.24,46302.29,4.44,1070000.0,1474681.51,404681.51,1314263.49,244263.49,"The broad setup looks defensive: most names show bearish MACD readings, strong negative ADX/-DI trends, and prices sitting near lower Bollinger Bands, so a large cash position is warranted for 1-week risk control. NVDA stands out with the strongest technical profile among the group (4/4 EMA alignment, price above key EMAs, strong volume, positive earnings-related news), while MSFT and JPM have relatively better longer-term trend structure with supportive news and less damaged momentum than the more clearly bearish names. AMZN gets a smaller weight because its longer-term trend remains constructive, but bearish MACD and down OBV reduce conviction.",0.0,0.0,24.0,17370.94,0.0,0.0,12.0,7227.59,0.0,0.0,18.0,12398.2,8.0,9305.57,0.0,0.0,0.0,0.0,0.0,0.0
108,2018-02-16,2018-02-26,neutral,"NVDA, MSFT, AAPL","META, GOOGL, LLY",25.0,2.57,38181.99,1.75,1080000.0,1522863.5,442863.5,1347489.59,267489.59,"I favor stocks with the strongest trend structure and supportive news: NVDA, MSFT, AMZN, and AAPL all have strong longer-term trend signals, positive or improving MACD context, golden crosses, and rising OBV, with NVDA and AMZN also backed by notably positive recent news. I am avoiding names with clearly weaker technical setups such as META, GOOGL, and LLY, where MACD is bearish and trend alignment is mixed or negative; I am also keeping a sizable cash buffer because several bullish candidates are near overbought levels and volume ratios are generally below average, which reduces short-horizon conviction.",14.0,7883.73,18.0,3170.91,0.0,0.0,6.0,3177.01,4.0,3881.97,16.0,8830.58,14.0,10511.22,0.0,0.0,3.0,726.56,0.0,0.0
109,2018-02-26,2018-03-05,bullish,"AAPL, MSFT, GOOGL","AVGO, LLY",16.0,-2.23,-34234.21,-2.05,1090000.0,1498629.29,408629.29,1329597.18,239597.18,"The overall setup is moderately bullish because most stocks show 4/4 EMA alignment, bullish MACD, positive ADX, golden crosses, and generally rising OBV, but many are also near upper Bollinger Bands with overbought stochastic readings, which raises short-term pullback risk over a 1-week horizon. I favor AAPL, MSFT, and GOOGL for their strong trend structure and supportive news, while keeping meaningful exposure to AMZN and JPM; I underweight or avoid AVGO and LLY due to weaker EMA structure and mixed technical confirmation, and I retain cash because broad momentum appears extended.",14.0,-2578.1,8.0,-5435.69,6.0,-2252.92,10.0,-4788.19,6.0,-6193.72,14.0,-4003.25,12.0,200.61,14.0,-9182.94,0.0,0.0,0.0,0.0
110,2018-03-05,2018-03-12,neutral,"AAPL, MSFT, AMZN","TSLA, AVGO, LLY",40.0,2.07,31258.12,2.33,1100000.0,1539887.41,439887.41,1370750.12,270750.12,"AAPL and MSFT have the strongest near-term setups with 4/4 EMA alignment, golden crosses, bullish MACD, and prices above key moving averages; AAPL also has supportive news sentiment. AMZN has a strong trend and positive OBV, but its overbought stochastic and slightly bearish MACD argue for a smaller weight, while JPM gets only a modest allocation because trend structure is positive but MACD and DI readings are mixed. I am holding substantial cash because many names show weak volume confirmation, down OBV trends, or bearish trend/momentum combinations, which lowers confidence for a 1-week risk-adjusted trade.",20.0,8361.37,0.0,0.0,0.0,0.0,5.0,1704.52,0.0,0.0,20.0,10085.5,15.0,11106.73,0.0,0.0,0.0,0.0,0.0,0.0
111,2018-03-12,2018-03-19,bullish,"GOOGL, MSFT, AAPL","LLY, TSLA, AVGO",15.0,-3.86,-59878.7,-2.49,1110000.0,1490008.71,380008.71,1346312.03,236312.03,"The overall setup is moderately bullish because most names show strong trend structure (mostly 4/4 EMA alignment, golden crosses, bullish or improving MACD, and rising OBV), but many are also near upper Bollinger Bands with overbought stochastic readings, which raises short-term pullback risk over a 1-week horizon. I overweight GOOGL, MSFT, and AAPL because they combine strong trend/momentum confirmation with relatively solid ADX and bullish MACD, while keeping meaningful cash and smaller positions in more extended or mixed-signal names like AMZN, NVDA, AVGO, and TSLA; LLY is avoided due to negative EMA alignment, no golden cross, and weaker trend backdrop.",14.0,-7665.88,8.0,-4348.82,8.0,-8187.33,10.0,-4123.03,3.0,-4299.64,14.0,-8700.06,8.0,-4147.03,15.0,-13132.31,5.0,-5274.6,0.0,0.0
112,2018-03-19,2018-03-26,neutral,"AMZN, AAPL, MSFT","META, TSLA, AVGO",25.0,-0.76,-11385.15,-1.99,1120000.0,1488623.56,368623.56,1329335.55,209335.55,"The setup is broadly cautious: many names show bearish MACD, weak or negative DI readings, and several negative same-day news items, so a sizable cash buffer is warranted. AMZN and AAPL have the strongest medium-term trend structure with 4/4 EMA alignment and golden crosses, while MSFT and JPM retain constructive longer-term trends despite short-term pullbacks; GOOGL gets a smaller weight for its positive MACD histogram, and LLY is included modestly as a lower-volatility diversifier with improving MACD histogram and limited news risk. META, TSLA, and AVGO are avoided due to sharp negative sentiment and/or very weak trend alignment, and NVDA is skipped because chip-sector news is poor and its short-term technicals are not strong enough to offset that risk.",14.0,-3030.82,0.0,0.0,0.0,0.0,8.0,-4421.57,0.0,0.0,12.0,1724.63,26.0,2759.18,8.0,-5015.7,0.0,0.0,7.0,-3400.86
113,2018-03-26,2018-04-03,bearish,"MSFT, AMZN, NVDA","META, TSLA, LLY",30.0,-4.56,-68275.69,-1.64,1130000.0,1430347.87,300347.87,1317409.86,187409.86,"The strongest long candidates are MSFT and AMZN because both have 4/4 EMA alignment, prices above key moving averages, neutral-to-positive momentum, and relatively constructive news, though bearish MACD histograms argue for moderated sizing. NVDA also has strong trend structure and positive product-related news, while AAPL and AVGO receive smaller weights due to mixed technicals and weaker confirmation. I am holding a large cash buffer because many names show bearish MACD, strong negative DI/ADX readings, and lower-band positioning, indicating a fragile short-term tape for the 1-week horizon.",8.0,-3039.39,12.0,-14071.64,0.0,0.0,0.0,0.0,0.0,0.0,22.0,-14308.6,20.0,-31556.76,0.0,0.0,8.0,-5299.3,0.0,0.0
114,2018-04-03,2018-04-10,bearish,"LLY, MSFT, AAPL","TSLA, AMZN, META",50.0,1.29,18636.68,1.68,1140000.0,1458984.54,318984.54,1349705.72,209705.72,"The overall setup is defensive: most names show bearish MACD, weak price vs short/intermediate EMAs, and strong negative trend readings via ADX/+DI/-DI, so a large cash position is warranted for 1-week risk control. I favor relatively less damaged setups such as LLY, MSFT, AAPL, JPM, and small AVGO/NVDA exposure because their downside momentum is less extreme or volatility is lower, while avoiding META, TSLA, AMZN, and GOOGL where trend strength is strongly bearish and price sits near lower Bollinger bands with weak volume/OBV confirmation.",8.0,3325.63,4.0,654.48,0.0,0.0,6.0,2964.66,0.0,0.0,12.0,6107.53,0.0,0.0,0.0,0.0,5.0,903.33,15.0,4681.05
115,2018-04-10,2018-04-17,neutral,"MSFT, AAPL, JPM","NVDA, AMZN, GOOGL",25.0,0.67,9801.11,1.9,1150000.0,1478785.66,328785.66,1385551.21,235551.21,"I favor MSFT, AAPL, JPM, and LLY because they show the best mix of constructive technicals: bullish MACD histograms, generally supportive moving-average structure, and improving OBV trends, with MSFT standing out on 4/4 EMA alignment and AAPL/JPM also above key averages. I am avoiding NVDA, META, AMZN, GOOGL, and AVGO due to weaker EMA alignment and/or bearish MACD with stronger downtrend readings, while keeping a sizable cash position because several names have mixed momentum, low volume confirmation, and the overall opportunity set is not uniformly strong for a 1-week horizon.",16.0,6769.64,0.0,0.0,0.0,0.0,14.0,-4204.15,8.0,-6560.54,24.0,12108.72,0.0,0.0,0.0,0.0,0.0,0.0,13.0,1687.44
116,2018-04-17,2018-04-24,neutral,"MSFT, AAPL, AMZN","TSLA, META, JPM",10.0,-4.5,-67040.71,-2.67,1160000.0,1421744.95,261744.95,1358311.11,198311.11,"The portfolio tilts toward stocks with the strongest technical trend structure: MSFT, AAPL, AMZN, and GOOGL all show bullish MACD histograms, generally favorable trend setups, and improving OBV, with MSFT and AAPL especially strong due to 4/4 EMA alignment and golden crosses. I reduced weights where signals are mixed or extended near upper Bollinger Bands and overbought stochastics, and I avoid TSLA because it has the weakest trend profile with -4/4 EMA alignment, price below key moving averages, and declining OBV; a 10% cash buffer helps manage short-horizon risk given several names are overbought.",16.0,-20447.41,8.0,-8192.86,3.0,-2375.39,4.0,108.06,0.0,0.0,18.0,-8228.91,14.0,-6062.33,14.0,-10952.91,8.0,-11047.31,5.0,158.35
117,2018-04-24,2018-05-01,neutral,"MSFT, AMZN, LLY","META, TSLA, AVGO",20.0,1.92,27471.52,0.76,1170000.0,1459216.47,289216.47,1378716.76,208716.76,"Most names show weak short-term trend structure, with many trading below key EMAs and showing declining OBV, so I am keeping a meaningful 20% cash buffer. MSFT, AMZN, and LLY have the best mix of relatively constructive technicals: bullish MACD, better price position versus moving averages, and less oversold breakdown risk than the other names; JPM and GOOGL get smaller weights due to improving MACD but weaker trend confirmation. I am avoiding stocks with strongly bearish EMA alignment, negative/weak MACD, and poor volume confirmation such as AAPL, META, TSLA, AVGO, and NVDA.",0.0,0.0,0.0,0.0,0.0,0.0,12.0,-2536.44,0.0,0.0,24.0,6937.43,20.0,23959.65,8.0,2028.38,0.0,0.0,16.0,-2917.49
118,2018-05-01,2018-05-08,neutral,"MSFT, AMZN, AAPL","JPM, GOOGL, AVGO",20.0,2.64,38845.17,0.73,1180000.0,1508061.64,328061.64,1398884.49,218884.49,"I favor MSFT and AMZN because they have the strongest technical setups: 4/4 EMA alignment, bullish MACD, positive OBV trends, and solid trend confirmation from SMA structure and ADX. AAPL gets a meaningful allocation due to the strong buyback-related news and elevated volume/OBV despite weaker trend signals, while META and TSLA are smaller tactical positions given bullish MACD/price strength but somewhat stretched momentum; I avoid JPM, GOOGL, and AVGO because their trend indicators are broadly bearish with weak momentum and limited positive news support.",12.0,17672.3,8.0,12036.28,10.0,4275.99,0.0,0.0,8.0,803.38,20.0,2505.32,18.0,1693.13,0.0,0.0,0.0,0.0,4.0,-141.23
119,2018-05-08,2018-05-15,neutral,"AAPL, MSFT, AMZN","LLY, TSLA, AVGO",15.0,0.25,3772.53,1.57,1190000.0,1521834.17,331834.17,1430947.82,240947.82,"The portfolio leans toward stocks with the strongest trend confirmation: AAPL, MSFT, and AMZN all show 4/4 EMA alignment, bullish MACD, supportive ADX/trend structure, and generally positive or at least non-damaging news. NVDA also has strong trend and volume confirmation but is more extended above its Bollinger Band with overbought momentum, so position size is moderated; cash is kept elevated because several names are overbought and some large-cap tech signals are mixed. I am underweight or avoiding names with weaker structure such as LLY's -4/4 EMA alignment and bearish MACD, plus limited exposure to TSLA, AVGO, META, and GOOGL due to mixed trend alignment, lower conviction news, or weaker confirmation.",18.0,1628.63,12.0,-3521.14,4.0,1832.66,8.0,2232.17,3.0,-2683.01,16.0,3828.06,15.0,-2326.58,6.0,2261.19,3.0,520.54,0.0,0.0
120,2018-05-15,2018-05-22,neutral,"AAPL, MSFT, NVDA","TSLA, AVGO",12.0,-0.03,-515.4,0.56,1200000.0,1531318.77,331318.77,1448973.62,248973.62,"The portfolio emphasizes stocks with the strongest combination of bullish trend structure and confirmation from the most predictive indicators: AAPL and MSFT have 4/4 EMA alignment, golden crosses, bullish MACD, and solid ADX, while NVDA also has strong trend and supportive news despite mixed DI and weak OBV. I reduced weights where momentum is extended or confirmation is weaker—META lacks a golden cross, GOOGL has 0/4 EMA alignment, AMZN and JPM have mixed volume/DI signals, and AVGO has a weaker trend structure; TSLA is avoided due to -4/4 EMA alignment, no golden cross, weak trend, and negative momentum context. A modest cash position is kept because several leaders are near upper Bollinger ranges with low volume, which limits short-horizon risk-adjusted upside.",16.0,946.57,12.0,-2140.95,8.0,-345.72,8.0,-21.68,0.0,0.0,16.0,1517.61,8.0,410.53,10.0,-1349.87,2.0,-391.87,8.0,859.98
121,2018-05-22,2018-05-30,neutral,"AAPL, MSFT, META","TSLA, AVGO",15.0,0.75,11596.96,0.0,1210000.0,1552915.73,342915.73,1458973.62,248973.62,"I favor AAPL, MSFT, and META because they show strong trend structure (4/4 EMA alignment), bullish MACD, and solid ADX readings, with generally supportive or neutral news. LLY and GOOGL also merit moderate allocations due to constructive momentum and trend, while JPM is positive but somewhat overbought; NVDA and AMZN get smaller weights because their MACD/volume signals are weaker, and I avoid TSLA and AVGO due to bearish or mixed trend profiles. Holding 15% cash reflects caution given several names are extended or showing weak volume confirmation.",18.0,503.99,4.0,2653.71,12.0,3894.36,8.0,-5084.52,0.0,0.0,18.0,4125.96,5.0,2119.39,10.0,309.63,0.0,0.0,10.0,3074.46
122,2018-05-30,2018-06-06,neutral,"MSFT, LLY, AAPL","JPM, GOOGL, META",25.0,3.14,49114.76,1.76,1220000.0,1612030.49,392030.49,1494784.79,274784.79,"I favor names with the strongest trend structure and better short-term confirmation: MSFT, AAPL, and LLY all have 4/4 EMA alignment, strong price positions above key averages, and either bullish or only mildly weakening momentum. I reduce exposure where signals look extended or conflicted—AMZN, META, and AVGO are near upper Bollinger ranges with overbought readings, while GOOGL has weak ADX and negative news flow; JPM is the clearest avoid given 0/4 EMA alignment, strongly bearish MACD/DI structure, heavy volume on weakness, and negative news. Holding elevated cash is appropriate because several leaders show late-stage overbought conditions and multiple MACD histograms are weakening despite broadly positive longer-term trends.",14.0,7561.94,8.0,6009.75,0.0,0.0,0.0,0.0,6.0,8930.03,18.0,10064.57,8.0,5452.59,0.0,0.0,6.0,5309.12,15.0,5786.77
123,2018-06-06,2018-06-13,neutral,"MSFT, AMZN, GOOGL","JPM, META",15.0,-0.01,-168.32,0.23,1230000.0,1621862.17,391862.17,1508202.43,278202.43,"The portfolio leans toward stocks with the strongest trend confirmation: MSFT, AMZN, GOOGL, AAPL, and NVDA all show strong EMA alignment, bullish MACD, and solid ADX, with generally supportive or at least non-damaging news. I reduced weights where momentum looks stretched near or above upper Bollinger Bands and overbought readings are extreme, and I kept cash due to broad signs of short-term overheating across many names plus negative news/weak technical mix in META and especially JPM.",12.0,-3291.21,11.0,-1850.53,4.0,362.83,0.0,0.0,6.0,7700.46,14.0,-3633.73,14.0,1219.95,13.0,-500.07,6.0,22.14,5.0,-198.16
124,2018-06-13,2018-06-20,bullish,"GOOGL, AMZN, MSFT","JPM, TSLA",10.0,1.36,22129.44,-0.3,1240000.0,1653991.61,413991.61,1513720.44,273720.44,"The strongest 1-week setups are GOOGL, AMZN, MSFT, AAPL, NVDA, and AVGO due to 4/4 EMA alignment, generally positive MACD/trend structure, and solid ADX readings; GOOGL and AMZN stand out with bullish MACD and strong trend strength, while MSFT and AAPL offer cleaner momentum without extreme overbought conditions. I am trimming or limiting exposure where short-term reversal risk is higher: TSLA and AMZN are overbought, META and AAPL have bearish MACD histograms, LLY has weaker volume confirmation, and JPM has the weakest technical profile with 0/4 EMA alignment, sub-20 ADX, and down OBV, so I prefer to keep some cash for risk control.",12.0,-4312.81,10.0,-55.95,8.0,6506.74,0.0,0.0,4.0,3301.78,12.0,1980.6,12.0,5194.06,14.0,7954.56,10.0,707.62,8.0,852.83
125,2018-06-20,2018-06-27,neutral,"AMZN, GOOGL, MSFT","AAPL, JPM",20.0,-3.98,-66266.34,-2.4,1250000.0,1597725.27,347725.27,1487169.2,237169.2,"The strongest risk-adjusted setups are in AMZN, GOOGL, MSFT, and LLY, which combine strong EMA/SMA trend structure with generally favorable ADX readings; AMZN and GOOGL also have bullish MACD and strong trend strength, while MSFT and LLY offer cleaner momentum without the same degree of overbought extension. I am reducing exposure to highly extended names like META and TSLA despite strong trends because their RSI/stochastic and Bollinger positions suggest short-term pullback risk, and I am avoiding AAPL and JPM because both show weaker trend/momentum profiles with bearish MACD, negative DI control, and weak OBV. A 20% cash position is appropriate given several leaders are overbought and many opportunities are concentrated in mega-cap growth, so some dry powder helps manage one-week downside risk.",0.0,0.0,8.0,-13494.11,8.0,-4059.48,0.0,0.0,7.0,-5698.24,12.0,-8487.37,14.0,-11922.95,14.0,-13207.39,7.0,-6291.73,10.0,-3105.07
126,2018-06-27,2018-07-05,neutral,"META, TSLA, GOOGL","NVDA, JPM, MSFT",45.0,-0.83,-13359.88,1.4,1260000.0,1594365.39,334365.39,1518068.9,258068.9,"The overall setup is cautious: most stocks show bearish MACD, weak OBV trends, and strong negative directional movement via ADX/-DI, so a large cash position is warranted for risk control. META and TSLA stand out with the strongest trend structures (4/4 EMA alignment, price above key moving averages, positive broader trend context), while GOOGL and LLY offer limited tactical rebound potential from oversold conditions with still-supportive longer-term SMA trends. I am avoiding names with the weakest short-term technicals such as NVDA and JPM, where strong downtrends, bearish MACD, and deteriorating momentum outweigh oversold readings.",0.0,0.0,0.0,0.0,20.0,4285.32,0.0,0.0,15.0,-24738.91,0.0,0.0,0.0,0.0,10.0,3504.94,0.0,0.0,10.0,3588.77
127,2018-07-05,2018-07-12,neutral,"AMZN, META, MSFT","TSLA, JPM, NVDA",26.0,3.32,53222.97,2.29,1270000.0,1657588.36,387588.36,1563093.85,293093.85,"I favor stocks with the strongest underlying trend structure despite short-term MACD softness: META, MSFT, AMZN, GOOGL, and LLY all have 4/4 EMA alignment, golden crosses, and generally neutral-to-positive momentum, while META, GOOGL, and LLY also show improving OBV or supportive positioning. AMZN gets the largest weight because its technical trend remains strong and news flow around PillPack is clearly favorable, while AAPL receives only a small weight due to mixed trend signals, bearish MACD, weak volume, and down OBV. I avoid NVDA, JPM, TSLA, and AVGO because each has bearish MACD with stronger downside trend pressure or weak confirmation, and I keep elevated cash given the broad pattern of bearish MACD readings across most names, suggesting a cautious 1-week stance.",5.0,2435.99,0.0,0.0,14.0,9586.56,0.0,0.0,0.0,0.0,14.0,9974.2,16.0,14632.62,14.0,11802.35,0.0,0.0,11.0,4791.25
128,2018-07-12,2018-07-19,neutral,"AAPL, MSFT, GOOGL","TSLA, AVGO",25.0,0.38,6273.03,0.23,1280000.0,1673861.39,393861.39,1576641.25,296641.25,"The portfolio leans toward stocks with the strongest trend confirmation: AAPL, MSFT, GOOGL, NVDA, AMZN, and LLY all show 4/4 EMA alignment, bullish MACD, positive ADX structure, and rising OBV. I am trimming weights in META, AMZN, MSFT, and LLY because several momentum indicators are overbought and prices are near or above upper Bollinger Bands, while keeping elevated cash due to short 1-week horizon and stretched conditions across many leaders. I avoid TSLA and AVGO because both have materially weaker technical setups, with bearish MACD and trend deterioration; AVGO is especially unfavorable given extreme downside momentum, very high volume on a sharp drop, and negative news flow.",12.0,890.46,11.0,584.12,8.0,754.34,4.0,1897.79,0.0,0.0,12.0,403.32,10.0,1517.57,12.0,-359.79,0.0,0.0,6.0,585.21
129,2018-07-19,2018-07-26,neutral,"AMZN, MSFT, AAPL","TSLA, AVGO",15.0,1.31,22094.28,1.19,1290000.0,1705955.67,415955.67,1605568.11,315568.11,"The portfolio leans toward stocks with the strongest trend confirmation: AMZN, MSFT, AAPL, and LLY all show 4/4 EMA alignment, bullish MACD, golden crosses, and solid ADX, with generally supportive or non-negative news. I reduced weights in names showing late-stage momentum or weaker confirmation such as META and GOOGL due to overbought readings and weaker OBV/ADX, while holding cash because several leaders are near upper Bollinger bands and short-term momentum is somewhat extended. TSLA and AVGO are avoided because their technical setups are the weakest, with bearish MACD, poor EMA structure, and negative news flow.",12.0,2453.61,8.0,1501.91,8.0,-20605.43,8.0,6080.23,0.0,0.0,14.0,11787.02,16.0,-738.56,8.0,9706.32,0.0,0.0,11.0,11909.18
130,2018-07-26,2018-08-02,neutral,"MSFT, AAPL, JPM","META, TSLA, AVGO",25.0,0.74,12717.0,-0.34,1300000.0,1728672.67,428672.67,1610151.04,310151.04,"I favor stocks with the strongest trend confirmation: MSFT, AAPL, JPM, and GOOGL all have 4/4 EMA alignment, bullish MACD, strong ADX, and generally supportive volume/OBV, though several are near overbought levels so position sizes are moderated. I avoid META, TSLA, and AVGO because their trend structures are clearly weaker or bearish, with negative EMA setups, bearish/weak momentum, and poor volume confirmation; I keep a sizable cash buffer because many bullish names are extended near upper Bollinger Bands and overbought oscillators, which raises 1-week pullback risk.",14.0,16303.39,8.0,-2273.19,0.0,0.0,12.0,2330.85,0.0,0.0,16.0,-5134.42,8.0,1999.16,10.0,-5922.76,0.0,0.0,7.0,5413.97
131,2018-08-02,2018-08-09,neutral,"AAPL, JPM, LLY","META, TSLA, AVGO",20.0,1.45,25163.22,0.95,1310000.0,1763835.88,453835.88,1635527.12,325527.12,"I favor stocks with the strongest trend confirmation and supportive news: AAPL, JPM, MSFT, AMZN, and LLY all show strong EMA/SMA structure and generally positive or stable sentiment, with AAPL and LLY standing out on MACD/ADX strength. I reduce exposure where momentum is stretched or mixed by holding meaningful cash, and I avoid names with clearly bearish technicals or negative news pressure such as META, TSLA, and AVGO; NVDA and GOOGL receive only modest allocations because their trend backdrop is positive but short-term momentum and volume confirmation are weaker.",18.0,2248.5,3.0,1215.45,0.0,0.0,14.0,1529.69,0.0,0.0,12.0,4073.15,12.0,7301.12,8.0,2614.61,0.0,0.0,13.0,6180.7
132,2018-08-09,2018-08-16,neutral,"MSFT, AAPL, JPM","META, AVGO",15.0,-0.51,-9089.87,-0.35,1320000.0,1764746.01,444746.01,1639697.07,319697.07,"The portfolio leans toward stocks with the strongest trend confirmation: AAPL, MSFT, JPM, AMZN, GOOGL, and LLY all have strong EMA/SMA alignment, bullish or mostly bullish MACD, and positive OBV trends. I reduced sizing where short-term momentum looks stretched or risk is elevated—especially AAPL, AMZN, and LLY due to overbought readings, and TSLA/NVDA due to higher volatility or weaker confirmation—while avoiding META and AVGO because their trend structure is materially weaker, with bearish EMA alignment and/or bearish MACD context. Holding 15% cash reflects a risk-adjusted stance given several leaders are near upper Bollinger bands and some signals show late-stage momentum.",14.0,6168.15,8.0,542.21,0.0,0.0,12.0,-3842.64,8.0,-6844.72,14.0,-3658.79,10.0,-1121.2,9.0,-5100.75,0.0,0.0,10.0,4767.86
133,2018-08-16,2018-08-23,neutral,"AMZN, AAPL, NVDA","META, AVGO",20.0,0.6,10590.64,0.61,1330000.0,1785336.65,455336.65,1659744.22,329744.22,"I favor AMZN, AAPL, NVDA, and LLY because they show strong trend structure with positive EMA alignment, golden crosses, and generally bullish MACD/ADX profiles; AMZN and NVDA also have supportive news, while AAPL has very strong trend confirmation despite overbought momentum. I keep moderate exposure to MSFT, JPM, TSLA, and GOOGL where signals are mixed, and I avoid META and AVGO because both have clearly weaker technical setups with bearish MACD, poor EMA alignment, and negative volume/trend confirmation. A 20% cash position is appropriate because several leaders are extended or overbought, which raises short-horizon pullback risk over the next week.",14.0,2527.48,14.0,9072.38,0.0,0.0,6.0,-37.11,5.0,-4060.57,8.0,-105.53,16.0,2465.52,5.0,-210.23,0.0,0.0,12.0,938.7
134,2018-08-23,2018-08-30,neutral,"NVDA, AAPL, MSFT","META, TSLA, AVGO",25.0,2.64,47459.03,1.58,1340000.0,1842795.68,502795.68,1696093.64,356093.64,"I favor stocks with the strongest trend structure and acceptable short-term momentum: NVDA, AAPL, MSFT, and AMZN all have positive EMA alignment, golden crosses, and generally constructive trend readings, though several show mixed MACD or overbought conditions. I am keeping a sizable cash buffer because many names have weak volume/OBV confirmation, several leaders are extended near upper Bollinger Bands, and bearish setups in META, TSLA, and AVGO argue for a selective rather than fully invested stance.",14.0,11127.43,16.0,11972.8,0.0,0.0,8.0,575.86,0.0,0.0,12.0,8793.11,12.0,11262.83,6.0,2935.68,0.0,0.0,7.0,791.32
135,2018-08-30,2018-09-07,neutral,"MSFT, GOOGL, AAPL","TSLA, AVGO",20.0,-2.46,-45670.66,-0.93,1350000.0,1807125.01,457125.01,1690225.91,340225.91,"The strongest long candidates are MSFT, GOOGL, and AAPL because they combine favorable trend structure (4/4 EMA alignment or strong SMA trend), bullish MACD, solid ADX/OBV support, and generally constructive news flow. I am moderating exposure with 20% cash because several leaders like AAPL, AMZN, and LLY are already overbought near or above upper Bollinger Bands, while TSLA and AVGO have weaker trend structures and JPM has mixed momentum with bearish MACD and declining OBV.",12.0,-3685.3,10.0,-3968.23,4.0,-6091.15,6.0,-839.64,0.0,0.0,16.0,-9903.65,10.0,-4655.17,16.0,-18161.07,0.0,0.0,6.0,1633.55
136,2018-09-07,2018-09-14,neutral,"AVGO, AAPL, AMZN","TSLA, META, GOOGL",20.0,0.89,16150.01,1.14,1360000.0,1833275.02,473275.02,1719617.09,359617.09,"I favor stocks with the strongest trend structure and supportive catalysts: AAPL and AMZN both have 4/4 EMA alignment, golden crosses, strong ADX, and only mild MACD softness, while AVGO has the best near-term momentum with bullish MACD histogram, very strong +DI, rising OBV, high volume, and positive news. I avoid META, TSLA, and GOOGL because they show clear short-term downtrends with bearish MACD, weak price vs moving averages, and negative/weak volume confirmation; I keep a meaningful cash buffer because several otherwise strong names show late-cycle momentum fatigue or overbought conditions, suggesting a mixed one-week setup.",18.0,3754.09,8.0,2443.66,0.0,0.0,4.0,-521.36,0.0,0.0,5.0,4332.52,16.0,2698.78,0.0,0.0,19.0,5581.49,10.0,-2139.15
137,2018-09-14,2018-09-21,neutral,"MSFT, AAPL, LLY","META, TSLA, GOOGL",10.0,-0.37,-6829.05,0.84,1370000.0,1836445.97,466445.97,1744076.68,374076.68,"I favor stocks with strong trend structure and better confirmation: MSFT has 4/4 EMA alignment, bullish MACD, strong ADX, and positive news; AAPL, LLY, AMZN, and NVDA also have solid longer-trend setups, though several show short-term MACD softness so position sizes are moderated. I avoid META and TSLA because both have -4/4 EMA alignment and bearish MACD with strong downside trend signals, and I avoid GOOGL due to very weak ADX/-DI trend profile and bearish momentum despite oversold readings. A 10% cash buffer helps manage the short 1-week horizon and the mixed momentum backdrop across otherwise bullish trend names.",15.0,-7633.63,12.0,-10386.29,0.0,0.0,6.0,4238.74,0.0,0.0,22.0,3183.44,12.0,-6195.04,0.0,0.0,8.0,8499.83,15.0,1463.9
138,2018-09-21,2018-09-28,neutral,"MSFT, JPM, LLY","META, TSLA, GOOGL",25.0,-0.07,-1210.43,-0.43,1380000.0,1845235.54,465235.54,1746447.48,366447.48,"I favor JPM, MSFT, LLY, and AVGO because they show the strongest combination of trend strength and confirmation: JPM and MSFT have 4/4 EMA alignment, bullish MACD, strong ADX, and rising OBV, while LLY has a strong uptrend with lower volatility and AVGO has very strong ADX and volume support despite being overbought. I keep smaller tactical positions in AAPL, NVDA, and AMZN because they are near oversold levels but still have bearish MACD/OBV, suggesting rebound potential with weaker conviction. I avoid META, TSLA, and GOOGL due to clearly weaker trend structures, negative or mixed momentum, and poor volume confirmation, while holding meaningful cash to manage one-week horizon risk and sector concentration.",6.0,4112.65,3.0,3694.29,0.0,0.0,18.0,-14129.26,0.0,0.0,20.0,355.53,4.0,3393.58,0.0,0.0,10.0,-1019.68,14.0,2382.45
139,2018-09-28,2018-10-05,neutral,"MSFT, AMZN, AAPL","TSLA, META",10.0,-1.88,-34964.5,-1.0,1390000.0,1820271.04,430271.04,1738926.84,348926.84,"I favor stocks with strong trend structure and supportive confirmation: MSFT, AMZN, AAPL, NVDA, and GOOGL all have positive EMA/SMA setups, generally bullish or improving MACD profiles, and mostly constructive volume/OBV trends. I reduce exposure where momentum looks stretched or mixed near the upper Bollinger band (NVDA, LLY, AVGO) and avoid clear downtrends with negative news or weak confirmation, especially TSLA and META; I keep 10% in cash for 1-week risk control given several leaders are somewhat overbought.",14.0,-1668.39,13.0,-9577.82,0.0,0.0,4.0,1698.51,0.0,0.0,18.0,-6540.58,16.0,-16798.09,12.0,-7239.07,8.0,-1503.83,5.0,6664.77
140,2018-10-05,2018-10-12,neutral,"AVGO, AAPL, LLY","TSLA, META, AMZN",30.0,-2.65,-48543.04,-4.12,1400000.0,1781728.01,381728.01,1676798.74,276798.74,"I favor stocks with the strongest trend structure and better risk-adjusted setups: AAPL, AVGO, JPM, and LLY have the best combination of positive EMA/SMA trends, while AAPL and LLY also show bullish MACD and JPM has supportive OBV. I am keeping a large cash position because several major growth names (META, TSLA, AMZN, GOOGL, NVDA, MSFT) show weak or mixed short-term momentum, bearish ADX/DI configurations, and generally declining OBV, suggesting a cautious 1-week outlook despite some oversold readings.",16.0,-2846.27,0.0,0.0,0.0,0.0,14.0,-17146.66,0.0,0.0,8.0,-3342.88,0.0,0.0,0.0,0.0,17.0,-14370.68,15.0,-10836.54
141,2018-10-12,2018-10-19,bearish,"LLY, AAPL, JPM","TSLA, META, AMZN",40.0,0.02,359.57,0.11,1410000.0,1792087.57,382087.57,1688631.91,278631.91,"The broad setup is defensive: most stocks show bearish MACD, weak OBV trends, and strong negative ADX/-DI readings, suggesting downside pressure over the next week. I am concentrating only in the relatively stronger names—LLY and AAPL have the best trend structure with 4/4 EMA alignment and golden crosses, while JPM offers a smaller contrarian oversold bounce setup supported by favorable news; MSFT and AVGO get limited weights due to mixed but less-bad technicals. High cash reflects weak market breadth and elevated short-term risk across tech and growth names.",16.0,-3613.95,0.0,0.0,0.0,0.0,12.0,1930.04,0.0,0.0,8.0,-1190.44,0.0,0.0,0.0,0.0,4.0,-1436.77,20.0,4670.68
142,2018-10-19,2018-10-26,bearish,"LLY, JPM, AAPL","NVDA, TSLA, AMZN",25.0,-3.06,-55196.34,-3.95,1420000.0,1746891.23,326891.23,1631486.25,211486.25,"The overall setup is defensive: most stocks show bearish MACD, weak EMA alignment, and strong downtrend readings via ADX with -DI leading, so a sizable cash allocation is warranted. LLY stands out as the only clear technical leader with 4/4 EMA alignment, price above key moving averages, and a golden cross; JPM is supported by favorable news and improving OBV despite weak price action, while AAPL, MSFT, and AVGO get smaller positions due to relatively better structure or oversold bounce potential with some volume/OBV support. I am avoiding names with the weakest trend profiles and poor volume confirmation such as NVDA, META, TSLA, AMZN, and GOOGL.",10.0,-2473.32,0.0,0.0,0.0,0.0,15.0,-11247.38,0.0,0.0,10.0,-2819.37,0.0,0.0,0.0,0.0,10.0,-11943.88,30.0,-26712.4
143,2018-10-26,2018-11-02,bearish,"TSLA, AAPL, MSFT","NVDA, AMZN, GOOGL",40.0,0.96,16821.15,2.47,1430000.0,1773712.38,343712.38,1682069.98,252069.98,"The overall setup is defensive: most stocks show bearish MACD, weak EMA alignment, high ADX with negative directional bias, and falling OBV, pointing to strong downside trends across the market. TSLA stands out as the only clear long candidate with bullish MACD, strong +DI vs -DI, high volume, rising OBV, and supportive news sentiment; AAPL, MSFT, and LLY receive smaller weights because their longer-term trend structure is relatively better and their momentum is less damaged, but near-term signals remain mixed so a large cash position is warranted.",10.0,-7164.05,0.0,0.0,0.0,0.0,0.0,0.0,30.0,24704.8,10.0,-1314.07,0.0,0.0,0.0,0.0,0.0,0.0,10.0,594.47
144,2018-11-02,2018-11-09,neutral,"JPM, GOOGL, TSLA","NVDA, AMZN, MSFT",20.0,0.83,14744.02,2.16,1440000.0,1798456.4,358456.4,1728601.98,288601.98,"The overall setup is mixed to cautious: many large-cap tech names have weak EMA alignment and prices below key moving averages, so I am keeping a meaningful 20% cash buffer. I favor names with either improving momentum despite weak trend structure (META, JPM, GOOGL) or the strongest outright bullish technical profile (TSLA), while AAPL and LLY get smaller positions due to oversold/rebound potential but still-bearish MACD. I avoid NVDA, MSFT, AMZN, and AVGO because their trend and MACD profiles remain broadly bearish without enough confirming momentum or news support for a 1-week allocation.",8.0,-1579.47,0.0,0.0,12.0,-7673.51,18.0,8620.63,14.0,2955.6,0.0,0.0,0.0,0.0,16.0,1472.87,0.0,0.0,12.0,10947.9
145,2018-11-09,2018-11-16,neutral,"LLY, MSFT, JPM","META, NVDA, AAPL",10.0,-0.66,-11846.66,-1.45,1450000.0,1796609.74,346609.74,1713375.99,263375.99,"I favor stocks with the strongest near-term technical setups: TSLA and LLY have 4/4 EMA alignment with bullish MACD, while MSFT, JPM, AVGO, and AMZN show bullish MACD histograms, supportive OBV trends, and generally constructive trend/ADX profiles. I avoid AAPL, NVDA, META, and GOOGL because their prices remain below key moving averages with weak EMA alignment and stronger bearish trend structure, even where MACD has started to improve. Given several names are near overbought levels and many signals are mixed across the universe, I keep 10% in cash for risk control over the 1-week horizon.",0.0,0.0,0.0,0.0,0.0,0.0,18.0,-3802.49,14.0,2744.86,18.0,-2412.88,10.0,-12569.41,0.0,0.0,14.0,-1462.0,16.0,5655.26
146,2018-11-16,2018-11-26,neutral,"MSFT, TSLA, JPM","NVDA, META, AMZN",20.0,-1.15,-20839.02,-2.28,1460000.0,1785770.71,325770.71,1684152.35,224152.35,"Most large-cap tech names show weak short-term trend structure with negative EMA alignment, bearish MACD, and down OBV, so I am keeping a defensive 20% cash buffer and avoiding the clearest downtrends. The best risk-adjusted setups are TSLA, MSFT, JPM, AVGO, and LLY, which combine relatively stronger trend or improving MACD signals with neutral-to-positive momentum and generally supportive volume/OBV; GOOGL gets a smaller weight because MACD and OBV are improving despite still-bearish trend alignment. I am avoiding NVDA, META, AAPL, and AMZN because their trend indicators remain decisively bearish and volume/OBV do not confirm a durable reversal.",0.0,0.0,0.0,0.0,0.0,0.0,14.0,-1678.67,18.0,-7627.0,18.0,-5465.37,0.0,0.0,8.0,-1668.15,12.0,-2098.51,10.0,-2301.32
147,2018-11-26,2018-12-03,neutral,"LLY, AVGO, TSLA","AAPL, NVDA, META",15.0,3.68,66015.67,4.41,1470000.0,1861786.38,391786.38,1768885.38,298885.38,"The broad setup is cautious because many large-cap tech names show bearish EMA alignment, negative MACD, and strong downside ADX trends, so I am keeping a meaningful cash buffer. I favor LLY, AVGO, and TSLA/GOOGL as the relatively stronger setups: LLY has 4/4 EMA alignment with bullish MACD and a golden cross, AVGO has bullish MACD, supportive price vs moving averages, and improving OBV, while GOOGL and TSLA show the best near-term stabilization among growth names. I am avoiding AAPL, NVDA, META, and AMZN because their trend structures remain clearly bearish, with weak EMA alignment, negative MACD, and strong downside ADX despite some oversold readings.",0.0,0.0,0.0,0.0,0.0,0.0,8.0,3918.3,16.0,10371.85,12.0,11374.73,0.0,0.0,14.0,14385.34,18.0,9286.1,17.0,16679.35
148,2018-12-03,2018-12-11,neutral,"AVGO, MSFT, JPM","AAPL, NVDA",15.0,-2.46,-45993.83,-5.43,1480000.0,1825792.55,345792.55,1682266.55,202266.55,"I favor stocks with the strongest combination of bullish trend structure and confirmation from MACD, ADX, and OBV: AVGO, MSFT, JPM, GOOGL, and AMZN stand out, while META is a smaller rebound candidate due to bullish MACD despite weak longer-term trend alignment. I avoid AAPL and NVDA because both have very weak EMA/SMA trend setups and strong downtrend readings despite modest MACD improvement, and I keep meaningful cash because many bullish candidates are also near overbought Bollinger/Stochastic levels, which raises short-horizon pullback risk over the next week.",0.0,0.0,0.0,0.0,8.0,1050.72,10.0,-19795.19,8.0,3454.42,16.0,-9351.5,10.0,-13636.33,10.0,-9173.15,16.0,5901.33,7.0,-4444.15
149,2018-12-11,2018-12-18,neutral,"TSLA, MSFT, AVGO","AAPL, NVDA, JPM",15.0,-3.33,-61040.17,-3.43,1490000.0,1774752.38,284752.38,1634283.85,144283.85,"The strongest long setups are TSLA, MSFT, and AVGO: TSLA has 4/4 EMA alignment, bullish MACD, positive ADX trend strength, and rising OBV; MSFT shows a cleaner balanced uptrend with bullish MACD, price above key EMAs, golden cross, and strong volume/OBV; AVGO has 4/4 EMA alignment, bullish MACD, strong +DI, and high relative volume, though its overbought readings keep the position moderate. I am keeping meaningful cash because many other names still show weak or mixed trend structures with negative EMA alignment and broad bearish pressure, while selective rebound candidates like AMZN, GOOGL, and META only receive smaller weights due to improving MACD/OBV but incomplete trend confirmation.",0.0,0.0,0.0,0.0,8.0,1633.17,0.0,0.0,22.0,-32738.54,20.0,-15620.75,10.0,-10251.24,8.0,-2523.24,12.0,4873.67,5.0,-6413.24
150,2018-12-18,2018-12-26,bearish,"AVGO, META, TSLA","JPM, AMZN, AAPL",50.0,-1.47,-26322.2,-2.93,1500000.0,1758430.18,258430.18,1596180.22,96180.22,"The broad setup is defensive: most stocks show negative EMA alignment, weak OBV trends, and many bearish MACD readings, so a large cash position is warranted for a 1-week horizon. AVGO stands out with 4/4 positive EMA alignment, bullish MACD histogram, positive DI over negative DI, and strong relative volume, while META has the best near-term rebound profile with strong bullish MACD histogram, neutral-to-positive momentum, and less damaged trend structure than peers. TSLA gets a smaller tactical weight because its intermediate trend is better than most peers (2/4 EMA alignment, golden cross) and news is supportive, but bearish MACD and weak momentum keep sizing modest.",0.0,0.0,0.0,0.0,16.0,-18843.86,0.0,0.0,8.0,-4634.65,0.0,0.0,0.0,0.0,0.0,0.0,26.0,-2843.69,0.0,0.0
151,2018-12-26,2019-01-03,bearish,"AVGO, GOOGL, LLY","NVDA, AAPL, AMZN",15.0,-3.91,-69183.44,-0.8,1510000.0,1699246.74,189246.74,1593327.03,83327.03,"The broad setup is defensive: most names show negative EMA alignment, bearish MACD, weak price vs moving averages, and many are trading near lower Bollinger Bands, so a meaningful cash position is warranted. AVGO stands out with the strongest trend structure (4/4 EMA alignment, golden cross, price above key averages, OBV up), while GOOGL, LLY, MSFT, and TSLA are relatively less damaged than the deeply bearish names because they have either weaker downtrends, some longer-term trend support, or improving volume/OBV. I am avoiding the clearest technical breakdowns such as AAPL, NVDA, JPM, META, and AMZN, where trend, MACD, ADX, and volume confirmation remain unfavorable despite some oversold conditions.",0.0,0.0,0.0,0.0,0.0,0.0,0.0,0.0,12.0,-16744.46,8.0,-4445.64,0.0,0.0,15.0,-5665.53,35.0,-42853.07,15.0,525.27
152,2019-01-03,2019-01-10,neutral,"LLY, AMZN, JPM","TSLA, META, MSFT",10.0,5.93,101292.3,6.01,1520000.0,1810539.04,290539.04,1699640.94,179640.94,"The broad setup is cautious because most names show negative EMA alignment and weak longer-term trend structure, so I am keeping 10% in cash and favoring stocks with the best near-term countertrend or relative-strength signals. LLY stands out with positive MACD histogram, 2/4 EMA alignment, a golden cross, and low volatility; JPM, AMZN, and GOOGL have improving MACD histograms with less extreme downside structure than many peers, while AAPL and NVDA get smaller tactical weights due to oversold conditions but still carry strong downtrend risk. I am avoiding META, TSLA, MSFT, and AVGO because their momentum/trend combinations are weaker for a 1-week risk-adjusted trade, with bearish MACD or poor volume confirmation outweighing any oversold bounce potential.",12.0,16747.48,6.0,13813.93,0.0,0.0,16.0,9237.07,0.0,0.0,0.0,0.0,18.0,31978.81,14.0,12451.61,0.0,0.0,24.0,17063.4
153,2019-01-10,2019-01-17,neutral,"TSLA, AVGO, LLY",AAPL,10.0,2.09,38045.27,1.58,1530000.0,1858584.3,328584.3,1736585.09,206585.09,"The strongest setups are TSLA, AVGO, and LLY because they have 4/4 EMA alignment, supportive or bullish MACD context, and generally positive OBV trends; AMZN and META also show strong MACD histogram strength and decent trend confirmation, though both are somewhat extended on stochastic measures. I am keeping a 10% cash buffer because many names remain below longer-term averages or are overbought near the upper Bollinger range, which raises short-term pullback risk over a 1-week horizon; AAPL is avoided due to the weakest trend structure with -4/4 EMA alignment and a still-bearish longer-term setup despite a modest MACD improvement.",0.0,0.0,8.0,6508.47,10.0,5176.26,6.0,2752.82,16.0,1975.85,8.0,3542.67,12.0,4880.52,6.0,2054.39,12.0,5086.86,12.0,6067.41
154,2019-01-17,2019-01-25,neutral,"TSLA, AVGO, LLY",AAPL,6.0,-1.41,-26365.6,1.07,1540000.0,1842218.7,302218.7,1765315.41,225315.41,"The setup is broadly constructive but mixed: most names show bullish MACD histograms, rising OBV, and positive DI readings, yet many are also near the upper Bollinger Band with overbought stochastic readings and below-average volume, which argues for selective exposure and some cash. I overweight TSLA, AVGO, and LLY because they have the strongest trend structures with 4/4 EMA alignment, bullish MACD, and supportive ADX/SMA signals; I keep moderate positions in MSFT, META, JPM, AMZN, and GOOGL where momentum is positive but trend alignment is less clean, and I underweight AAPL and NVDA due to weaker longer-term trend alignment and more mixed news/overbought risk.",4.0,911.16,6.0,6229.42,8.0,715.68,8.0,682.7,16.0,-43273.7,10.0,1848.87,8.0,-1999.67,8.0,325.05,16.0,14765.36,10.0,-6570.48
155,2019-01-25,2019-02-01,neutral,"AVGO, MSFT, JPM","TSLA, LLY",10.0,-0.32,-5847.51,1.61,1550000.0,1846371.19,296371.19,1803904.31,253904.31,"The strongest long setups are AVGO, MSFT, JPM, and NVDA based on bullish MACD, supportive price vs short/intermediate moving averages, and generally positive ADX/DI trends; AVGO stands out with 4/4 EMA alignment and a golden cross, while MSFT and JPM combine bullish trend signals with relatively moderate volatility. I am trimming weights in names that look extended near upper Bollinger Bands or overbought oscillators (AAPL, NVDA, AVGO) and holding some cash because many stocks still show mixed longer-term trend structure (-2/4 EMA alignment or no golden cross), suggesting a constructive but not fully confirmed 1-week backdrop. I would avoid TSLA and LLY because TSLA has bearish MACD, strong negative DI/ADX trend pressure, and negative news flow, while LLY has weakening momentum with bearish MACD histogram, soft ADX, and down OBV trend.",8.0,8227.93,12.0,-21400.78,10.0,20758.41,12.0,1053.37,0.0,0.0,14.0,-10622.17,10.0,-4916.14,8.0,2301.68,16.0,-1249.8,0.0,0.0
156,2019-02-01,2019-02-08,neutral,"AVGO, LLY, GOOGL","NVDA, TSLA, MSFT",15.0,0.34,6324.31,0.15,1560000.0,1862695.5,302695.5,1816658.13,256658.13,"I favor stocks with the strongest trend confirmation from the most predictive indicators: AVGO and LLY have 4/4 EMA alignment, bullish MACD, supportive ADX, and positive longer-term SMA structure; AAPL, JPM, and GOOGL also show bullish MACD with improving trend and OBV support. I am reducing exposure where momentum looks stretched near or above the upper Bollinger Band (META, AAPL, LLY) and avoiding names with clearly weaker technical setups or negative catalysts, especially NVDA and TSLA; MSFT and AMZN also have bearish EMA/MACD profiles. Given mixed breadth across the list and several overbought readings, I keep a meaningful cash buffer for risk control over the 1-week horizon.",12.0,6181.59,0.0,0.0,8.0,1451.87,12.0,-5403.99,0.0,0.0,0.0,0.0,3.0,-1301.67,12.0,-3234.07,23.0,11601.96,15.0,-2971.37
157,2019-02-08,2019-02-15,neutral,"AVGO, LLY, AAPL","JPM, AMZN",12.0,1.48,27774.22,2.55,1570000.0,1900469.72,330469.72,1873258.32,303258.32,"I favor AVGO and LLY most because they show the strongest technical setups: 4/4 EMA alignment, bullish MACD, supportive ADX, golden crosses, and relatively constructive momentum, with LLY also showing strong volume confirmation. AAPL, META, MSFT, and GOOGL get moderate allocations due to bullish or improving trend signals, but their positions near upper Bollinger bands and mixed volume keep sizing controlled; NVDA and TSLA are smaller tactical positions because signals are mixed and news adds uncertainty. I avoid JPM and AMZN because their trend structure is clearly weaker, with negative EMA alignment, bearish or deteriorating momentum, and poor volume/OBV confirmation, while keeping some cash for risk control over the 1-week horizon.",12.0,13.2,4.0,4635.92,10.0,-5405.59,0.0,0.0,4.0,509.51,12.0,5422.94,0.0,0.0,10.0,2930.39,18.0,9679.83,18.0,9988.02
158,2019-02-15,2019-02-25,neutral,"AVGO, NVDA, MSFT","TSLA, AMZN",8.0,0.8,15356.79,0.78,1580000.0,1925826.51,345826.51,1897855.69,317855.69,"I favor AVGO, NVDA, MSFT, GOOGL, AAPL, and LLY because they show the strongest combination of bullish trend structure and supportive momentum: AVGO and LLY have 4/4 EMA alignment, bullish MACD, solid ADX, and positive OBV; NVDA has strong post-earnings news, bullish MACD, high volume, and rising OBV; MSFT and GOOGL have constructive trend setups with relatively moderate volatility. I keep smaller positions in JPM and META due to mixed signals such as overbought conditions for JPM and bearish MACD/weak volume for META, while avoiding TSLA and AMZN because their EMA alignment is -4/4 with weaker volume/OBV and less supportive news; some cash is retained because several leaders are near upper Bollinger bands and short-term overbought levels.",12.0,5125.37,16.0,2622.73,4.0,996.97,8.0,796.41,0.0,0.0,12.0,8148.7,0.0,0.0,12.0,-470.96,18.0,-4061.78,10.0,2199.35
159,2019-02-25,2019-03-04,neutral,"LLY, MSFT, AVGO","TSLA, AMZN",15.0,0.74,14327.6,-0.04,1590000.0,1950154.12,360154.12,1907036.91,317036.91,"I favor stocks with the strongest trend quality and confirmation from the most predictive indicators: LLY, MSFT, AVGO, and AAPL stand out with strong EMA/SMA structure, positive or improving MACD, and solid ADX/OBV support. I am more cautious on META and JPM because momentum is extended or mixed, and I underweight NVDA, AMZN, and GOOGL due to weaker alignment, softer volume/OBV, or mixed news; TSLA is avoided because it has the weakest technical profile with -4/4 EMA alignment, bearish MACD, negative OBV trend, and price below key averages. Given several leaders are near upper Bollinger ranges or overbought, I keep a meaningful cash buffer for risk control over the 1-week horizon.",12.0,2159.97,6.0,-1279.7,8.0,2587.05,8.0,-2787.88,0.0,0.0,14.0,1627.19,4.0,2995.38,6.0,3751.67,12.0,-3093.44,15.0,8367.37
160,2019-03-04,2019-03-11,neutral,"MSFT, LLY, GOOGL","TSLA, JPM",10.0,0.09,1735.97,-0.34,1600000.0,1961890.09,361890.09,1910450.1,310450.1,"I favor stocks with the strongest combination of trend and confirmation: MSFT, GOOGL, and LLY all show 4/4 EMA alignment, bullish or strong trend readings, and generally supportive volume/OBV, while AAPL also has strong ADX and a bullish MACD despite being near the upper Bollinger Band. I reduced exposure to names with mixed or weakening setups such as META and AVGO due to bearish MACD, kept AMZN moderate because it is extended above its upper band, and avoided JPM and TSLA because their trend/momentum profiles are weak with bearish MACD and poor directional confirmation. A 10% cash buffer is appropriate given several leading names are somewhat overbought and the opportunity set is bullish but not uniformly strong.",12.0,4079.68,3.0,1635.34,7.0,3853.07,0.0,0.0,0.0,0.0,18.0,1791.46,8.0,-2362.13,16.0,7026.1,8.0,-3325.72,18.0,-10961.82
161,2019-03-11,2019-03-18,neutral,"MSFT, GOOGL, META","TSLA, JPM, AVGO",20.0,1.43,28275.18,1.84,1610000.0,2000165.27,390165.27,1955857.48,345857.48,"I favor stocks with the strongest trend structure and confirmation from the most predictive indicators: MSFT, GOOGL, and META all show strong EMA/SMA trends, positive or near-positive MACD setups, decent ADX, and generally supportive volume/news. NVDA gets a meaningful but smaller allocation because the Mellanox acquisition is a positive catalyst and volume is strong, but its EMA alignment and MACD are weaker; AAPL and AMZN are modest positions due to solid price strength but overbought or mixed signals, while I avoid TSLA, JPM, and AVGO because their technicals are weaker with bearish MACD/OBV or poor trend quality. I keep 20% in cash because several leading names are near upper Bollinger bands or overbought, which raises short-horizon pullback risk over the next week.",8.0,8041.91,12.0,11468.63,12.0,-15952.04,0.0,0.0,0.0,0.0,16.0,13254.34,8.0,6754.35,16.0,2485.44,0.0,0.0,8.0,2222.57
162,2019-03-18,2019-03-25,neutral,"MSFT, AVGO, GOOGL","TSLA, META",10.0,0.31,6196.13,-1.17,1620000.0,2016361.4,396361.4,1942949.64,322949.64,"The portfolio leans toward stocks with the strongest trend confirmation: MSFT and AVGO have 4/4 EMA alignment, bullish MACD, solid ADX, and golden crosses, while GOOGL also shows 4/4 EMA alignment with bullish MACD and moderate momentum. I reduced exposure to names that look extended near or above upper Bollinger Bands with overbought readings (AAPL, JPM, AMZN) and avoided clearly weak setups such as TSLA and META, where bearish trend or momentum signals dominate; a 10% cash buffer helps manage short-horizon risk.",8.0,615.76,9.0,5172.07,0.0,0.0,8.0,-12392.17,0.0,0.0,18.0,277.0,10.0,3704.98,12.0,1792.08,17.0,1081.29,8.0,5945.12
163,2019-03-25,2019-04-01,neutral,"MSFT, AMZN, AAPL","JPM, TSLA",20.0,1.51,30599.93,2.43,1630000.0,2056961.33,426961.33,2000471.0,370471.0,"I favor stocks with the strongest trend confirmation from the most predictive indicators: MSFT, AMZN, AVGO, AAPL, and GOOGL all show bullish MACD, positive EMA/SMA structure, and solid ADX, with MSFT and AVGO also supported by golden crosses. I reduce exposure where momentum is stretched or confirmation is weaker—LLY and AVGO are near overbought, AAPL has OBV weakening, NVDA has mixed trend alignment and down OBV, and META has bearish MACD despite strong EMA alignment. I avoid JPM and TSLA because both have clearly bearish trend structures, negative MACD, strong downside ADX/DI readings, and weak volume confirmation; holding 20% cash improves risk-adjusted positioning for the 1-week horizon.",12.0,3220.84,5.0,4955.71,3.0,881.02,0.0,0.0,0.0,0.0,18.0,4215.91,16.0,7296.59,10.0,270.78,11.0,10398.81,5.0,-639.72
164,2019-04-01,2019-04-08,neutral,"MSFT, AMZN, GOOGL","JPM, META",15.0,0.99,20457.76,1.04,1640000.0,2087419.1,447419.1,2031291.55,391291.55,"The portfolio tilts toward stocks with the strongest trend structure and confirmation from predictive indicators: MSFT, AMZN, GOOGL, AVGO, AAPL, and LLY all show price above key moving averages, generally strong ADX, and mostly positive or resilient news flow. I reduced weights where short-term reversal risk is elevated from bearish MACD or overbought momentum (AAPL, GOOGL, AVGO, AMZN, NVDA, TSLA), avoided JPM due to weak trend alignment and bearish MACD despite decent volume, and kept 15% in cash to manage one-week horizon risk given several names are extended near upper Bollinger bands.",10.0,9576.11,6.0,6470.28,3.0,2289.96,0.0,0.0,4.0,-4568.79,17.0,2686.64,14.0,5689.56,12.0,1923.91,10.0,-885.43,9.0,-2724.48
165,2019-04-08,2019-04-15,neutral,"MSFT, GOOGL, AVGO","TSLA, LLY",20.0,0.78,16461.47,0.41,1650000.0,2113880.56,463880.56,2049632.32,399632.32,"The strongest risk-adjusted setups are in MSFT, GOOGL, META, and AVGO, which combine solid trend structure (mostly 4/4 EMA alignment, favorable SMA trends, and generally positive ADX) with less extreme overbought conditions than AAPL, NVDA, and AMZN. I am keeping meaningful cash because many tech names are extended near upper Bollinger Bands with overbought momentum and light volume, while TSLA and LLY have weaker or conflicting technicals and JPM has mixed trend signals despite a bullish MACD.",8.0,-729.54,7.0,-5427.54,11.0,6225.25,5.0,4258.35,0.0,0.0,12.0,2350.48,9.0,-509.19,12.0,3801.57,11.0,9032.23,5.0,-2540.12
166,2019-04-15,2019-04-23,neutral,"JPM, META, GOOGL","TSLA, LLY",20.0,2.42,51433.35,1.0,1660000.0,2175313.92,515313.92,2080301.32,420301.32,"The portfolio leans toward stocks with the strongest trend structure and confirmation from the most predictive indicators: META, JPM, GOOGL, MSFT, AMZN, and AVGO all show strong price positioning above key moving averages, while META/JPM/AVGO also have bullish MACD and solid ADX. I reduced weights where short-term overbought or weakening momentum raises 1-week pullback risk, especially AAPL, MSFT, AMZN, GOOGL, and AVGO, and kept a meaningful cash buffer because many leaders are near upper Bollinger Bands with mixed volume. TSLA and LLY are avoided due to bearish MACD, weak/negative trend alignment, poor OBV, and unfavorable momentum profiles, while NVDA gets only a small weight because its setup is mixed with bearish MACD and weak confirmation.",8.0,7035.91,3.0,2059.49,12.0,5859.16,14.0,10277.53,0.0,0.0,11.0,8472.75,10.0,9083.25,12.0,9155.4,10.0,-510.14,0.0,0.0
167,2019-04-23,2019-04-30,neutral,"GOOGL, MSFT, META","TSLA, LLY",20.0,0.06,1310.54,0.39,1670000.0,2186624.46,516624.46,2098438.25,428438.25,"The strongest long candidates are GOOGL, MSFT, META, AAPL, AMZN, JPM, and AVGO because they show broadly bullish trend structure with strong EMA/SMA alignment, positive MACD, and high ADX, often confirmed by rising OBV and healthy volume. I am moderating position sizes because many of these names are also overbought on RSI/Stochastic and trading near or above upper Bollinger Bands, which raises short-term pullback risk over a 1-week horizon; therefore I keep a meaningful 20% cash buffer. I avoid TSLA and LLY due to clearly bearish MACD/trend setups and weak volume/OBV confirmation, while NVDA gets only a small weight because its trend is mixed with bearish MACD and declining OBV despite some positive news flow.",10.0,-7172.77,3.0,-3324.91,12.0,13726.87,8.0,3550.6,0.0,0.0,12.0,10787.19,10.0,312.38,15.0,-18479.66,10.0,1910.84,0.0,0.0
168,2019-04-30,2019-05-07,neutral,"MSFT, AMZN, META","TSLA, GOOGL, LLY",35.0,-1.23,-27071.64,-2.07,1680000.0,2169552.82,489552.82,2064765.96,384765.96,"I favor the strongest uptrends with broad technical confirmation: MSFT, AMZN, META, AVGO, AAPL, and JPM all have generally positive EMA/SMA structure, while MSFT, META, AMZN, and JPM also show bullish or strong trend readings via MACD/ADX. I am keeping a large cash buffer because several leaders are short-term overbought near upper Bollinger Bands, while NVDA, TSLA, GOOGL, and LLY show weaker or bearish setups with negative MACD, poor EMA alignment, weak OBV, and/or negative news flow.",8.0,1917.89,0.0,0.0,12.0,-4947.51,8.0,-4300.55,0.0,0.0,14.0,-11962.05,14.0,-881.13,0.0,0.0,9.0,-6898.29,0.0,0.0
169,2019-05-07,2019-05-14,neutral,"META, AMZN, AAPL","NVDA, TSLA, GOOGL",30.0,-2.62,-57014.59,-1.57,1690000.0,2122538.23,432538.23,2042123.82,352123.82,"I favor stocks with strong medium-term trend structure (4/4 EMA alignment, golden cross) and relatively constructive momentum/news, while discounting names with bearish MACD, weak OBV, or strong negative sentiment. META and AMZN have the best combination of strong trend, supportive momentum, and acceptable ADX; AAPL and MSFT remain investable despite short-term MACD softness, while JPM and AVGO get smaller weights due to mixed momentum and weaker confirmation. I avoid NVDA, TSLA, GOOGL, and LLY because their setups are dominated by bearish trend or sentiment signals, and I keep elevated cash because several otherwise strong names show negative MACD histograms and declining OBV, which argues for caution over a 1-week horizon.",12.0,-17371.33,0.0,0.0,16.0,-16612.29,8.0,-4451.12,0.0,0.0,12.0,-1646.08,16.0,-14682.56,0.0,0.0,6.0,-2251.21,0.0,0.0
170,2019-05-14,2019-05-21,bearish,"MSFT, AVGO, JPM","TSLA, NVDA, GOOGL",25.0,-0.24,-5062.08,1.1,1700000.0,2127476.15,427476.15,2074643.55,374643.55,"The overall setup is cautious: most stocks show bearish MACD, weak OBV trends, and prices near lower Bollinger Bands, suggesting broad short-term pressure rather than a clean risk-on backdrop. I favor MSFT most because it has the strongest trend structure (4/4 EMA alignment, price above EMA25/50/100, golden cross) despite short-term MACD softness; AVGO, JPM, META, and AMZN get smaller weights because they retain medium-term support via positive SMA/EMA structure and oversold conditions that could support a 1-week rebound. I avoid the weakest technical names—TSLA, NVDA, LLY, AAPL, and GOOGL—where bearish trend strength, negative momentum, and/or poor EMA alignment outweigh any oversold bounce potential, and I keep elevated cash for risk control.",0.0,0.0,0.0,0.0,8.0,3860.84,12.0,3270.75,0.0,0.0,32.0,14442.27,8.0,1613.21,0.0,0.0,15.0,-28249.14,0.0,0.0
171,2019-05-21,2019-05-29,neutral,"MSFT, JPM, LLY","TSLA, NVDA, AVGO",35.0,-1.23,-26331.55,-2.88,1710000.0,2111144.6,401144.6,2024689.25,314689.25,"The setup is broadly cautious: many names show bearish MACD, weak volume/OBV, and prices near lower Bollinger ranges, so a large cash position is warranted for 1-week risk control. MSFT and JPM have the strongest trend structure with 4/4 EMA alignment, golden crosses, and relatively moderate volatility, while LLY stands out as a defensive candidate with bullish MACD histogram, positive ADX/+DI, low ATR, and improving OBV; I am avoiding the deeply bearish, high-volatility names despite oversold readings because strong downtrends remain intact.",0.0,0.0,0.0,0.0,0.0,0.0,20.0,-13429.69,0.0,0.0,30.0,-9904.14,0.0,0.0,0.0,0.0,0.0,0.0,15.0,-2997.72
172,2019-05-29,2019-06-05,bearish,"LLY, MSFT, META","NVDA, TSLA, AVGO",50.0,-0.17,-3594.29,1.69,1720000.0,2117550.31,397550.31,2068982.67,348982.67,"Most names show weak short-term setups: bearish MACD, price below key EMAs, negative OBV trends, and strong downside ADX readings, which argues for a defensive stance. LLY stands out with bullish MACD histogram, positive ADX/+DI structure, low ATR, and relatively stable positioning; MSFT has the cleanest large-cap trend backdrop with 2/4 EMA alignment, golden cross, low volatility, and supportive news; META is a smaller tactical allocation given mixed but not severely bearish readings. Heavy cash is appropriate because the broad opportunity set is dominated by oversold downtrends rather than confirmed reversals.",0.0,0.0,0.0,0.0,8.0,-13058.22,0.0,0.0,0.0,0.0,18.0,2719.76,0.0,0.0,0.0,0.0,0.0,0.0,24.0,6744.18
173,2019-06-05,2019-06-12,bearish,"JPM, MSFT, LLY","NVDA, GOOGL, META",36.0,0.53,11241.34,1.92,1730000.0,2138791.64,408791.64,2118878.26,388878.26,"The setup across most names is defensive to bearish: many stocks show negative MACD, weak EMA alignment, strong downside ADX trends, and falling OBV, especially NVDA, META, AMZN, GOOGL, AAPL, and TSLA. I am concentrating only in the relatively stronger technical profiles—JPM and MSFT with 4/4 EMA alignment and golden crosses, plus LLY with bullish MACD histogram, positive ADX structure, low ATR, and rising OBV—while keeping a large cash buffer because broad conditions appear weak and news flow is mixed to negative for large-cap tech.",0.0,0.0,0.0,0.0,0.0,0.0,24.0,-3987.32,0.0,0.0,22.0,21053.9,0.0,0.0,0.0,0.0,0.0,0.0,18.0,-5825.24
174,2019-06-12,2019-06-19,neutral,"MSFT, AMZN, AAPL","NVDA, TSLA, GOOGL",24.0,1.45,31141.46,1.62,1740000.0,2179933.1,439933.1,2163352.75,423352.75,"I favor MSFT, AMZN, AAPL, AVGO, and JPM because they show the best combination of supportive trend structure, bullish MACD histogram, positive/neutral momentum, and generally improving OBV. MSFT is the strongest technically with 4/4 EMA alignment, bullish MACD, positive ADX trend strength, and favorable news; AMZN and AAPL also have strong trend signals but are somewhat extended near upper Bollinger bands, so position sizes are moderated. I avoid NVDA, TSLA, GOOGL, META, and LLY because their setups show weaker or negative trend alignment, bearish or mixed momentum, and/or less supportive news, while keeping a sizable cash buffer to manage short 1-week horizon risk and high sector correlation among mega-cap tech names.",14.0,5700.91,0.0,0.0,0.0,0.0,10.0,1258.54,0.0,0.0,22.0,15099.89,18.0,11147.0,0.0,0.0,12.0,-2064.88,0.0,0.0
175,2019-06-19,2019-06-26,neutral,"MSFT, AAPL, AMZN","LLY, AVGO, GOOGL",20.0,-0.2,-4322.07,-0.4,1750000.0,2185611.03,435611.03,2164620.62,414620.62,"The strongest long setups are MSFT, AAPL, AMZN, and META: all show bullish MACD, solid ADX, favorable SMA/golden cross structure, and mostly positive price positioning above key averages, though several are near overbought levels so position sizes are moderated. I keep a meaningful cash buffer because many growth names are extended near upper Bollinger Bands with overbought stochastics, while weaker-trend names like GOOGL, AVGO, NVDA, TSLA, and especially LLY have mixed or negative alignment and/or less supportive news and volume confirmation.",14.0,2990.47,6.0,5268.87,10.0,210.3,8.0,-2279.39,4.0,-2769.94,18.0,-5112.89,14.0,-1760.39,4.0,-1918.48,2.0,1049.36,0.0,0.0
176,2019-06-26,2019-07-03,neutral,"MSFT, AAPL, AMZN","LLY, GOOGL, JPM",27.0,1.86,40942.44,2.87,1760000.0,2236553.47,476553.47,2236983.78,476983.78,"I favor MSFT, AAPL, AMZN, and NVDA because they show the strongest combination of bullish MACD, solid or strong ADX, and generally positive trend structure, with MSFT/AAPL/AMZN also having full 4/4 EMA alignment and golden crosses. NVDA has weaker longer-term trend alignment but strong +DI, bullish MACD histogram, rising OBV, and supportive product news, while AVGO and TSLA get smaller weights due to mixed trend quality and higher volatility. I avoid GOOGL, LLY, and JPM because their trend/momentum profiles are weaker or bearish, and I keep a sizable cash buffer given several leaders are already near upper Bollinger bands or overbought readings, which raises short-term pullback risk over a 1-week horizon.",16.0,8105.4,12.0,5773.69,0.0,0.0,0.0,0.0,5.0,7825.37,18.0,10416.63,14.0,6668.16,0.0,0.0,8.0,2153.19,0.0,0.0
177,2019-07-03,2019-07-11,neutral,"AAPL, META, JPM","LLY, TSLA",15.0,0.61,13764.06,0.17,1770000.0,2260317.53,490317.53,2250819.33,480819.33,"The strongest setups are AAPL, META, JPM, and MSFT due to strong price-above-moving-average trends, mostly bullish MACD readings, solid ADX trend strength, and improving OBV, though several are near overbought Bollinger/Stochastic levels so position sizes are moderated. I keep meaningful cash because many names are extended near upper bands on below-average volume, while weaker trend structures such as LLY, TSLA, and partially NVDA/GOOGL have mixed EMA alignment or weaker long-term trend confirmation despite short-term momentum.",14.0,-4092.83,8.0,3898.22,12.0,5509.28,10.0,2548.88,6.0,2123.18,10.0,1536.23,8.0,5753.22,8.0,3375.28,6.0,-4177.87,3.0,-2709.52
178,2019-07-11,2019-07-18,bullish,"AMZN, AAPL, META","LLY, AVGO, TSLA",20.0,0.42,9451.77,-0.16,1780000.0,2279769.31,499769.31,2257193.64,477193.64,"The strongest long setups are AMZN, AAPL, META, and MSFT, supported by mostly bullish trend structures, positive or strong MACD/ADX readings, and generally favorable price positioning above key moving averages. I am trimming position sizes where momentum looks extended near upper Bollinger Bands or overbought oscillators (especially META, JPM, TSLA, GOOGL), and holding 20% cash because several names are short-term stretched despite the broadly constructive technical backdrop. I avoid AVGO and LLY because their technical profiles are the weakest here: bearish or mixed EMA/MACD structures, weaker confirmation from volume/OBV, and in LLY’s case a clear downtrend with negative momentum.",14.0,6159.98,8.0,4259.86,12.0,-609.23,8.0,907.3,4.0,5686.26,10.0,-3248.03,16.0,-4206.01,8.0,501.64,0.0,0.0,0.0,0.0
179,2019-07-18,2019-07-25,neutral,"META, AVGO, AMZN","LLY, TSLA, MSFT",12.0,0.48,10878.7,0.39,1790000.0,2300648.0,510648.0,2276070.65,486070.65,"The portfolio leans toward stocks with the strongest combination of trend strength and supportive momentum: META, AVGO, AMZN, AAPL, and JPM all show strong price positioning above key moving averages, mostly bullish MACD, and solid ADX/trend structure. I reduced exposure where signals are mixed or stretched—AAPL, NVDA, GOOGL, and especially TSLA show overbought conditions, while MSFT has bearish MACD and weak OBV despite a positive longer-term trend. LLY is avoided because it has the clearest bearish setup with negative EMA alignment, bearish MACD, weak trend structure, and price near the lower Bollinger range; some cash is retained for risk control given crowded bullish positioning across many names.",11.0,1665.65,8.0,3444.48,16.0,-127.73,9.0,1869.01,4.0,-8930.04,7.0,4429.52,12.0,-566.78,8.0,-1804.28,13.0,10898.88,0.0,0.0
180,2019-07-25,2019-08-01,neutral,"AVGO, AAPL, JPM","TSLA, LLY, META",20.0,-0.8,-18489.44,-1.72,1800000.0,2292158.57,492158.57,2246750.38,446750.38,"I favor stocks with the strongest trend structure and confirmation from MACD/ADX/OBV: AAPL, JPM, and AVGO all show 4/4 EMA alignment, golden crosses, bullish MACD, solid ADX, and rising OBV. NVDA also has strong ADX and bullish MACD, while GOOGL gets a moderate allocation because very positive same-day earnings news offsets mixed trend alignment; I avoid TSLA and LLY due to clearly bearish trend/momentum setups, and skip META/AMZN/MSFT because of either negative news or weakening/overextended momentum near the upper band. A 20% cash position reflects short-horizon event risk and the mixed quality of signals across the universe.",16.0,2517.97,12.0,-13529.6,0.0,0.0,14.0,-7744.01,0.0,0.0,8.0,-2808.6,0.0,0.0,14.0,21597.57,16.0,-18522.76,0.0,0.0
181,2019-08-01,2019-08-08,neutral,"GOOGL, AAPL, MSFT","AMZN, TSLA, NVDA",35.0,-0.35,-8019.86,-0.41,1810000.0,2294138.7,484138.7,2247412.26,437412.26,"I favor GOOGL, AAPL, and MSFT because they show the strongest combination of trend strength and supportive news: GOOGL has 4/4 EMA alignment, bullish MACD, very strong ADX, and positive earnings-driven news; AAPL has 4/4 EMA alignment, bullish MACD, strong ADX, rising OBV, elevated volume, and favorable earnings/news flow; MSFT has 4/4 EMA alignment and a strong longer-term trend, though its bearish MACD tempers sizing. I am avoiding AMZN, TSLA, NVDA, META, JPM, and AVGO because most show bearish MACD, weak or mixed EMA structure, down OBV, and/or strong negative directional readings; I keep a large cash buffer to manage one-week horizon risk given several mixed-to-bearish setups across the universe.",20.0,-11045.06,0.0,0.0,0.0,0.0,0.0,0.0,0.0,0.0,15.0,2076.16,0.0,0.0,25.0,-2654.93,0.0,0.0,5.0,3603.97
182,2019-08-08,2019-08-15,neutral,"MSFT, GOOGL, AAPL","NVDA, AMZN, AVGO",30.0,-2.27,-52190.15,-3.05,1820000.0,2251948.55,431948.55,2188448.58,368448.58,"I favor MSFT, GOOGL, and AAPL because they have the strongest trend structures among the group: 4/4 EMA alignment for MSFT, GOOGL, and AAPL, golden crosses, generally neutral-to-positive momentum, and improving OBV trends. LLY earns a smaller allocation due to bullish MACD histogram and strong price position, but its overbought readings and lack of golden cross reduce conviction; TSLA gets only a modest weight because signals are mixed. I avoid NVDA, META, JPM, AMZN, and AVGO because their MACD readings are bearish, EMA alignment is weak or negative, and ADX often confirms strong downside trend pressure, so I keep a large cash buffer for risk control over the 1-week horizon.",12.0,-1255.24,0.0,0.0,0.0,0.0,0.0,0.0,6.0,-13146.06,22.0,-17390.58,0.0,0.0,20.0,-14086.36,0.0,0.0,10.0,-6311.91
183,2019-08-15,2019-08-22,bearish,"GOOGL, AAPL, LLY","TSLA, NVDA, JPM",30.0,1.99,45015.37,2.71,1830000.0,2306963.92,476963.92,2257996.05,427996.05,"The broad setup is cautious: most stocks show bearish MACD, weak OBV, and prices near lower Bollinger ranges, so a large cash position is warranted. I favor relatively resilient names with better trend structure or supportive sentiment: GOOGL and AAPL have positive longer-term trend context with 2/4 EMA alignment and golden crosses, MSFT is less oversold than many peers, AMZN has the strongest news support despite weak technicals, and LLY is the only name with bullish MACD, offering diversification. I avoid the strongest downtrends such as NVDA, TSLA, META, JPM, and AVGO where bearish momentum, weak EMA alignment, and falling OBV dominate.",18.0,21635.06,0.0,0.0,0.0,0.0,0.0,0.0,0.0,0.0,12.0,8325.01,10.0,3634.67,20.0,8588.84,0.0,0.0,10.0,2831.79
184,2019-08-22,2019-08-29,neutral,"AAPL, MSFT, NVDA","TSLA, META, JPM",20.0,-0.71,-16510.98,0.08,1840000.0,2300452.94,460452.94,2269702.54,429702.54,"I favor stocks with the strongest combination of trend and confirmation: AAPL and MSFT have 4/4 EMA alignment, bullish MACD, and solid broader trend structure, while AAPL also has strong ADX. NVDA and AVGO have bullish momentum and strong ADX but are somewhat extended on stochastic readings, so I size them smaller; GOOGL and AMZN are more mixed but still acceptable as secondary positions. I avoid META, JPM, and TSLA because their trend and MACD profiles are bearish or weak, and I keep a meaningful cash buffer because several bullish candidates are near overbought levels with muted volume.",18.0,-6772.3,12.0,-6995.66,0.0,0.0,0.0,0.0,0.0,0.0,16.0,914.73,8.0,-1875.49,12.0,634.69,9.0,-3081.28,5.0,664.32
185,2019-08-29,2019-09-06,neutral,"AAPL, MSFT, GOOGL","NVDA, TSLA",15.0,1.46,33732.4,1.87,1850000.0,2344185.34,494185.34,2322323.05,472323.05,"I favor AAPL, MSFT, and GOOGL because they show the strongest trend structure with 4/4 EMA alignment, golden crosses, neutral-to-positive momentum, and rising OBV, even though MACD is slightly bearish on some names. AVGO and META/JPM receive smaller allocations due to improving MACD histograms and supportive OBV, while AMZN and LLY are lower-conviction mixed setups. I avoid NVDA and TSLA because NVDA’s news flow is clearly negative despite decent technicals, and TSLA has the weakest technical profile with -4/4 EMA alignment, no golden cross, and bearish MACD; 15% cash reflects mixed market breadth and several overbought/late-stage readings near upper Bollinger bands.",18.0,8456.55,0.0,0.0,8.0,1912.42,7.0,5019.86,0.0,0.0,17.0,2786.84,5.0,3046.5,16.0,3739.34,11.0,7659.41,3.0,1111.48
186,2019-09-06,2019-09-13,neutral,"AAPL, MSFT, GOOGL",TSLA,10.0,1.12,26310.31,1.02,1860000.0,2380495.65,520495.65,2356112.18,496112.18,"The strongest setups are AAPL, MSFT, and GOOGL, which combine bullish MACD, strong longer-term trend structure including golden crosses, supportive OBV trends, and relatively controlled volatility; AAPL and MSFT also have full 4/4 EMA alignment. AMZN, JPM, LLY, and NVDA show improving momentum with bullish MACD and positive DI/OBV, but several are near upper Bollinger Bands or overbought on stochastic/CCI, so position sizes are moderated. I avoid TSLA because its trend structure is weakest here with negative EMA alignment, no golden cross, and declining OBV, while keeping 10% cash due to broad overbought readings across many names and limited volume confirmation.",16.0,9696.69,8.0,3468.42,5.0,-188.37,8.0,12744.1,0.0,0.0,16.0,-4819.95,10.0,748.57,15.0,9867.96,5.0,-641.14,7.0,-4565.97
187,2019-09-13,2019-09-20,neutral,"AAPL, GOOGL, NVDA","LLY, TSLA, AMZN",20.0,-1.0,-23974.3,-0.48,1870000.0,2366521.35,496521.35,2354854.37,484854.37,"The strongest risk-adjusted setups are AAPL, GOOGL, and NVDA: all have bullish MACD, strong EMA/SMA trend structure, positive ADX, and generally supportive volume/OBV, with AAPL also backed by favorable product-launch news. I am trimming exposure to names that look extended or mixed—JPM and GOOGL are near/above upper Bollinger bands with overbought momentum, TSLA and AMZN have weaker trend alignment, MSFT has a bearish MACD and weak ADX, and LLY has the clearest bearish technical profile with negative EMA alignment, no golden cross, and bearish MACD. Given several leaders are somewhat stretched and sector correlations are high, I am keeping a meaningful cash buffer.",18.0,-2006.39,12.0,-14584.21,4.0,1399.64,8.0,-2115.53,5.0,-2232.56,8.0,2952.46,5.0,-2935.91,14.0,-2750.15,6.0,-1701.65,0.0,0.0
188,2019-09-20,2019-09-27,neutral,"AAPL, MSFT, GOOGL","NVDA, AMZN, AVGO",20.0,-1.11,-26321.21,-0.97,1880000.0,2350200.14,470200.14,2342020.7,462020.7,"I favor AAPL, MSFT, and GOOGL because they show the cleanest bullish trend setups: strong EMA/SMA alignment, positive MACD, supportive volume, and generally constructive news/sentiment. JPM and LLY have strong momentum but look more extended or sentiment-risky, so I size them smaller; META and TSLA are mixed but still have some upside support from bullish MACD and decent momentum. I avoid NVDA, AMZN, and AVGO due to weaker or conflicting technicals such as bearish MACD, poor EMA alignment, weak OBV, or negative trend pressure, and I keep 20% in cash to manage short-horizon risk.",16.0,1903.55,0.0,0.0,8.0,-12842.95,10.0,-2358.56,4.0,596.56,16.0,-4663.15,0.0,0.0,16.0,-1202.71,0.0,0.0,10.0,-7753.95
189,2019-09-27,2019-10-04,neutral,"GOOGL, AAPL, JPM","META, AMZN, NVDA",25.0,-0.2,-4700.76,-0.36,1890000.0,2355499.38,465499.38,2343660.72,453660.72,"I favor AAPL, JPM, and GOOGL because they have the strongest trend structures in the group with 4/4 EMA alignment, positive SMA trends, golden crosses, and generally neutral momentum rather than deeply overbought conditions. MSFT and TSLA receive smaller allocations due to mixed but not outright bearish setups, while I avoid META and AMZN because their trend and MACD signals are strongly negative with weak price positioning; elevated cash reflects broad caution since many names show bearish MACD histograms and declining OBV.",18.0,15900.72,0.0,0.0,0.0,0.0,16.0,-6999.03,8.0,-8343.99,12.0,801.94,0.0,0.0,21.0,-6060.39,0.0,0.0,0.0,0.0
190,2019-10-04,2019-10-11,neutral,"AAPL, MSFT, NVDA","AMZN, META, LLY",25.0,2.01,47449.43,0.66,1900000.0,2412948.81,512948.81,2369092.64,469092.64,"I favor AAPL and MSFT because both have strong trend structure (4/4 EMA alignment, golden cross) and relatively stable volatility, with AAPL also supported by positive iPhone-demand news and strong OBV. NVDA, GOOGL, AVGO, and a smaller TSLA position are included as selective tactical exposures, but their bearish MACD readings or mixed trend signals reduce conviction; I avoid META, AMZN, JPM, and LLY due to weaker trend/momentum combinations, negative OBV, and stronger downside directional signals. The elevated cash weight reflects mixed short-term market internals, with several stocks showing bullish longer-term trend but bearish near-term MACD.",24.0,23008.01,12.0,6270.95,0.0,0.0,0.0,0.0,8.0,13459.3,16.0,4274.8,0.0,0.0,8.0,742.32,7.0,-305.95,0.0,0.0
191,2019-10-11,2019-10-18,neutral,"AAPL, MSFT, NVDA","AMZN, LLY, JPM",20.0,0.77,18565.62,0.57,1910000.0,2441514.43,531514.43,2392663.54,482663.54,"I favor AAPL and MSFT most because they show strong trend structure with 4/4 EMA alignment, golden crosses, bullish MACD, supportive volume/OBV, and broadly positive news sentiment. NVDA and GOOGL also have constructive setups, though NVDA is more extended and GOOGL has weaker MACD, while META and TSLA get smaller weights due to mixed trend quality and overbought conditions; I avoid AMZN and LLY because both have -4/4 EMA alignment, bearish MACD, weak trend positioning, and no strong confirming news. A 20% cash buffer is appropriate given several leaders are near overbought readings and the 1-week horizon increases reversal risk.",20.0,410.29,14.0,8207.08,6.0,1310.2,4.0,3688.46,6.0,5313.31,18.0,-7087.72,0.0,0.0,10.0,5720.0,2.0,1004.0,0.0,0.0
192,2019-10-18,2019-10-25,bullish,"AAPL, JPM, GOOGL","AMZN, LLY, META",15.0,5.1,125007.83,1.22,1920000.0,2576522.26,656522.26,2431934.17,511934.17,"The strongest risk-adjusted setups are AAPL, JPM, and GOOGL: all show 4/4 EMA alignment, golden crosses, bullish MACD, solid ADX trend strength, and generally supportive news/volume trends. NVDA and AVGO also have constructive technicals but carry higher short-term volatility, while TSLA is kept smaller due to weaker trend structure and overbought conditions; MSFT gets only a modest weight because trend strength is weak and OBV is down. I avoid AMZN and LLY because both have negative EMA alignment and no clear trend confirmation, and skip META because its 0/4 EMA alignment and irrelevant news reduce conviction despite a strong MACD histogram.",18.0,18982.85,12.0,21698.0,0.0,0.0,16.0,17796.74,8.0,54329.28,6.0,3553.9,0.0,0.0,16.0,6269.34,9.0,2377.73,0.0,0.0
193,2019-10-25,2019-11-01,neutral,"GOOGL, MSFT, NVDA","AMZN, LLY, TSLA",18.0,0.98,25423.14,1.51,1930000.0,2611945.4,681945.4,2478691.92,548691.92,"The portfolio leans toward stocks with the strongest trend confirmation: GOOGL, MSFT, NVDA, AAPL, and JPM all show bullish MACD, strong or solid EMA/SMA structure, and generally positive OBV trends, with GOOGL and MSFT offering better momentum balance than the more extended names. I reduced exposure to AAPL, JPM, and especially TSLA because their RSI/stochastic readings are overbought and prices are near or above upper Bollinger bands, while AMZN and LLY are avoided due to weaker trend structure, negative EMA alignment, and less supportive directional signals. Cash is kept elevated to manage short-horizon pullback risk given how many candidates are already extended after strong runs.",12.0,11630.85,14.0,-3452.14,4.0,3155.21,10.0,3632.56,4.0,-4672.82,14.0,7693.62,0.0,0.0,16.0,2602.3,8.0,4833.56,0.0,0.0
194,2019-11-01,2019-11-08,bullish,"GOOGL, MSFT, NVDA","AMZN, TSLA, LLY",10.0,2.19,57396.42,0.91,1940000.0,2679341.82,739341.82,2511454.27,571454.27,"The overall setup is moderately bullish because most names show strong trend alignment, bullish MACD, and positive medium-term structure, but several are also near overbought levels, so I am keeping a 10% cash buffer. I favor GOOGL, MSFT, and NVDA because they combine solid 4/4 EMA alignment and bullish MACD with less extreme momentum than AAPL, JPM, and TSLA, while GOOGL also has the clearest positive news catalyst; I underweight or avoid weaker-structure names like AMZN and LLY due to negative EMA alignment/golden cross signals and mixed sentiment.",8.0,4182.52,14.0,9403.71,8.0,-3011.7,7.0,3705.18,4.0,7976.89,14.0,5721.16,3.0,-244.13,16.0,12117.98,11.0,16356.28,5.0,1188.52
195,2019-11-08,2019-11-15,bullish,"GOOGL, MSFT, META","AMZN, LLY, TSLA",15.0,1.11,29758.64,0.92,1950000.0,2719100.46,769100.46,2544714.79,594714.79,"The strongest setups are in GOOGL, MSFT, META, AAPL, JPM, and AVGO, which generally show bullish MACD, strong EMA/SMA trend alignment, and solid ADX readings; GOOGL and AVGO also have better trend confirmation from OBV, while META has less overbought momentum than many peers. I am trimming or avoiding names with weaker trend quality or poorer confirmation: AMZN has negative EMA alignment, no golden cross, weak ADX, and down OBV; LLY has mixed trend structure and weak ADX; TSLA, AAPL, and JPM are strong but very overbought, so position sizes are moderated and some capital is held in cash for risk control over the 1-week horizon.",10.0,5809.96,8.0,-3717.31,12.0,7203.93,10.0,-1753.3,5.0,5994.67,12.0,8866.11,0.0,0.0,15.0,7562.62,10.0,-429.07,3.0,221.03
196,2019-11-15,2019-11-22,neutral,"MSFT, GOOGL, META","AMZN, TSLA, NVDA",20.0,-0.24,-6629.98,-0.27,1960000.0,2722470.49,762470.49,2547913.54,587913.54,"The strongest risk-adjusted setups are MSFT, GOOGL, META, AVGO, and AAPL: all have 4/4 EMA alignment, golden crosses, bullish or improving MACD, solid ADX, and generally supportive OBV trends. I am trimming AAPL, MSFT, GOOGL, and especially TSLA because several are overbought near upper Bollinger Bands, while NVDA gets only a small weight due to bearish MACD, negative DI leadership, and down OBV despite strong longer-term trend; AMZN is avoided because it has -4/4 EMA alignment, no golden cross, bearish MACD, weak momentum, and down OBV. A 20% cash buffer reflects short-horizon mean-reversion risk after broad strength across many names.",10.0,-4087.07,3.0,2686.46,12.0,6244.35,8.0,2123.78,4.0,-5929.83,16.0,375.71,0.0,0.0,14.0,-11423.23,11.0,1928.4,2.0,1451.45
197,2019-11-22,2019-12-02,neutral,"META, MSFT, AAPL","AMZN, TSLA",15.0,0.05,1321.32,0.22,1970000.0,2733791.81,763791.81,2563507.57,593507.57,"The portfolio tilts toward stocks with the strongest trend structure and better confirmation: META and MSFT have 4/4 EMA alignment, golden crosses, bullish MACD, strong ADX, and relatively supportive OBV/price action; AAPL and AVGO also retain strong trend setups despite slightly bearish MACD histograms. I am reducing exposure where momentum looks stretched or mixed and where volume/OBV confirmation is weak, and I am avoiding AMZN because it has the clearest bearish technical profile with negative EMA alignment, no golden cross, bearish MACD, and strong negative directional movement. A 15% cash buffer is appropriate because several otherwise bullish names are near upper Bollinger bands or overbought, which raises short-term pullback risk over a 1-week horizon.",12.0,2981.14,6.0,-1154.96,16.0,1935.05,7.0,994.44,4.0,600.58,14.0,-102.4,0.0,0.0,8.0,-812.77,11.0,-4008.62,7.0,888.86
198,2019-12-02,2019-12-09,neutral,"META, LLY, AAPL","AMZN, GOOGL, NVDA",10.0,1.44,39447.71,0.72,1980000.0,2783239.51,803239.51,2592004.82,612004.82,"I favor stocks with the strongest combination of trend strength and confirmation: META and LLY have 4/4 EMA alignment, bullish MACD, and strong ADX, while AAPL, MSFT, and JPM have strong trend structure despite mildly bearish MACD histograms. I underweight or avoid names with weaker alignment or conflicting signals such as AMZN and GOOGL, and keep some cash because several stocks show negative MACD/OBV divergences and many opportunities are concentrated in large-cap growth.",14.0,4013.53,3.0,1148.69,16.0,3605.26,12.0,7363.0,5.0,1909.1,14.0,4649.25,3.0,-1482.63,4.0,4609.38,4.0,1292.76,15.0,12339.38
199,2019-12-09,2019-12-16,neutral,"GOOGL, JPM, AAPL",AMZN,10.0,2.8,78327.95,1.79,1990000.0,2871567.47,881567.47,2648594.95,658594.95,"The portfolio leans toward stocks with strong trend structure (4/4 EMA alignment, positive SMA trends, golden crosses) and either bullish or improving confirmation from MACD/ADX/volume, with GOOGL and JPM standing out due to bullish MACD, strong ADX, and supportive news/OBV. AAPL, META, MSFT, and TSLA have solid uptrends but weaker short-term MACD, so they receive moderate weights, while LLY is trimmed due to overbought momentum and AMZN is avoided because of negative EMA alignment, bearish MACD, no golden cross, and weakening OBV.",12.0,16249.57,4.0,6835.3,10.0,-4744.63,14.0,8524.56,8.0,27622.25,10.0,7695.46,0.0,0.0,18.0,6630.32,6.0,4664.57,8.0,4850.54
200,2019-12-16,2019-12-23,bullish,"GOOGL, AVGO, AAPL","META, AMZN",10.0,2.27,65318.89,1.03,2000000.0,2946886.36,946886.36,2686047.61,686047.61,"The strongest setups are GOOGL, AVGO, AAPL, and MSFT: all have 4/4 EMA alignment, bullish MACD, positive OBV trends, and solid ADX, with GOOGL and AVGO offering better momentum balance than the more stretched mega-cap names. I am keeping moderate exposure to JPM, NVDA, LLY, and TSLA because trend strength is strong, but several names show overbought readings and price near or above upper Bollinger Bands, which raises short-term pullback risk over a 1-week horizon. I am avoiding META and AMZN because META has bearish MACD, negative OBV trend, and weaker directional setup, while AMZN has negative EMA alignment, no golden cross, bearish MACD, and low ADX indicating weak trend quality.",12.0,5115.2,10.0,17495.51,0.0,0.0,10.0,-293.67,8.0,22792.72,12.0,4179.78,0.0,0.0,14.0,-2985.51,14.0,-453.64,10.0,19468.5
201,2019-12-23,2019-12-31,bullish,"NVDA, MSFT, LLY","TSLA, AMZN, JPM",10.0,0.26,7834.25,0.2,2010000.0,2964720.61,954720.61,2701420.02,691420.02,"The portfolio leans toward stocks with the strongest trend confirmation from 4/4 EMA alignment, golden crosses, bullish MACD, and solid ADX, especially NVDA, MSFT, AAPL, META, and LLY. I am moderating position sizes where momentum is stretched or near upper Bollinger Bands—most notably TSLA, AAPL, MSFT, NVDA, and LLY—and keeping 10% in cash because several names are overbought and a 1-week horizon raises pullback risk. Lower weights go to JPM, AMZN, and AVGO due to weaker momentum confirmation, bearish/soft MACD signals, weaker volume confirmation, or less favorable trend structure.",12.0,12056.57,14.0,-6101.45,10.0,-1333.72,6.0,2844.8,4.0,-251.1,12.0,653.66,4.0,3617.52,10.0,-2460.78,6.0,-1948.82,12.0,757.56
202,2019-12-31,2020-01-08,bullish,"MSFT, AAPL, NVDA","AVGO, GOOGL, JPM",25.0,2.99,88923.95,0.8,2020000.0,3063644.56,1043644.56,2733239.27,713239.27,"The portfolio leans toward stocks with strong trend structure, bullish MACD, and solid ADX while avoiding the most stretched or weakening setups. MSFT stands out for balanced bullish technicals without extreme overbought readings, while AAPL and LLY have very strong trends but get smaller weights because RSI and Bollinger positioning suggest short-term extension; GOOGL, AVGO, and JPM are de-emphasized due to bearish MACD or weaker confirmation, and a sizable cash position is held for risk control given several names are near overbought levels.",10.0,9664.13,9.0,5780.0,8.0,11559.75,6.0,-2024.11,8.0,41988.7,14.0,6311.59,8.0,5683.38,4.0,5832.22,0.0,0.0,8.0,4128.28
203,2020-01-08,2020-01-15,bullish,"AMZN, GOOGL, MSFT","AVGO, TSLA, LLY",20.0,1.44,44208.86,1.15,2030000.0,3117853.42,1087853.42,2774860.11,744860.11,"The overall setup is moderately bullish because most names show strong EMA alignment, positive long-term trend structure, and generally strong ADX readings, but several leaders are also stretched with overbought RSI/stochastic readings near upper Bollinger Bands. I favor AMZN, GOOGL, and MSFT for combining strong trend quality with less extreme momentum than TSLA/AAPL/META, while keeping meaningful cash due to short-horizon mean-reversion risk; I avoid AVGO because its EMA alignment is weak, MACD is bearish, ADX is low, and OBV is down.",10.0,8262.26,8.0,5308.95,8.0,6775.11,6.0,-296.26,4.0,6585.22,12.0,7119.28,14.0,-6811.86,14.0,10461.87,0.0,0.0,4.0,6804.3
204,2020-01-15,2020-01-23,bullish,"NVDA, GOOGL, MSFT","AVGO, LLY, TSLA",20.0,2.17,67791.66,1.08,2040000.0,3195645.08,1155645.08,2814814.25,774814.25,"The portfolio leans toward stocks with the strongest trend confirmation from the most predictive indicators: 4/4 EMA alignment, bullish MACD, strong ADX, and golden cross support, especially NVDA, GOOGL, AAPL, and MSFT. I am trimming position sizes in names showing overbought momentum and weak volume/OBV confirmation such as META, TSLA, and LLY, while avoiding AVGO due to weak EMA alignment, bearish MACD, negative DI setup, and down OBV; elevated cash reflects broad upside trends but stretched short-term momentum across many names.",12.0,9512.12,14.0,12999.55,6.0,-1179.6,5.0,-205.86,7.0,22676.2,12.0,8142.52,5.0,1894.83,14.0,13841.08,0.0,0.0,5.0,110.83
205,2020-01-23,2020-01-30,bullish,"MSFT, GOOGL, AAPL","JPM, TSLA, LLY",15.0,0.13,4164.4,-1.22,2050000.0,3209809.48,1159809.48,2790411.07,740411.07,"The portfolio tilts toward stocks with the strongest trend confirmation and cleaner technical setups: MSFT, GOOGL, AAPL, META, and AVGO all show 4/4 EMA alignment, bullish or improving MACD, solid ADX, and generally supportive or non-negative news. I am underweight or avoiding names with weaker short-term risk/reward: JPM has bearish MACD, weak ADX, negative DI structure, oversold CCI, and falling OBV; AMZN and NVDA have mixed momentum/MACD signals; TSLA and LLY have powerful trends but are extremely overbought, so exposure is kept small. A meaningful cash buffer is retained because many leading names are near upper Bollinger Bands with overbought momentum, which raises 1-week pullback risk despite the broadly bullish trend backdrop.",12.0,5591.13,6.0,-5362.6,10.0,-14922.48,0.0,0.0,4.0,15375.0,16.0,18643.14,4.0,-945.75,16.0,-10515.88,12.0,-5355.27,5.0,1657.11
206,2020-01-30,2020-02-06,neutral,"MSFT, GOOGL, AAPL","META, JPM, AMZN",30.0,3.39,109176.76,1.92,2060000.0,3328986.24,1268986.24,2854251.87,794251.87,"I favor names with the strongest trend structure and better confirmation from MACD, ADX, volume, and news: MSFT stands out with 4/4 EMA alignment, bullish MACD, strong ADX, high volume, and positive news; GOOGL and AAPL have solid trend alignment but weaker short-term momentum, so they receive moderate weights. TSLA has the strongest momentum and news catalyst but is extremely overbought and above its upper Bollinger Band, so I keep the position smaller; I avoid META, JPM, AMZN, and NVDA because their MACD/DI/OBV combinations are weaker or bearish for a 1-week horizon, and I keep substantial cash due to mixed short-term signals across many names.",10.0,1332.13,0.0,0.0,0.0,0.0,0.0,0.0,8.0,43472.77,22.0,44482.63,0.0,0.0,12.0,5770.82,8.0,3669.26,10.0,10449.16
207,2020-02-06,2020-02-13,neutral,"MSFT, JPM, GOOGL","TSLA, META",10.0,1.21,40515.39,0.92,2070000.0,3379501.63,1309501.63,2890666.46,820666.46,"The portfolio emphasizes names with strong trend structure and better near-term risk-adjusted setups: MSFT, GOOGL, JPM, AVGO, and AAPL all show favorable EMA alignment and golden crosses, with MSFT/JPM/AVGO/AMZN also supported by bullish MACD, while GOOGL and AAPL retain solid trend strength despite mild MACD softness. I am reducing or avoiding stocks where 1-week pullback risk looks elevated from stretched momentum or weaker trend confirmation: TSLA is extremely volatile with very high ATR and crowded surge-driven news, META has the weakest technical profile with bearish MACD and negative DI leadership, and LLY/AMZN/NVDA are kept smaller due to overbought conditions. A 10% cash buffer is retained for defense given several large-cap tech names are near upper Bollinger bands and short-term momentum is mixed.",10.0,442.56,8.0,17366.66,0.0,0.0,14.0,917.05,0.0,0.0,16.0,232.76,8.0,12981.83,14.0,11851.31,12.0,5364.26,8.0,-8641.03
208,2020-02-13,2020-02-21,neutral,"NVDA, MSFT, GOOGL","META, LLY, TSLA",15.0,0.32,10678.42,-1.06,2080000.0,3400180.05,1320180.05,2869857.83,789857.83,"The strongest 1-week setups are NVDA, MSFT, and GOOGL: all have full EMA alignment, golden crosses, bullish or improving MACD, and solid ADX, with NVDA and MSFT showing especially strong trend strength and supportive volume/news. I am reducing exposure to names with weaker short-term risk/reward such as META and LLY due to bearish MACD and less supportive news/volume, while keeping TSLA and AMZN smaller because both are extended/overbought and TSLA also carries elevated volatility; a 15% cash buffer helps manage short-horizon pullback risk across a largely overbought tape.",10.0,-12332.19,18.0,52476.25,0.0,0.0,8.0,-4070.9,4.0,16357.3,18.0,-15383.76,8.0,-6798.33,14.0,-9384.81,5.0,-10185.13,0.0,0.0
209,2020-02-21,2020-02-28,neutral,"NVDA, AMZN, GOOGL","AAPL, AVGO, META",15.0,-10.03,-342130.63,-11.16,2090000.0,3068049.42,978049.42,2558434.02,468434.02,"I favor stocks with the strongest trend structure and acceptable momentum: NVDA, AMZN, GOOGL, MSFT, LLY, and TSLA all have positive longer-term trend setups, with NVDA and TSLA showing especially strong ADX and bullish EMA alignment, while AMZN also has a bullish MACD. I avoid AAPL, META, JPM, and AVGO because their MACD/OBV profiles are weaker, ADX is low or negative directional pressure dominates, and AAPL also has clearly negative coronavirus-related news; I keep 15% in cash because several leaders are extended or showing mixed short-term momentum despite strong longer-term trends.",0.0,0.0,20.0,-55288.64,0.0,0.0,0.0,0.0,12.0,-105829.89,13.0,-41157.4,16.0,-55245.71,14.0,-46411.31,0.0,0.0,10.0,-38197.68
210,2020-02-28,2020-03-06,bearish,"GOOGL, NVDA, AMZN","JPM, META, LLY",50.0,0.15,4613.91,0.41,2100000.0,3082663.32,982663.32,2578837.24,478837.24,"The overall setup is defensive: most stocks show bearish MACD, strong negative ADX/-DI trends, elevated volume on selloffs, and prices near or below lower Bollinger Bands, which points to broad market stress over the next week. I am keeping 50% in cash and only allocating to names with relatively better technical resilience or rebound potential from oversold levels: GOOGL and NVDA have the strongest relative trend structure among the group, while AMZN, AAPL, and TSLA offer limited tactical bounce setups but still carry meaningful downside risk.",8.0,14115.64,12.0,-5511.73,0.0,0.0,0.0,0.0,5.0,8176.77,0.0,0.0,10.0,2833.35,15.0,-15000.12,0.0,0.0,0.0,0.0
211,2020-03-06,2020-03-13,bearish,"LLY, MSFT, AAPL","JPM, META, GOOGL",45.0,-2.41,-74677.87,-9.46,2110000.0,3017985.45,907985.45,2343931.36,233931.36,"The broad setup is defensive: most stocks show bearish MACD, weak EMA alignment versus short-term averages, strong negative ADX trends, and declining OBV, suggesting downside pressure over the next week. I am concentrating risk in LLY because it is the only name with 4/4 EMA alignment, bullish MACD histogram, positive SMA structure, and relatively lower ATR%, while keeping modest positions in higher-quality but technically damaged names like AAPL, MSFT, and AMZN that are near lower Bollinger ranges and could stabilize; I avoid the most trend-broken names such as META, JPM, GOOGL, and AVGO despite oversold readings because their downtrends are strong and volume trends remain weak.",8.0,-9467.39,3.0,-8788.35,0.0,0.0,0.0,0.0,4.0,-27583.73,8.0,-4195.77,7.0,-13219.73,0.0,0.0,0.0,0.0,25.0,-11422.9
212,2020-03-13,2020-03-20,bearish,"LLY, MSFT, AMZN","META, JPM, AVGO",40.0,-7.08,-214287.27,-14.55,2120000.0,2813698.18,693698.18,2011534.13,-108465.87,"The overall setup is defensive: most stocks show bearish MACD, weak EMA alignment, high ADX with -DI dominant, and prices near lower Bollinger bands, indicating strong downside trends and elevated volatility. I am concentrating limited exposure in the relatively stronger names—LLY for the only clearly positive EMA structure and lower volatility, plus MSFT, AMZN, AAPL, and GOOGL as higher-quality names with less extreme technical damage than META/JPM/AVGO; TSLA and NVDA get only small tactical weights due to oversold bounce potential but poor trend confirmation.",6.0,-31849.6,3.0,-13235.17,0.0,0.0,0.0,0.0,4.0,-26387.82,12.0,-49140.18,8.0,8290.39,5.0,-18211.26,2.0,-10014.68,20.0,-73738.95
213,2020-03-20,2020-03-27,bearish,"AMZN, MSFT, LLY","JPM, AVGO, META",25.0,4.7,132742.45,10.76,2130000.0,2956440.63,826440.63,2239061.3,109061.3,"Most names show strongly bearish trend structures: prices well below key EMAs/SMAs, negative MACD, and high ADX with -DI leading, which argues for a defensive stance. AMZN stands out as the least damaged technically with only small gaps versus EMAs, ADX with +DI above -DI, neutral-to-firm momentum, and OBV up; MSFT and LLY get smaller allocations due to oversold conditions near lower Bollinger bands and some relative support, while TSLA is kept modest as a high-volatility oversold rebound candidate. Cash is elevated because broad conditions across the universe remain risk-off and many signals still point to persistent downside pressure over the 1-week horizon.",3.0,6836.28,2.0,12895.01,2.0,2662.83,0.0,0.0,4.0,22939.37,12.0,30467.55,42.0,34696.76,3.0,3334.63,0.0,0.0,7.0,18910.01
214,2020-03-27,2020-04-03,neutral,"NVDA, MSFT, AMZN","META, JPM",15.0,-0.4,-11854.49,-2.06,2140000.0,2954586.15,814586.15,2202645.91,62645.91,"The setup favors a selective risk-on stance but not full deployment: many names still trade below key medium-term averages, yet several show bullish MACD histograms, improving OBV, and neutral-to-recovering momentum after a sharp selloff. I overweight NVDA, MSFT, AMZN, and LLY because they combine relatively stronger trend structure or EMA positioning with constructive MACD/ADX profiles and generally supportive or resilient news, while keeping cash elevated due to broad volatility and avoiding the weakest trend names with poor alignment and softer volume confirmation such as META and JPM.",8.0,-6063.64,17.0,-17599.3,0.0,0.0,0.0,0.0,8.0,-15848.4,16.0,13094.44,14.0,1418.51,5.0,-2345.87,7.0,3213.48,10.0,12276.29
215,2020-04-03,2020-04-13,neutral,"LLY, MSFT, AMZN","META, JPM, AVGO",15.0,9.69,287306.3,11.07,2150000.0,3251892.44,1101892.44,2457544.58,307544.58,"The setup is mixed-to-cautious: many stocks still have weak trend structure with negative EMA alignment and declining OBV, but several show improving short-term momentum via bullish MACD histograms. I am emphasizing the names with the strongest technical balance for a 1-week horizon—LLY (4/4 EMA alignment, strong ADX, bullish MACD, OBV up), MSFT and AMZN (near-flat to improving trend, bullish MACD, lower relative volatility), while keeping meaningful cash because broad participation and volume confirmation are weak across much of the list. I am avoiding the weakest trend profiles such as META and JPM, where price is far below key averages, ADX confirms downside pressure, and volume trends are not supportive.",5.0,19550.21,8.0,25222.85,0.0,0.0,0.0,0.0,8.0,84459.3,18.0,40517.16,16.0,65251.71,7.0,22354.99,3.0,9741.89,20.0,20208.21
216,2020-04-13,2020-04-20,neutral,"AMZN, MSFT, LLY","JPM, META, GOOGL",10.0,6.18,201457.43,2.15,2160000.0,3463349.87,1303349.87,2520626.06,360626.06,"I favor AMZN, MSFT, and LLY because they show the strongest trend quality: bullish MACD, strong ADX, supportive SMA/EMA structure, and generally positive OBV trends. I keep moderate exposure to AAPL, NVDA, and TSLA due to bullish momentum but trim sizing because several names are overbought near upper Bollinger Bands with mixed or light volume confirmation. I underweight or avoid heavier allocations to JPM, META, GOOGL, and AVGO because their longer-term trend structure is weaker (negative EMA alignment or no golden cross), sentiment is mixed, and this is only a 1-week horizon, so I retain 10% cash for risk control.",8.0,3514.46,7.0,14553.67,4.0,2575.33,3.0,-6458.0,8.0,38247.74,16.0,30113.97,20.0,67599.97,5.0,6836.87,4.0,-823.24,15.0,45296.68
217,2020-04-20,2020-04-27,bullish,"MSFT, LLY, AMZN","JPM, META",15.0,1.7,59020.6,1.94,2170000.0,3532370.47,1362370.47,2579694.18,409694.18,"The strongest 1-week setups are MSFT, LLY, AMZN, TSLA, AAPL, and NVDA due to bullish MACD, strong ADX, favorable EMA/SMA trends, and mostly positive market-linked news, though several are near upper Bollinger Bands with overbought stochastic readings. I am keeping meaningful cash because volume is generally below average across the universe and many leaders look extended, which raises pullback risk over a short 5-day horizon. JPM is avoided because of -4/4 EMA alignment, no golden cross, and weak long-term trend structure, while META/GOOGL/AVGO get smaller weights due to mixed trend alignment despite positive MACD.",10.0,7826.33,8.0,9709.18,3.0,5413.45,0.0,0.0,10.0,24380.85,18.0,-3607.16,12.0,-3066.43,5.0,1337.14,4.0,5470.66,15.0,11556.58
218,2020-04-27,2020-05-04,bullish,"AMZN, LLY, MSFT","JPM, AVGO",15.0,-0.4,-14244.59,-1.21,2180000.0,3528125.88,1348125.88,2558299.23,378299.23,"The strongest setups are AMZN, LLY, MSFT, and NVDA because they combine 4/4 EMA alignment or otherwise very strong trend structure, bullish MACD, rising OBV, and solid ADX readings; AMZN and LLY stand out further with exceptionally strong ADX. AAPL also merits exposure given bullish MACD, golden cross, and constructive trend, while TSLA gets a smaller weight because its trend is powerful but momentum is extremely stretched and volatility is high. I am underweight or avoiding names with weaker trend structure or mixed signals such as JPM, AVGO, GOOGL, and META, and I keep 15% in cash because several leaders are near upper Bollinger bands with overbought stochastic readings, increasing short-term pullback risk over a 1-week horizon.",11.0,13746.94,12.0,-8284.79,4.0,13421.33,0.0,0.0,8.0,-13325.97,14.0,13648.44,16.0,-14315.01,5.0,7252.73,0.0,0.0,15.0,-26388.26
219,2020-05-04,2020-05-11,neutral,"AAPL, MSFT, GOOGL","JPM, AVGO",15.0,4.93,174589.3,3.15,2190000.0,3712715.18,1522715.18,2649178.48,459178.48,"I favor AAPL and MSFT most because both show strong 4/4 EMA alignment, golden crosses, bullish MACD, solid ADX, and improving OBV, while their volatility is lower than higher-beta alternatives. GOOGL and TSLA also earn meaningful weights on bullish MACD and trend strength, but GOOGL’s mixed longer-term trend and TSLA’s high ATR keep sizing moderate; AMZN, NVDA, META, and LLY get smaller allocations due to bearish or mixed momentum/volume signals, while JPM and AVGO are avoided because of weak trend structure and poor confirmation.",18.0,49319.46,4.0,15221.92,6.0,8191.2,0.0,0.0,12.0,27944.68,18.0,28132.59,8.0,11367.27,12.0,25896.91,0.0,0.0,7.0,8515.27
220,2020-05-11,2020-05-18,bullish,"MSFT, AAPL, NVDA","JPM, META, AVGO",20.0,0.84,31236.53,0.85,2200000.0,3753951.71,1553951.71,2681905.51,481905.51,"The strongest risk-adjusted setups are in AAPL and MSFT, which both show 4/4 EMA alignment, golden crosses, bullish MACD, strong ADX, and supportive OBV trends; NVDA and TSLA also have strong trends, but their overbought/volatility profiles warrant smaller weights. I am avoiding JPM due to -4/4 EMA alignment, no golden cross, weak ADX, and falling OBV, while META and AVGO are skipped because their trend structure is less clean and momentum is stretched; AMZN and LLY receive moderate allocations as secondary longs, and 20% is held in cash because many tech names are near upper Bollinger Bands and short-term overbought levels.",16.0,-94.55,12.0,37926.24,0.0,0.0,0.0,0.0,8.0,859.0,18.0,-6566.67,8.0,2133.82,7.0,-3417.97,0.0,0.0,11.0,396.68
221,2020-05-18,2020-05-26,bullish,"AAPL, NVDA, MSFT","JPM, AVGO",15.0,0.21,8018.04,1.38,2210000.0,3771969.75,1561969.75,2729137.29,519137.29,"The portfolio leans toward large-cap tech because AAPL, NVDA, MSFT, AMZN, and GOOGL all show strong underlying uptrends via 4/4 EMA alignment and generally supportive ADX/price structure, while AAPL and NVDA also have bullish MACD and stronger trend confirmation. I reduced weights where short-term risk is elevated from overbought readings or weakening momentum—especially NVDA, META, TSLA, AMZN, MSFT, and LLY with mixed MACD or stretched stochastic levels—and kept 15% in cash for risk control given several names are near upper Bollinger bands after a sharp rebound. JPM is avoided due to -4/4 EMA alignment, bearish MACD, no golden cross, and weak trend quality, while AVGO is skipped because its trend structure is mixed with 0/4 EMA alignment and bearish MACD despite decent volume/OBV.",16.0,3384.44,14.0,-1957.22,6.0,20137.74,0.0,0.0,5.0,1212.04,14.0,-8077.14,12.0,-819.11,11.0,10817.28,0.0,0.0,7.0,-16679.98
222,2020-05-26,2020-06-02,bullish,"NVDA, AAPL, GOOGL","LLY, JPM, AVGO",15.0,1.82,68862.17,3.01,2220000.0,3850831.92,1630831.92,2821562.85,601562.85,"The strongest 1-week setups are NVDA, AAPL, and GOOGL: all show strong EMA alignment, bullish MACD, solid ADX, and generally supportive volume/OBV or news, which fits the most predictive indicators listed for these names. I am reducing exposure to names with momentum exhaustion or mixed confirmation such as META, AVGO, JPM, TSLA, and MSFT, and avoiding LLY due to bearish MACD, weak trend structure, negative DI dominance, and poor volume/price confirmation; 15% cash is held because many growth names are already near upper Bollinger bands or overbought, which raises short-horizon pullback risk.",16.0,12628.52,18.0,8394.52,6.0,508.18,4.0,4910.01,5.0,14476.77,9.0,6261.23,8.0,6315.09,16.0,8914.82,3.0,6453.03,0.0,0.0
223,2020-06-02,2020-06-09,bullish,"GOOGL, TSLA, AAPL","LLY, JPM, AVGO",15.0,3.87,149358.56,4.13,2230000.0,4010190.49,1780190.49,2948381.44,718381.44,"The portfolio leans bullish but selective: GOOGL and TSLA have the strongest combination of trend strength, positive/near-positive MACD, solid ADX, and supportive volume/OBV, while AAPL and AMZN also show strong trend structure despite short-term overbought or slightly bearish MACD conditions. I reduced exposure to names with weaker confirmation or mixed internals such as JPM, META, AVGO, and especially LLY, where bearish MACD, weak ADX, and lack of momentum make the setup less attractive; 15% cash is held because many growth names are near upper Bollinger bands and overbought levels, increasing short-term pullback risk over a 1-week horizon.",12.0,29588.4,8.0,7870.3,7.0,6909.75,5.0,22654.52,14.0,36242.48,9.0,9189.06,11.0,22064.15,14.0,3661.28,5.0,11178.62,0.0,0.0
224,2020-06-09,2020-06-16,bullish,"TSLA, MSFT, AMZN","LLY, JPM",15.0,0.58,23409.8,-2.44,2240000.0,4043600.28,1803600.28,2886171.49,646171.49,"Most names show strong medium-term uptrends with 4/4 EMA alignment, positive SMA structure, and generally rising OBV, so the overall setup is constructive. I am emphasizing TSLA, MSFT, AMZN, and AVGO because they combine strong trend strength with supportive MACD/ADX, while trimming AAPL and AMZN somewhat due to more extended overbought readings and keeping cash because many tech names are near or above upper Bollinger Bands. I avoid LLY because its MACD is bearish, ADX is weak, EMA alignment is mixed, and OBV is falling; JPM gets only a small weight because its trend signals are conflicted despite strong short-term momentum.",8.0,7563.88,7.0,699.97,8.0,-4069.53,4.0,-12336.25,14.0,24806.57,14.0,11179.54,12.0,2672.87,8.0,-1242.46,10.0,-5864.79,0.0,0.0
225,2020-06-16,2020-06-23,bullish,"MSFT, AAPL, AMZN","JPM, LLY",20.0,2.47,100228.32,0.15,2250000.0,4153828.6,1903828.6,2900458.19,650458.19,"The strongest 1-week setups are MSFT, AAPL, AMZN, and TSLA because they all show 4/4 EMA alignment, golden crosses, and generally favorable trend strength, with bullish MACD for all except none among these leaders; MSFT and AMZN look especially balanced, while AAPL is strong but near overbought extremes. I am keeping meaningful cash because several names are extended near upper Bollinger Bands, and I am underweight or avoiding names with bearish MACD or weaker structure such as JPM, while keeping only smaller positions in NVDA, META, GOOGL, AVGO, and LLY due to mixed momentum/volume or overextension.",12.0,19963.96,6.0,10231.85,7.0,7935.19,0.0,0.0,11.0,8921.26,14.0,24450.84,12.0,27739.58,8.0,3925.55,5.0,2470.29,5.0,-5410.21
226,2020-06-23,2020-06-30,bullish,"MSFT, LLY, AAPL","JPM, META, GOOGL",10.0,0.86,35913.71,-1.18,2260000.0,4199742.31,1939742.31,2876042.01,616042.01,"The portfolio leans toward stocks with the strongest trend confirmation: MSFT, LLY, AAPL, AMZN, and TSLA all have 4/4 EMA alignment, positive or strongly positive MACD profiles, solid ADX, and generally supportive news or sentiment. I trimmed weights where momentum looks stretched near upper Bollinger Bands or overbought readings (AAPL, AMZN, META) and avoided JPM because its trend structure is weakest with negative EMA alignment, no golden cross, bearish MACD, weak ADX, and declining OBV; a 10% cash buffer helps manage short-horizon pullback risk in an otherwise bullish tape.",12.0,-2358.27,9.0,1893.41,6.0,-15645.31,0.0,0.0,10.0,32432.65,16.0,5279.32,12.0,-1010.41,5.0,-6531.68,5.0,2882.49,15.0,18971.53
227,2020-06-30,2020-07-08,neutral,"MSFT, AMZN, LLY","META, JPM",10.0,6.9,290667.56,2.54,2270000.0,4500409.87,2230409.87,2959232.16,689232.16,"I favor stocks with the strongest combination of trend quality and confirmation: MSFT, AMZN, and LLY all have 4/4 EMA alignment, golden crosses, strong ADX, and bullish or improving MACD profiles, which is attractive for a 1-week risk-adjusted horizon. AAPL and TSLA have strong uptrends but show short-term overbought conditions and slightly bearish MACD histograms, so I size them smaller; I avoid META and JPM because both have clearly weaker technical setups with bearish MACD, unfavorable directional indicators, and negative/fragile trend structure, while keeping 10% in cash given mixed market news around rising coronavirus cases.",12.0,22945.91,6.0,19101.26,0.0,0.0,0.0,0.0,8.0,89221.7,18.0,34702.32,18.0,88522.07,4.0,10158.86,6.0,3169.19,18.0,22846.26
228,2020-07-08,2020-07-15,bullish,"MSFT, AMZN, GOOGL","JPM, TSLA, AVGO",15.0,-0.01,-317.97,1.79,2280000.0,4510091.91,2230091.91,3022477.74,742477.74,"The portfolio leans toward stocks with the strongest trend confirmation from the most predictive indicators cited in the data: broad 4/4 EMA alignment, golden crosses, bullish MACD, and solid ADX readings. MSFT, AMZN, GOOGL, AAPL, and LLY combine strong uptrends with better risk-adjusted setups than the most extended names, while TSLA and NVDA are kept smaller due to extreme overbought readings and positions at or above upper Bollinger Bands; JPM is avoided because its trend structure is clearly bearish with -4/4 EMA alignment, negative MACD, and no golden cross. A 15% cash buffer reflects the fact that many growth names are technically overbought after a strong run, increasing short-term pullback risk over a 1-week horizon.",10.0,11270.89,8.0,397.43,8.0,-4888.53,0.0,0.0,5.0,29741.25,14.0,-14211.88,12.0,-12690.18,12.0,4780.25,6.0,-4903.2,10.0,-9814.0
229,2020-07-15,2020-07-22,neutral,"GOOGL, AMZN, AAPL","TSLA, JPM, AVGO",20.0,1.33,59914.55,1.56,2290000.0,4580006.46,2290006.46,3079683.07,789683.07,"The strongest 1-week setups are AMZN, GOOGL, AAPL, NVDA, and MSFT because they show broad bullish trend structure with 4/4 EMA alignment and golden crosses, while AMZN and GOOGL also have bullish MACD and solid ADX support; GOOGL additionally has the most constructive near-term news flow. I am keeping a meaningful cash buffer because several leaders are extended or mixed on momentum/confirmation: AAPL and TSLA are overbought near upper Bollinger Bands, while META, MSFT, AVGO, and LLY have bearish MACD or weaker volume/OBV confirmation. JPM gets only a small weight due to weak longer-term trend structure, no golden cross, and less reliable recent signal quality.",11.0,-2302.15,10.0,9347.51,5.0,-385.63,3.0,-1414.08,4.0,5417.07,10.0,8060.9,14.0,19147.16,16.0,22871.24,2.0,5.76,5.0,-833.22
230,2020-07-22,2020-07-29,neutral,"GOOGL, MSFT, AAPL","AVGO, JPM, META",20.0,-2.0,-91826.6,-0.53,2300000.0,4498179.86,2198179.86,3073235.64,773235.64,"The portfolio leans toward stocks with the strongest trend structure and better confirmation from ADX, MACD, and OBV: GOOGL stands out with bullish MACD, strong ADX, 4/4 EMA alignment, and supportive news; MSFT has strong trend alignment plus above-average volume and rising OBV; AAPL and NVDA retain solid uptrends despite mildly bearish MACD histograms. I am keeping meaningful cash because several major tech names are extended near upper Bollinger Bands with weakening MACD or low volume, while TSLA is especially high-volatility and overbought; JPM, META, LLY, and AVGO have weaker or mixed setups with lower trend quality or confirmation.",12.0,-12641.55,10.0,1176.24,3.0,-3777.33,3.0,1381.31,8.0,-21497.08,14.0,-23336.98,8.0,-7863.06,18.0,-21826.47,0.0,0.0,4.0,-3441.68
231,2020-07-29,2020-08-05,neutral,"GOOGL, AMZN, NVDA","META, MSFT, AVGO",15.0,2.62,117960.02,2.15,2310000.0,4626139.88,2316139.88,3149524.05,839524.05,"The strongest 1-week setups are GOOGL, AMZN, NVDA, and AAPL because they retain strong medium-term trend structure (4/4 EMA alignment and golden crosses for all except not needed beyond trend confirmation), while GOOGL and AMZN also show relatively better ADX/OBV support versus peers. I am keeping meaningful cash because many tech names have bearish MACD histograms, weak volume ratios, and news flow indicating tech stalling/pressure; I avoid META, MSFT, and AVGO due to weaker trend alignment, bearish momentum, and poor volume confirmation, while TSLA gets only a small weight because trend strength is high but volatility is extreme for a 1-week horizon.",12.0,85510.39,14.0,49527.4,0.0,0.0,8.0,-8936.76,6.0,-2542.31,0.0,0.0,16.0,40779.03,18.0,-23659.77,0.0,0.0,11.0,-22717.95
232,2020-08-05,2020-08-12,bullish,"MSFT, AAPL, AVGO","JPM, LLY",20.0,1.01,47028.43,1.6,2320000.0,4683168.31,2363168.31,3210231.19,890231.19,"The portfolio leans toward large-cap tech names with the strongest trend structure: AAPL, MSFT, AVGO, and AMZN all have strong EMA alignment, golden crosses, and generally bullish or supportive MACD/ADX profiles, while META adds exposure with solid trend but slightly weaker volume confirmation. I am moderating position sizes because several leaders are overbought near or above upper Bollinger Bands (especially AAPL, NVDA, AVGO), and keeping 20% in cash for risk control over a short 1-week horizon. I avoid JPM and LLY because their technical setups are notably weaker, with poor EMA alignment, bearish MACD, and weaker trend confirmation; GOOGL gets only a small weight as a possible oversold rebound but its trend and news are less favorable.",14.0,18583.43,7.0,4413.53,8.0,16034.39,0.0,0.0,8.0,17417.9,16.0,-13063.27,11.0,-6808.61,4.0,3529.42,12.0,6921.64,0.0,0.0
233,2020-08-12,2020-08-19,neutral,"META, AAPL, NVDA","LLY, TSLA, GOOGL",10.0,2.42,113395.06,-0.06,2330000.0,4806563.37,2476563.37,3218226.94,888226.94,"The portfolio tilts toward stocks with the strongest trend structure and better risk-adjusted setups: META, AAPL, NVDA, and AVGO all have 4/4 EMA alignment, golden crosses, bullish or improving MACD, and solid ADX readings, though AAPL/NVDA/AVGO are sized below maximum due to overbought momentum and weak OBV. MSFT, AMZN, and GOOGL receive smaller weights because their longer-term trends are positive but short-term momentum is less convincing with bearish MACD or weak ADX, while JPM is a tactical smaller position on strong MACD/ADX and volume despite weaker longer-term trend structure; LLY is avoided due to 0/4 EMA alignment, bearish MACD, and negative directional trend, and 10% is held in cash given the first negative close of August and several names sitting near upper Bollinger bands.",14.0,15683.33,12.0,34373.59,16.0,7801.3,8.0,-16011.68,6.0,58639.56,10.0,2281.43,8.0,11664.06,5.0,5818.05,11.0,-6854.58,0.0,0.0
234,2020-08-19,2020-08-26,bullish,"NVDA, AMZN, GOOGL","JPM, LLY",15.0,6.53,314578.34,3.07,2340000.0,5131141.72,2791141.72,3327209.43,987209.43,"The overall setup is moderately bullish: most tech names show strong EMA alignment, golden crosses, and generally bullish MACD, while broad market news points to record highs. I favor NVDA, AMZN, GOOGL, AAPL, and AVGO because they combine strong trend structure with mostly supportive momentum, while sizing down TSLA and AAPL somewhat due to overbought readings and keeping cash because several leaders are extended near upper Bollinger Bands. I avoid JPM and LLY because their technicals are materially weaker, with poor EMA structure and bearish MACD versus the stronger alternatives.",12.0,54023.65,14.0,35247.65,10.0,75791.35,0.0,0.0,6.0,42250.71,8.0,21039.42,12.0,32151.58,12.0,37239.92,11.0,16834.05,0.0,0.0
235,2020-08-26,2020-09-02,bullish,"MSFT, AMZN, GOOGL","JPM, LLY",8.0,4.86,250078.54,2.91,2350000.0,5391220.25,3041220.25,3434472.9,1084472.9,"The overall setup is bullish because most tech names show 4/4 EMA alignment, bullish MACD, strong ADX, rising OBV, and broadly positive market news tied to repeated NASDAQ/S&P highs. For a 1-week risk-adjusted horizon, I favor MSFT, AMZN, and GOOGL because they combine strong trend confirmation with relatively lower volatility and less extreme momentum than META or TSLA, while keeping some exposure to AAPL, NVDA, AVGO, and TSLA but at moderated weights due to overbought readings and proximity to upper Bollinger Bands. I avoid JPM and LLY because their technicals are materially weaker: JPM has 0/4 EMA alignment, no golden cross, and bearish MACD, while LLY has negative EMA structure, bearish MACD, weak OBV, and stronger downside directional pressure.",12.0,23783.28,10.0,63506.34,6.0,-1431.21,0.0,0.0,8.0,15984.3,18.0,43937.45,14.0,18737.14,14.0,32071.57,10.0,53489.67,0.0,0.0
236,2020-09-02,2020-09-10,bullish,"MSFT, NVDA, GOOGL","LLY, JPM",15.0,-9.96,-537757.68,-6.66,2360000.0,4863462.57,2503462.57,3215195.35,855195.35,"The overall setup is bullish, with most tech names showing 4/4 EMA alignment, bullish MACD, strong ADX, and golden crosses, supported by generally positive market-news flow. For a 1-week horizon, I favor MSFT, NVDA, AMZN, and GOOGL because they combine strong trend strength with better volume/OBV confirmation, while I trim positions in names showing more stretched momentum or weaker confirmation such as AVGO, META, AAPL, and especially TSLA. I keep a meaningful cash buffer because many leaders are overbought and trading near or above upper Bollinger Bands, which raises short-term pullback risk despite the strong trend backdrop.",11.0,-80981.35,12.0,-91926.08,8.0,-49152.03,3.0,-2901.2,9.0,-82613.8,13.0,-79657.84,12.0,-65401.05,12.0,-72212.11,5.0,-12912.23,0.0,0.0
237,2020-09-10,2020-09-17,neutral,"AVGO, JPM, GOOGL","TSLA, META",10.0,0.59,28678.77,0.58,2370000.0,4902141.34,2532141.34,3244030.07,874030.07,"Most tech names show short-term damage after the selloff: bearish MACD, prices below EMA25/SMA20, and weak or mixed OBV, even though several are oversold and could bounce. AVGO stands out with the strongest technical profile by far (4/4 EMA alignment, bullish MACD histogram, very strong ADX, price above key averages, and rising OBV), while JPM and LLY add diversification with lower volatility; LLY is weak on trend but extremely oversold near the lower Bollinger Band, supporting a smaller contrarian allocation. Given broad tech weakness but evidence of a rebound day, I prefer a cautious, selective posture with meaningful cash and underweighting the higher-volatility names.",8.0,-10821.37,6.0,3604.11,3.0,-7236.81,12.0,-7439.8,3.0,20508.85,5.0,-2918.77,6.0,-15322.56,7.0,-8720.59,30.0,36194.73,10.0,20830.96
238,2020-09-17,2020-09-24,neutral,"AVGO, NVDA, TSLA","META, JPM, AMZN",30.0,-2.21,-108774.24,-3.29,2380000.0,4803367.1,2423367.1,3147013.26,767013.26,"The setup is mixed to cautious: many mega-cap tech names show bearish MACD, weak EMA alignment, negative OBV trends, and prices near lower Bollinger Bands, while market-related news also points to choppy conditions. I am concentrating on the relatively stronger technical profiles—AVGO with 4/4 EMA alignment, bullish MACD, strong ADX and rising OBV; NVDA and TSLA with strong longer-term trend structure and supportive volume/OBV; and a smaller LLY position for lower-volatility diversification despite overbought short-term momentum. Elevated cash reflects weak breadth across the rest of the universe and the short 1-week horizon.",4.0,-3775.14,16.0,-7283.28,0.0,0.0,0.0,0.0,12.0,-49614.41,4.0,271.08,0.0,0.0,4.0,-8480.19,24.0,-32817.39,6.0,-7074.91
239,2020-09-24,2020-10-01,bearish,"AVGO, NVDA, LLY","JPM, GOOGL, META",30.0,3.08,148175.94,4.19,2390000.0,4961543.03,2571543.03,3289148.67,899148.67,"The overall setup is defensive: most mega-cap tech names show bearish MACD, weak EMA alignment, and strong negative ADX/-DI trends, while news flow around the market points to continued September tech pressure. AVGO stands out with the strongest trend structure (4/4 EMA alignment, price above key EMAs, golden cross) and moderate volatility, NVDA has relatively balanced momentum with supportive news and weaker downside trend strength, and LLY offers lower-volatility diversification with a bullish MACD histogram; MSFT is kept as a smaller quality allocation despite short-term technical softness. Large cash is appropriate given broad market weakness and limited high-conviction bullish setups.",0.0,0.0,18.0,88864.68,0.0,0.0,0.0,0.0,0.0,0.0,12.0,26351.73,0.0,0.0,0.0,0.0,25.0,54889.85,15.0,-21930.32
240,2020-10-01,2020-10-08,neutral,"NVDA, MSFT, AAPL","JPM, GOOGL, LLY",15.0,-0.48,-23674.85,2.0,2400000.0,4947868.18,2547868.18,3365123.5,965123.5,"The portfolio tilts toward names with the strongest trend structure: AAPL, NVDA, MSFT, AMZN, META, and AVGO all have positive EMA alignment, golden crosses, improving or bullish MACD context, and generally supportive OBV trends. I reduced exposure where short-term momentum looks stretched near upper Bollinger Bands or overbought stochastics, and kept a meaningful cash buffer because many tech names are crowded and correlated despite broadly constructive signals. JPM, GOOGL, and LLY are avoided due to weaker or bearish technical setups, with JPM and LLY also facing negative news or deteriorating momentum.",14.0,-10846.27,16.0,13102.31,10.0,-5351.36,0.0,0.0,6.0,-14802.83,14.0,-6158.78,14.0,-6635.53,0.0,0.0,11.0,7017.61,0.0,0.0
241,2020-10-08,2020-10-15,neutral,"NVDA, LLY, AAPL","TSLA, GOOGL, META",10.0,1.79,88533.1,1.08,2410000.0,5046401.28,2636401.28,3411645.5,1001645.5,"The portfolio leans toward names with the strongest combination of bullish trend structure and supportive confirmation: NVDA, AAPL, MSFT, and LLY all show favorable MACD setups, generally strong EMA/SMA trends, and mostly constructive news or volume context. I reduced exposure where signals are mixed or extended near upper Bollinger bands with weaker confirmation—especially TSLA, META, GOOGL, and JPM—and kept 10% in cash because several stocks show overbought short-term momentum, low volume ratios, and modest/weak ADX despite the broader stimulus-driven positive tone.",12.0,29703.17,18.0,8463.72,5.0,2781.97,6.0,-175.36,4.0,10690.52,12.0,25653.42,8.0,18410.87,5.0,12038.53,8.0,7011.97,12.0,-26045.71
242,2020-10-15,2020-10-22,neutral,"MSFT, GOOGL, AAPL","LLY, JPM",8.0,-1.84,-93223.03,-0.83,2420000.0,4963178.25,2543178.25,3393189.16,973189.16,"Most names show bullish technical setups with 4/4 EMA alignment, positive MACD, and generally rising OBV, especially MSFT, GOOGL, AAPL, AMZN, and NVDA. I favor the strongest trend-quality names with solid ADX and less problematic momentum, while keeping some cash because several stocks are trading near upper Bollinger ranges on below-average volume and the news flow points to a cautious market backdrop. LLY is avoided due to negative EMA alignment, weak momentum, and down OBV, while JPM gets only a small weight because of mixed trend structure, overbought stochastic, and weak learned prediction history.",14.0,-29087.54,11.0,-24246.78,5.0,10805.88,3.0,1729.85,8.0,-20807.76,16.0,-17568.44,12.0,-29487.36,14.0,23296.57,9.0,-7857.44,0.0,0.0
243,2020-10-22,2020-10-29,neutral,"GOOGL, META, MSFT","LLY, AMZN, AAPL",20.0,-2.26,-112248.32,-4.25,2430000.0,4860929.93,2430929.93,3258711.4,828711.4,"The portfolio leans toward names with the strongest technical setups: GOOGL, META, MSFT, and AVGO all show strong medium-term trend structure with bullish or near-bullish confirmation from EMA/SMA alignment, while GOOGL and META also have strong MACD and OBV support. Exposure is reduced in AAPL, NVDA, AMZN, and TSLA because several of them have bearish MACD, weaker EMA alignment, low volume confirmation, or mixed momentum, and LLY is avoided due to clearly bearish trend, negative MACD, and strong downside ADX; elevated cash reflects mixed market news and several mega-cap charts showing weakening short-term momentum.",5.0,-923.76,4.0,-5017.47,14.0,6784.22,8.0,-22081.4,6.0,-10483.86,13.0,-30597.19,3.0,1625.63,16.0,-24653.86,11.0,-26900.63,0.0,0.0
244,2020-10-29,2020-11-05,bearish,"GOOGL, META, AAPL","LLY, JPM, MSFT",40.0,4.46,217300.6,6.14,2440000.0,5088230.52,2648230.52,3469402.64,1029402.64,"The overall setup is defensive: broad market news is negative and many names show bearish MACD, weak DI trends, and prices near lower Bollinger ranges. I am concentrating limited exposure in the relatively stronger technical profiles—GOOGL and META have the best trend structure with 4/4 EMA alignment and bullish MACD, while AAPL and AMZN retain longer-term support with improving OBV; TSLA gets only a small tactical weight due to oversold momentum but weak trend confirmation. High cash reflects elevated uncertainty and poor short-term risk/reward across most of the universe.",8.0,12536.31,0.0,0.0,18.0,43240.29,0.0,0.0,6.0,19392.2,0.0,0.0,8.0,13469.27,20.0,128662.53,0.0,0.0,0.0,0.0
245,2020-11-05,2020-11-12,bullish,"MSFT, NVDA, GOOGL","LLY, TSLA, AVGO",15.0,-2.34,-119386.3,0.85,2450000.0,4978844.22,2528844.22,3508906.7,1058906.7,"The overall setup is moderately bullish: most tech names show 4/4 EMA alignment, positive SMA structure, rising OBV, and generally supportive market/news tone, so the portfolio leans into large-cap growth while keeping some cash due to widespread overbought momentum readings. MSFT, NVDA, and GOOGL get the largest weights because they combine strong trend quality with bullish MACD and solid ADX, while AAPL and AMZN remain constructive but have weaker MACD confirmation; LLY is avoided due to negative EMA alignment and lack of supportive news, and TSLA/AVGO are kept small because bearish MACD tempers otherwise positive trends.",10.0,1651.95,14.0,-35448.08,8.0,-27127.74,6.0,26441.52,3.0,-9192.39,16.0,-28677.5,10.0,-32492.39,13.0,-7400.43,5.0,-7141.24,0.0,0.0
246,2020-11-12,2020-11-19,neutral,"GOOGL, JPM, AAPL","TSLA, AMZN, LLY",20.0,0.78,38788.05,1.29,2460000.0,5027632.27,2567632.27,3564435.54,1104435.54,"I favor stocks with the strongest combination of bullish trend structure and confirmation from MACD/ADX: GOOGL, JPM, AAPL, MSFT, and AVGO all have 4/4 EMA alignment and golden crosses, with especially strong ADX and bullish MACD in GOOGL and JPM. I avoid names with weaker short-term setups or conflicting signals such as TSLA and AMZN (2/4 EMA alignment with bearish MACD), META and NVDA (bearish MACD with weak/negative directional bias), and LLY (negative EMA alignment and no golden cross). Given several names are near upper Bollinger ranges and many show weak OBV/volume confirmation, I keep a meaningful cash buffer for risk control over the 1-week horizon.",14.0,-3339.58,0.0,0.0,0.0,0.0,18.0,17346.8,0.0,0.0,14.0,-7987.63,0.0,0.0,22.0,9918.5,12.0,22849.96,0.0,0.0
247,2020-11-19,2020-11-27,neutral,"AVGO, GOOGL, AAPL","META, MSFT, AMZN",20.0,2.49,125651.6,1.65,2470000.0,5163283.87,2693283.87,3633280.53,1163280.53,"I favor stocks with the strongest combination of trend strength and confirmation: AVGO, GOOGL, AAPL, and JPM all have strong EMA/SMA structure, golden crosses, and generally supportive ADX/OBV profiles, while AAPL and AVGO also show bullish MACD. NVDA and TSLA have positive catalysts and strong longer-term trend alignment, but I size them smaller because NVDA has bearish MACD and DI weakness, while TSLA looks extended above its upper Bollinger Band with overbought momentum. I avoid META, MSFT, and AMZN because their MACD signals are bearish, trend alignment is weaker, and volume/sentiment support is not strong enough; I keep 20% cash to manage one-week horizon risk and sector concentration.",14.0,-12186.55,8.0,-5367.4,0.0,0.0,12.0,29608.51,8.0,69814.66,0.0,0.0,0.0,0.0,16.0,13039.71,17.0,23664.49,5.0,7078.18
248,2020-11-27,2020-12-04,bullish,"JPM, GOOGL, AVGO","LLY, NVDA",8.0,1.71,88463.55,1.7,2480000.0,5261747.42,2781747.42,3705193.1,1225193.1,"The setup is moderately bullish overall: most names have positive long-term trend structure with widespread 4/4 EMA alignment and golden crosses, while news flow is generally supportive or neutral. I am overweight JPM, GOOGL, and AVGO because they combine strong trend strength and/or bullish MACD with solid ADX readings; I keep smaller positions in AAPL, MSFT, META, and NVDA due to bearish MACD or weaker confirmation, avoid LLY because of negative EMA alignment, no golden cross, and falling OBV, and hold some cash because several leaders are extended with low volume and overbought conditions, especially TSLA and parts of financials/semis.",8.0,20091.53,3.0,3522.69,5.0,1759.8,18.0,8603.57,8.0,9382.85,8.0,-1672.82,10.0,-5303.87,16.0,17017.62,16.0,35062.2,0.0,0.0
249,2020-12-04,2020-12-11,neutral,"AAPL, GOOGL, AVGO","LLY, AMZN, TSLA",12.0,-1.25,-65887.91,-0.96,2490000.0,5205859.51,2715859.51,3679531.73,1189531.73,"The strongest risk-adjusted setups are AAPL, GOOGL, AVGO, and MSFT: all have bullish MACD and strong trend structure, while AAPL/GOOGL/AVGO also show solid EMA alignment and stronger ADX support. I reduced exposure to names with weaker confirmation or elevated reversal risk—TSLA, AVGO, JPM, and GOOGL are near overbought levels, AMZN has weak trend confirmation with 2/4 EMA alignment and negative DI leadership, NVDA has weak ADX and declining OBV, and LLY has negative EMA alignment plus no golden cross. A modest cash buffer is appropriate because many leaders are extended near upper Bollinger Bands and volume is generally below average.",16.0,1103.9,6.0,-12714.47,8.0,-9273.19,9.0,-10781.31,4.0,3854.55,12.0,-3246.4,5.0,-3847.23,15.0,-21228.58,13.0,-9755.19,0.0,0.0
250,2020-12-11,2020-12-18,neutral,"AVGO, AAPL, TSLA","NVDA, AMZN, LLY",20.0,3.85,201036.35,1.22,2500000.0,5416895.85,2916895.85,3734391.75,1234391.75,"I favor stocks with the strongest trend structure and acceptable momentum: AAPL, AVGO, TSLA, JPM, and GOOGL all have strong longer-term trend signals such as 4/4 EMA alignment or strong price positioning above key averages, with AAPL, TSLA, and AVGO also showing bullish MACD. I avoid names with weaker near-term technicals like NVDA, META, MSFT, and AMZN due to bearish MACD, weak EMA alignment, and declining OBV, and I avoid LLY despite very strong trend/ADX because multiple momentum indicators are overbought and price is above the upper Bollinger Band; 20% cash reflects mixed broad market tone and widespread OBV weakness.",18.0,32596.55,0.0,0.0,0.0,0.0,14.0,-2931.68,16.0,116303.62,0.0,0.0,0.0,0.0,14.0,-19987.59,18.0,75055.46,0.0,0.0
251,2020-12-18,2020-12-28,neutral,"AAPL, MSFT, LLY","NVDA, META, GOOGL",15.0,1.9,103369.29,0.81,2510000.0,5530265.14,3020265.14,3774718.53,1264718.53,"I favor stocks with the strongest trend confirmation from the most predictive indicators: AAPL, MSFT, AMZN, AVGO, and LLY all have strong EMA/SMA structures, golden crosses or near-equivalent trend support, and positive or strong MACD profiles. I reduce exposure where momentum is stretched or signals conflict—TSLA, AVGO, and LLY are overbought, while NVDA, META, and GOOGL show weak/negative trend momentum or bearish MACD—so I keep a meaningful cash buffer and only a small tactical weight in JPM due to strong longer-term trend but short-term mixed momentum.",18.0,77354.42,0.0,0.0,0.0,0.0,8.0,22823.22,6.0,-14669.03,16.0,25303.54,12.0,16742.13,0.0,0.0,12.0,-4016.14,13.0,-20168.85
252,2020-12-28,2020-12-31,bullish,"MSFT, AMZN, AVGO",NVDA,10.0,-0.11,-6367.09,0.46,2520000.0,5533898.06,3013898.06,3802107.65,1282107.65,"The strongest 1-week setups are MSFT, AMZN, AVGO, and AAPL because they combine 4/4 EMA alignment, golden crosses, generally bullish or improving MACD profiles, solid ADX/trend structure, and mostly supportive volume/OBV. I am trimming position sizes where momentum looks stretched near or above upper Bollinger Bands or overbought oscillators (AAPL, MSFT, JPM, AMZN, AVGO) and avoiding NVDA because its MACD, ADX directional bias, price vs short EMAs, and OBV are all weak despite oversold readings. A modest cash buffer is appropriate because many leaders are extended after strong runs, so risk-adjusted upside over just 5 trading days is positive but not uniformly attractive.",12.0,-19455.31,0.0,0.0,8.0,-6144.28,10.0,7646.88,6.0,21026.11,16.0,-10008.75,14.0,-6384.21,8.0,-5326.68,14.0,10721.87,2.0,1557.29
